{"type": "FeatureCollection", "features": [{"type": "Feature", "properties": {"height": 0.01, "depth": 0.01, "timestep": "1130", "timestep_label": "11:30"}, "geometry": {"type": "Polygon", "coordinates": [[[110.30696036866458, 1.503777296744914], [110.307009795484, 1.5037772983714215], [110.30700979665906, 1.5037411219614063], [110.30691318969504, 1.503741118782283], [110.30691318962155, 1.503743379807873], [110.30691543629511, 1.5037433798818451], [110.30691543622162, 1.503745640907443], [110.3069176828952, 1.5037456409814083], [110.30691768274822, 1.5037501630326062], [110.30691992942178, 1.5037501631065657], [110.30691992934831, 1.5037524241321625], [110.30692217602187, 1.5037524242061342], [110.30692217594839, 1.5037546852317296], [110.30692442262195, 1.5037546853056816], [110.30692442254846, 1.5037569463312856], [110.30692666922204, 1.5037569464052452], [110.30692666907507, 1.5037614684564435], [110.30692891574864, 1.503761468530403], [110.30692891567516, 1.5037637295559856], [110.30693116234875, 1.5037637296299575], [110.30693116227526, 1.503765990655558], [110.30693340894885, 1.5037659907295176], [110.30693340887537, 1.5037682517551163], [110.30693565554895, 1.5037682518290687], [110.30693565547547, 1.5037705128546506], [110.30693790214906, 1.5037705129286323], [110.30693790200209, 1.5037750349798007], [110.30696036873805, 1.503775035719327], [110.30696036866458, 1.503777296744914]]]}}, {"type": "Feature", "properties": {"height": 0.01, "depth": 0.01, "timestep": "1130", "timestep_label": "11:30"}, "geometry": {"type": "Polygon", "coordinates": [[[110.30716930696511, 1.503849656437236], [110.30718952702857, 1.5038496571018298], [110.30718952849577, 1.5038044365887289], [110.30718503514836, 1.5038044364410794], [110.30718503529509, 1.503799914389753], [110.3071827886214, 1.5037999143159186], [110.3071827887681, 1.5037953922645886], [110.30718054209443, 1.5037953921907545], [110.30718054216777, 1.5037931311650978], [110.30716706212567, 1.5037931307221373], [110.30716706219903, 1.5037908696964772], [110.30714684213595, 1.503790869031921], [110.30714684220932, 1.5037886080062737], [110.3071401021883, 1.5037886077847396], [110.30714010211493, 1.5037908688104018], [110.30713785544125, 1.5037908687365429], [110.30713785536788, 1.5037931297622085], [110.30713560869421, 1.5037931296883609], [110.30713560862084, 1.503795390714012], [110.30713111527349, 1.503795390566302], [110.3071311152001, 1.503797651591952], [110.30711988183177, 1.5037976512226618], [110.30711988190515, 1.5037953901970287], [110.30711763523148, 1.5037953901231558], [110.30711763471774, 1.5038112173026632], [110.3071198813914, 1.5038112173765226], [110.30711988146479, 1.5038089563508854], [110.30712212813849, 1.503808956424745], [110.30712212821187, 1.5038066953990896], [110.30712662155922, 1.5038066955468163], [110.30712662148584, 1.503808956572458], [110.3071288681595, 1.503808956646318], [110.30712886823288, 1.5038066956206757], [110.30713111490657, 1.5038066956945455], [110.30713111497995, 1.503804434668879], [110.30713336165363, 1.5038044347427382], [110.30713336172701, 1.503802173717113], [110.30714010174805, 1.5038021739386669], [110.30714010182142, 1.5037999129130135], [110.30714459516878, 1.5037999130607014], [110.30714459524215, 1.503797652035066], [110.30715358193686, 1.5037976523304315], [110.30715358164338, 1.5038066964330508], [110.30716930835919, 1.5038066969499257], [110.30716930828582, 1.5038089579755702], [110.3071738016332, 1.5038089581232545], [110.30717380155983, 1.5038112191489275], [110.30717604823352, 1.5038112192227422], [110.30717604816017, 1.5038134802483978], [110.30717829483386, 1.5038134803222254], [110.30717829461376, 1.5038202633992044], [110.30717604794008, 1.50382026332537], [110.30717604779335, 1.5038247853766769], [110.30717380111965, 1.503824785302833], [110.3071738009729, 1.5038293073541271], [110.3071715542992, 1.5038293072802926], [110.30717155415245, 1.5038338293315838], [110.30716706080504, 1.5038338291838906], [110.30716706087841, 1.5038315681582617], [110.3071580741836, 1.5038315678628706], [110.30715807411022, 1.5038338288884994], [110.30716032078392, 1.5038338289623558], [110.3071603205638, 1.5038406120392724], [110.3071625672375, 1.503840612113126], [110.30716256716411, 1.5038428731387614], [110.30716481383783, 1.5038428732126212], [110.30716481376444, 1.5038451342382653], [110.30716706043816, 1.503845134312112], [110.30716706036476, 1.5038473953377385], [110.30716930703848, 1.5038473954115987], [110.30716930696511, 1.503849656437236]]]}}, {"type": "Feature", "properties": {"height": 0.01, "depth": 0.01, "timestep": "1130", "timestep_label": "11:30"}, "geometry": {"type": "Polygon", "coordinates": [[[110.30722322874796, 1.5037999156445607], [110.30722547542166, 1.5037999157183601], [110.30722547549497, 1.5037976546926894], [110.30722322882129, 1.503797654618881], [110.30722322874796, 1.5037999156445607]]]}}, {"type": "Feature", "properties": {"height": 0.01, "depth": 0.01, "timestep": "1130", "timestep_label": "11:30"}, "geometry": {"type": "Polygon", "coordinates": [[[110.30718952878918, 1.5037953924860439], [110.30719402213656, 1.5037953926336902], [110.30719402220991, 1.5037931316080138], [110.30719851555729, 1.5037931317556472], [110.30719851563063, 1.503790870729978], [110.30720300897801, 1.5037908708775989], [110.30720300905135, 1.5037886098519162], [110.30720750239874, 1.5037886099995366], [110.30720750247208, 1.503786348973852], [110.30721199581946, 1.5037863491214607], [110.30721199589279, 1.5037840880957813], [110.30721648924016, 1.5037840882433888], [110.3072164893135, 1.5037818272176922], [110.3072209826609, 1.5037818273652805], [110.30722098273422, 1.5037795663396145], [110.3072254760816, 1.503779566487203], [110.30722547652154, 1.50376600033304], [110.30722322984784, 1.5037660002592506], [110.30722322977452, 1.5037682612849481], [110.30721873642715, 1.5037682611373526], [110.30721873635383, 1.5037705221630426], [110.30721424300644, 1.5037705220154605], [110.30721424293313, 1.5037727830411485], [110.30720974958575, 1.5037727828935537], [110.30720974951242, 1.5037750439192372], [110.30720525616505, 1.5037750437716293], [110.30720525609172, 1.503777304797324], [110.30720300941805, 1.5037773047235115], [110.3072030093447, 1.5037795657492026], [110.30719851599734, 1.503779565601595], [110.307198515924, 1.5037818266272671], [110.30719402257662, 1.5037818264796334], [110.30719402250328, 1.503784087505318], [110.3071917758296, 1.5037840874315094], [110.30719177560955, 1.5037908705085234], [110.30718952893588, 1.5037908704347147], [110.30718952878918, 1.5037953924860439]]]}}, {"type": "Feature", "properties": {"height": 0.01, "depth": 0.01, "timestep": "1130", "timestep_label": "11:30"}, "geometry": {"type": "Polygon", "coordinates": [[[110.30703900202082, 1.5037840824091175], [110.30704574204172, 1.5037840826308282], [110.30704574226199, 1.5037772995539376], [110.30716481596552, 1.50377730346863], [110.30716481611223, 1.5037727814172894], [110.3071670627859, 1.5037727814911113], [110.30716706300596, 1.5037659984140934], [110.30716930967964, 1.5037659984879146], [110.30716930989968, 1.5037592154108763], [110.30717155657334, 1.5037592154846882], [110.3071715571601, 1.5037411272792003], [110.30700979665906, 1.5037411219614063], [110.30700979541056, 1.5037795593970351], [110.30701204208417, 1.5037795594709586], [110.30701204201073, 1.5037818204965805], [110.30703900209426, 1.503781821383488], [110.30703900202082, 1.5037840824091175]]]}}, {"type": "Feature", "properties": {"height": 0.01, "depth": 0.01, "timestep": "1130", "timestep_label": "11:30"}, "geometry": {"type": "Polygon", "coordinates": [[[110.3073917300102, 1.5037773109185981], [110.30739397668395, 1.5037773109922945], [110.30739397675718, 1.5037750499665525], [110.30740296345218, 1.503775050261311], [110.30740296352538, 1.5037727892355477], [110.30740521019914, 1.5037727893092507], [110.30740521012592, 1.5037750503349976], [110.30740970347343, 1.5037750504823693], [110.30740970354664, 1.503772789456609], [110.3074209369154, 1.5037727898250293], [110.3074209368422, 1.5037750508507763], [110.30742318351595, 1.5037750509244598], [110.30742318358917, 1.5037727898986912], [110.30742992361043, 1.5037727901197204], [110.30742992346403, 1.5037773121712477], [110.30744789685413, 1.5037773127606016], [110.30744789707371, 1.5037705296832873], [110.30745239042125, 1.50377052983061], [110.30745239049443, 1.503768268804854], [110.30745913051572, 1.5037682690258232], [110.30745913058892, 1.5037660080000428], [110.30746137726268, 1.5037660080736912], [110.30746137733585, 1.503763747047926], [110.30746587068339, 1.5037637471952106], [110.30746587075657, 1.5037614861694337], [110.30746811743033, 1.503761486243086], [110.30746811750352, 1.5037592252172922], [110.30747036417728, 1.5037592252909409], [110.30747036425045, 1.5037569642651643], [110.30747261092422, 1.5037569643388033], [110.30747261099741, 1.5037547033130252], [110.30747710434493, 1.5037547034603107], [110.30747710478393, 1.5037411373055574], [110.30734455103362, 1.5037411329588537], [110.30734455030117, 1.5037637432162847], [110.3073467969749, 1.5037637432899942], [110.30734679690164, 1.5037660043157437], [110.30734904357537, 1.5037660043894527], [110.30734904350213, 1.5037682654151892], [110.30735129017586, 1.5037682654889106], [110.3073512901026, 1.5037705265146326], [110.30736027679752, 1.5037705268095125], [110.3073602767243, 1.503772787835248], [110.30736252339803, 1.5037727879089517], [110.30736252332477, 1.5037750489347081], [110.30736476999853, 1.5037750490084114], [110.30736477007177, 1.5037727879826737], [110.30738274346167, 1.5037727885723156], [110.30738274338844, 1.503775049598059], [110.30739173008342, 1.503775049892843], [110.3073917300102, 1.5037773109185981]], [[110.30738049737377, 1.5037547002926108], [110.30738499072123, 1.503754700439995], [110.30738499064802, 1.5037569614657507], [110.30737600395307, 1.5037569611709565], [110.30737600387985, 1.5037592221967144], [110.30737375720611, 1.5037592221230176], [110.30737375713288, 1.5037614831487738], [110.30736926378542, 1.5037614830013515], [110.30736926393189, 1.503756960949857], [110.30736701725816, 1.5037569608761505], [110.30736701740463, 1.5037524388246537], [110.30738049744699, 1.5037524392668533], [110.30738049737377, 1.5037547002926108]], [[110.30741644422677, 1.5037524404457974], [110.30741869090052, 1.503752440519472], [110.30741869075412, 1.5037569625710074], [110.30741419740662, 1.5037569624236677], [110.30741419747983, 1.5037547013978902], [110.30740970413233, 1.5037547012505448], [110.30740970405913, 1.5037569622763003], [110.30740296403789, 1.5037569620552547], [110.30740296396468, 1.5037592230810153], [110.30740071729095, 1.503759223007328], [110.3074007175106, 1.5037524399300546], [110.30739847083686, 1.5037524398563604], [110.30739847091007, 1.5037501788305991], [110.30741644429999, 1.503750179420027], [110.30741644422677, 1.5037524404457974]]]}}, {"type": "Feature", "properties": {"height": 0.01, "depth": 0.01, "timestep": "1130", "timestep_label": "11:30"}, "geometry": {"type": "Polygon", "coordinates": [[[110.3075602312747, 1.5037547061840701], [110.3075647246223, 1.5037547063312526], [110.30756472476853, 1.5037501842796122], [110.30756697144233, 1.5037501843531913], [110.30756697151546, 1.5037479233273745], [110.30756921818923, 1.5037479234009625], [110.30756921826234, 1.5037456623751468], [110.30757371160993, 1.5037456625223062], [110.30757371168305, 1.5037434014964735], [110.30757595835685, 1.5037434015700488], [110.30757595842994, 1.5037411405442238], [110.30754899834452, 1.503741139661198], [110.30754899819827, 1.5037456617128404], [110.30755124487204, 1.503745661786432], [110.30755124479893, 1.5037479228122572], [110.30755573814652, 1.5037479229594304], [110.30755573807338, 1.5037501839852567], [110.30755798474718, 1.5037501840588419], [110.30755798467405, 1.503752445084655], [110.30756023134784, 1.5037524451582525], [110.3075602312747, 1.5037547061840701]]]}}, {"type": "Feature", "properties": {"height": 0.01, "depth": 0.01, "timestep": "1130", "timestep_label": "11:30"}, "geometry": {"type": "Polygon", "coordinates": [[[110.30691094302148, 1.5037411187083234], [110.30700979665906, 1.5037411219614063], [110.30700980010965, 1.5036348537553825], [110.30700755343611, 1.5036348536815098], [110.30700755666498, 1.5035353685503479], [110.30700980333846, 1.503535368624186], [110.30700980612579, 1.5034494496455872], [110.30700755945237, 1.503449449571778], [110.30700755952572, 1.5034471885460012], [110.30700306617885, 1.5034471883983855], [110.3070030662522, 1.5034449273726234], [110.30700081957878, 1.5034449272988104], [110.30700081987212, 1.5034358831957126], [110.3069985731987, 1.5034358831219028], [110.30699857334537, 1.5034313610703498], [110.30699632667195, 1.5034313609965309], [110.30699632681865, 1.5034268389449845], [110.30699408014523, 1.5034268388711844], [110.30699408065857, 1.5034110116906998], [110.30699632733197, 1.503411011764503], [110.30699632755197, 1.5034042286871339], [110.30699408087855, 1.5034042286133342], [110.30699408109855, 1.503397445535959], [110.30699183442516, 1.5033974454621462], [110.3069918345718, 1.503392923410581], [110.30698958789841, 1.503392923336781], [110.30698958797176, 1.5033906623109827], [110.30698734129835, 1.5033906622371829], [110.30698734144502, 1.5033861401855988], [110.30698509477163, 1.5033861401117956], [110.30698509484496, 1.5033838790860063], [110.30698284817157, 1.5033838790122063], [110.30698284831823, 1.5033793569606164], [110.3069738616247, 1.5033793566654094], [110.30697386221135, 1.503361268459017], [110.30697161553799, 1.5033612683852169], [110.30697161561132, 1.5033590073594174], [110.30696936893794, 1.5033590072856173], [110.3069693690846, 1.5033544852340142], [110.30696262906451, 1.5033544850126108], [110.30696262913784, 1.5033522239867936], [110.30696038246448, 1.5033522239130028], [110.30696038261115, 1.5033477018614005], [110.30695813593779, 1.503347701787591], [110.30695813623112, 1.5033386576843775], [110.30695588955777, 1.503338657610564], [110.30695588985108, 1.5033296135073368], [110.30695364317775, 1.5033296134335365], [110.30695364325106, 1.503327352407726], [110.30695588992441, 1.503327352481526], [110.30695588999772, 1.503325091455711], [110.30695364332438, 1.503325091381923], [110.3069536433977, 1.5033228303561128], [110.30695589007105, 1.5033228304299], [110.30695589014438, 1.5033205694040825], [110.30696038349106, 1.50332056955167], [110.30696038356439, 1.5033183085258528], [110.30696263023773, 1.5033183085996404], [110.3069626301644, 1.5033205696254541], [110.30696712351109, 1.5033205697730425], [110.30696712343776, 1.5033228307988629], [110.30697386345783, 1.5033228310202063], [110.30697386338448, 1.5033250920460268], [110.3069783567312, 1.503325092193611], [110.30697835695112, 1.50331830911614], [110.30698060362447, 1.5033183091899147], [110.30698060369778, 1.5033160481640844], [110.30697835702445, 1.5033160480903098], [110.30697835717106, 1.5033115260386527], [110.30698734386442, 1.5033115263337644], [110.30698734401103, 1.503307004282099], [110.30698959068438, 1.5033070043558605], [110.30698959097758, 1.5032979602525058], [110.30699183765091, 1.5032979603262806], [110.30699183794408, 1.5032889162229144], [110.3070053179841, 1.503288916665467], [110.30700531791082, 1.5032911776913154], [110.3070098112575, 1.5032911778388294], [110.30700981191701, 1.503270828606152], [110.30698959185708, 1.5032708279423743], [110.3069895917838, 1.5032730889682313], [110.30698734511047, 1.5032730888944759], [110.30698734503717, 1.503275349920319], [110.30698509836385, 1.503275349846557], [110.30698509829055, 1.5032776108724049], [110.30697386492395, 1.5032776105035752], [110.30697386485065, 1.5032798715294222], [110.30696038481072, 1.5032798710867832], [110.30696038473742, 1.503282132112612], [110.30693791800427, 1.5032821313747693], [110.30693791793094, 1.5032843924005928], [110.30691769787117, 1.5032843917364027], [110.30691769794447, 1.503282130710591], [110.3069154512712, 1.5032821306367783], [110.30691545134452, 1.5032798696109646], [110.30691095799791, 1.503279869463361], [110.30691095807126, 1.5032776084375337], [110.30690871139794, 1.5032776083637205], [110.3069087114713, 1.5032753473378977], [110.30690646479798, 1.503275347264094], [110.30690646487132, 1.5032730862382793], [110.30690421819803, 1.5032730861644663], [110.3069042183447, 1.503268564112827], [110.30690197167142, 1.5032685640390262], [110.30690197181808, 1.5032640419873802], [110.3068997251448, 1.5032640419135672], [110.30689972529147, 1.5032595198619125], [110.3068974786182, 1.5032595197881091], [110.3068974788382, 1.503252736710637], [110.30689523216492, 1.5032527366368267], [110.30689523231159, 1.50324821458517], [110.30689298563831, 1.5032482145113566], [110.30689298571166, 1.5032459534855305], [110.30689073903837, 1.5032459534117206], [110.30689073940503, 1.5032346482825656], [110.30683007922707, 1.503234646289419], [110.30683007841998, 1.5032595175733166], [110.3068278317467, 1.503259517499465], [110.30682783115968, 1.503277605705826], [110.3068255844864, 1.5032776056319839], [110.30682558389931, 1.503295693838282], [110.30682333722602, 1.5032956937644308], [110.30682333663886, 1.50331378197065], [110.30682108996557, 1.5033137818967826], [110.30682108937836, 1.503331870102935], [110.30681884270504, 1.5033318700290614], [110.30681884211778, 1.5033499582351475], [110.30681659544446, 1.5033499581612477], [110.30681659485712, 1.5033680463672587], [110.3068143481838, 1.5033680462933723], [110.30681434752299, 1.503388395525035], [110.30681210084965, 1.5033883954511356], [110.30681210026219, 1.5034064836569765], [110.30680985358885, 1.5034064835830738], [110.30680985300133, 1.5034245717888386], [110.30680760632798, 1.5034245717149266], [110.30680760581386, 1.5034403988949112], [110.30681209916057, 1.5034403990427445], [110.30681209894021, 1.5034471821198734], [110.30680985226685, 1.5034471820459612], [110.30680985219341, 1.503449443071652], [110.30681209886676, 1.5034494431455772], [110.30681209879332, 1.503451704171282], [110.30680985211995, 1.5034517040973734], [110.30680985204648, 1.5034539651230676], [110.30681209871986, 1.503453965197005], [110.30681209864642, 1.5034562262227065], [110.30683231870675, 1.503456226887949], [110.30683231863331, 1.5034584879136623], [110.30683905865345, 1.5034584881353885], [110.30683905858002, 1.5034607491611067], [110.30683456523325, 1.5034607490132927], [110.30683456515982, 1.503463010038987], [110.30683007181307, 1.5034630098911634], [110.30683007173961, 1.5034652709168628], [110.30682557839285, 1.5034652707690264], [110.3068255783194, 1.503467531794737], [110.30682108497265, 1.5034675316468786], [110.30682108482574, 1.5034720536982953], [110.30682333149913, 1.50347205377221], [110.30682333127876, 1.5034788368493153], [110.30682557795215, 1.5034788369232397], [110.3068255777318, 1.5034856200003242], [110.30682782440518, 1.5034856200742395], [110.30682782418482, 1.503492403151314], [110.30683007085821, 1.5034924032252415], [110.3068300705644, 1.5035014473280017], [110.30683231723779, 1.5035014474019388], [110.30683231701741, 1.5035082304789884], [110.30683456369083, 1.50350823055291], [110.30683456347045, 1.5035150136299753], [110.30683681014386, 1.5035150137039002], [110.30683680992348, 1.5035217967809422], [110.30683905659689, 1.50352179685488], [110.30683905630305, 1.503530840957584], [110.30684130297647, 1.5035308410315213], [110.30684130275608, 1.5035376241085483], [110.3068435494295, 1.5035376241824858], [110.30684354920913, 1.5035444072595054], [110.30684579588255, 1.5035444073334427], [110.30684579566217, 1.5035511904104495], [110.3068480423356, 1.503551190484377], [110.30684804204174, 1.5035602345870585], [110.3068502887152, 1.5035602346609958], [110.30685028849477, 1.5035670177379876], [110.30685253516823, 1.5035670178119276], [110.30685253494781, 1.5035738008889123], [110.30685478162127, 1.503573800962846], [110.30685478140086, 1.503580584039836], [110.30685702807432, 1.5035805841137635], [110.30685702778045, 1.5035896282163967], [110.30685927445391, 1.5035896282903367], [110.30685927423347, 1.503596411367309], [110.30686152090695, 1.5035964114412457], [110.30686152068654, 1.5036031945181978], [110.30686376736001, 1.503603194592145], [110.30686376713959, 1.503609977669086], [110.30686601381306, 1.5036099777430239], [110.30686601351915, 1.5036190218456078], [110.30686826019263, 1.5036190219195673], [110.3068682599722, 1.5036258049964837], [110.3068705066457, 1.5036258050704405], [110.30687050642526, 1.503632588147373], [110.30687275309874, 1.5036325882213093], [110.30687275287833, 1.5036393712982097], [110.30687499955181, 1.5036393713721692], [110.3068749992579, 1.5036484154747272], [110.30687724593139, 1.5036484155486634], [110.30687724571095, 1.5036551986255546], [110.30687949238445, 1.5036551986995204], [110.30687949216401, 1.5036619817764012], [110.30688173883752, 1.5036619818503412], [110.30688173869056, 1.5036665039015917], [110.30687949201705, 1.5036665038276649], [110.30687949164961, 1.503677808955772], [110.30688173832314, 1.503677809029728], [110.30688173810267, 1.5036845921065765], [110.30688398477618, 1.5036845921805486], [110.30688398462921, 1.5036891142317756], [110.30688623130273, 1.503689114305738], [110.30688623115576, 1.503693636356963], [110.30688847782929, 1.503693636430935], [110.3068884776823, 1.5036981584821567], [110.30689072435584, 1.503698158556116], [110.30689072420887, 1.503702680607358], [110.3068929708824, 1.5037026806813167], [110.3068929708089, 1.503704941706932], [110.30690195750307, 1.50370494200275], [110.30690195676819, 1.503727552258856], [110.30690420344175, 1.5037275523328146], [110.30690420329476, 1.5037320743840206], [110.30690644996831, 1.50373207445798], [110.30690644982133, 1.503736596509189], [110.3069086964949, 1.5037365965831613], [110.3069086964214, 1.5037388576087571], [110.30691094309498, 1.5037388576827198], [110.30691094302148, 1.5037411187083234]], [[110.30681434554012, 1.5034494432195016], [110.3068165922135, 1.5034494432934224], [110.30681659214005, 1.503451704319131], [110.30681434546669, 1.5034517042452067], [110.30681434554012, 1.5034494432195016]], [[110.3069581338842, 1.5034110105096943], [110.30696038055758, 1.5034110105835068], [110.30696038048423, 1.5034132716092912], [110.30695813381084, 1.5034132715354658], [110.3069581338842, 1.5034110105096943]], [[110.30690870765679, 1.5033929206791654], [110.30691095433014, 1.5033929207530232], [110.30691095440352, 1.5033906597272444], [110.30691320107688, 1.5033906598010929], [110.30691320115027, 1.503388398775322], [110.30691544782361, 1.5033883988491574], [110.306915447897, 1.5033861378233913], [110.30691769457036, 1.5033861378972393], [110.30691769464373, 1.503383876871447], [110.30691994131708, 1.5033838769452983], [110.30691994139045, 1.5033816159195257], [110.30692218806382, 1.5033816159933644], [110.3069221881372, 1.5033793549675722], [110.30692443481054, 1.503379355041401], [110.30692443488391, 1.5033770940156297], [110.30692668155726, 1.5033770940894682], [110.30692668163061, 1.5033748330636985], [110.30692892830398, 1.503374833137521], [110.30692892837733, 1.5033725721117364], [110.3069311750507, 1.5033725721855589], [110.30693117512406, 1.50337031115978], [110.30694465516424, 1.5033703116027146], [110.30694465509089, 1.5033725726284843], [110.30694690176425, 1.5033725727023102], [110.30694690147085, 1.503381616805447], [110.30694465479748, 1.5033816167316372], [110.30694465443071, 1.5033929218605329], [110.30692443437036, 1.5033929211960604], [110.30692443429697, 1.503395182221828], [110.3069087075834, 1.5033951817049431], [110.30690870765679, 1.5033929206791654]], [[110.30690421519053, 1.503365788222228], [110.30690646186389, 1.5033657882960634], [110.30690646179052, 1.503368049321839], [110.30690421511717, 1.5033680492480104], [110.30690421519053, 1.503365788222228]], [[110.30690646201062, 1.5033612662445202], [110.30690870868398, 1.5033612663183427], [110.30690870890405, 1.5033544832410035], [110.30691095557741, 1.5033544833148285], [110.30691095572413, 1.5033499612632675], [110.30691320239747, 1.50334996133709], [110.30691320261754, 1.5033431782597224], [110.30691544929087, 1.503343178333548], [110.30691544936424, 1.503340917307734], [110.30691769603757, 1.5033409173815784], [110.30691769596422, 1.5033431784073708], [110.3069221893109, 1.5033431785550095], [110.30692218923754, 1.5033454395808037], [110.30692668258422, 1.5033454397284458], [110.30692668251088, 1.5033477007542504], [110.30692892918422, 1.5033477008280534], [110.30692892911088, 1.5033499618538542], [110.30692668243752, 1.5033499617800319], [110.30692668236418, 1.503352222805831], [110.30692443569082, 1.503352222732015], [110.30692443561746, 1.5033544837577997], [110.30692218894413, 1.503354483683961], [110.30692218887077, 1.5033567447097538], [110.30691994219742, 1.5033567446359315], [110.30691994212407, 1.5033590056617288], [110.30691769545074, 1.503359005587894], [110.30691769537736, 1.5033612666136775], [110.30691320203067, 1.5033612664660165], [110.30691320195729, 1.5033635274917985], [110.30691095528394, 1.5033635274179633], [110.30691095521058, 1.5033657884437372], [110.30690646186389, 1.5033657882960634], [110.30690646201062, 1.5033612662445202]], [[110.30689522967104, 1.5033296115143373], [110.30689747634436, 1.5033296115881727], [110.30689747649109, 1.5033250895365844], [110.3068997231644, 1.50332508961042], [110.30689972338448, 1.5033183065330125], [110.30690871007778, 1.503318306828316], [110.30690871015112, 1.5033160458025172], [110.30692443686438, 1.5033160463192183], [110.30692443679104, 1.5033183073450265], [110.3069199434444, 1.5033183071974003], [110.30691994337104, 1.5033205682232038], [110.30691545002438, 1.503320568075588], [110.30691544995103, 1.5033228291013776], [110.30691095660438, 1.5033228289537415], [110.30691095653104, 1.5033250899795367], [110.30690870985772, 1.5033250899057233], [110.30690870978437, 1.5033273509315133], [110.3069042164377, 1.503327350783865], [110.30690421636434, 1.5033296118096628], [110.30689972301768, 1.5033296116620019], [110.30689972294432, 1.503331872687785], [110.30689522959767, 1.503331872540124], [110.30689522967104, 1.5033296115143373]], [[110.30692668361104, 1.503313785367234], [110.30692893028439, 1.5033137854410341], [110.30692893021104, 1.5033160464668354], [110.30692668353771, 1.5033160463930315], [110.30692668361104, 1.503313785367234]], [[110.30697611057101, 1.5033092649390463], [110.30697835724438, 1.503309265012821], [110.30697835717106, 1.5033115260386527], [110.30697611049771, 1.5033115259648846], [110.30697611057101, 1.5033092649390463]]]}}, {"type": "Feature", "properties": {"height": 0.01, "depth": 0.01, "timestep": "1130", "timestep_label": "11:30"}, "geometry": {"type": "Polygon", "coordinates": [[[110.30700979665906, 1.5037411219614063], [110.3071715571601, 1.5037411272792003], [110.30717155730679, 1.5037366052278123], [110.30716931063313, 1.5037366051540098], [110.30716931107317, 1.5037230389998464], [110.30716706439954, 1.503723038926037], [110.30716706491287, 1.5037072117461283], [110.30716481823924, 1.5037072116723325], [110.3071648186059, 1.503695906543801], [110.3071423518697, 1.503695905805728], [110.30714235208971, 1.5036891227286147], [110.30714010541611, 1.503689122654803], [110.30714010548944, 1.5036868616291141], [110.30714459883667, 1.5036868617767223], [110.30714459891001, 1.5036846007510127], [110.30715358560447, 1.5036846010462352], [110.3071535856778, 1.5036823400205246], [110.30716481904587, 1.5036823403895438], [110.30716481911921, 1.5036800793638057], [110.30717605248728, 1.5036800797327734], [110.3071760525606, 1.5036778187070559], [110.30718503925507, 1.5036778190021864], [110.3071850393284, 1.5036755579764645], [110.30719402602287, 1.5036755582715817], [110.30719402609618, 1.5036732972458455], [110.3071850394017, 1.5036732969507403], [110.3071850393284, 1.5036755579764645], [110.3071738059603, 1.5036755576075347], [110.30717380588699, 1.5036778186332538], [110.3071625725189, 1.5036778182643016], [110.30716257244558, 1.5036800792900156], [110.30715133907752, 1.5036800789210123], [110.30715133915085, 1.5036778178953045], [110.30714909247725, 1.5036778178215053], [110.30714909255057, 1.5036755567957865], [110.30714684587696, 1.5036755567219868], [110.30714684602363, 1.5036710346705582], [110.30715133937083, 1.5036710348181535], [110.30715133944416, 1.5036687737924463], [110.307158079465, 1.503668774013838], [110.30715807953831, 1.5036665129881257], [110.30716481955912, 1.5036665132094982], [110.30716481963245, 1.5036642521837724], [110.30717155965326, 1.5036642524051445], [110.3071715597266, 1.5036619913793976], [110.30718054642102, 1.5036619916745313], [110.30718054649435, 1.5036597306488058], [110.30718728651517, 1.5036597308701305], [110.30718728658846, 1.5036574698443936], [110.30719402660931, 1.503657470065712], [110.30719402668261, 1.503655209039983], [110.30720076670343, 1.503655209261282], [110.30720076663015, 1.5036574702870202], [110.30720301330376, 1.503657470360794], [110.30720301315716, 1.5036619924122694], [110.30720525983078, 1.5036619924860308], [110.30720525968421, 1.5036665145374906], [110.30720301301058, 1.5036665144637302], [110.30720301286398, 1.5036710365152097], [110.30720076619036, 1.5036710364414363], [110.30720076604376, 1.5036755584928936], [110.30720301271738, 1.50367555856668], [110.30720301264407, 1.5036778195924123], [110.30721649268587, 1.5036778200350194], [110.30721649261255, 1.503680081060736], [110.30722997265437, 1.5036800815033182], [110.3072299725811, 1.5036823425290469], [110.30724345262294, 1.5036823429715778], [110.30724345254964, 1.5036846039973233], [110.30724794589693, 1.5036846041448193], [110.30724794582368, 1.5036868651705517], [110.30725468584463, 1.5036868653917965], [110.30725468540496, 1.5037004315462454], [110.3072569320786, 1.5037004316199933], [110.30725693200533, 1.5037026926457278], [110.30725468533167, 1.5037026925719796], [110.30725468525839, 1.5037049535977154], [110.30725693193205, 1.5037049536714635], [110.30725693178547, 1.5037094757229432], [110.30725468511183, 1.5037094756491725], [110.30725468459882, 1.5037253028293007], [110.30725243792514, 1.5037253027555397], [110.30725243777856, 1.5037298248069868], [110.30725019110488, 1.503729824733226], [110.30725019073843, 1.5037411298618109], [110.30725693075945, 1.5037411300831185], [110.30725693097934, 1.5037343470059428], [110.30725917765301, 1.5037343470797035], [110.3072591777263, 1.5037320860539871], [110.30726142439998, 1.5037320861277481], [110.30726142630517, 1.503673299458535], [110.3072569329579, 1.5036732993110549], [110.30725693303116, 1.5036710382852982], [110.30725243968388, 1.503671038137827], [110.30725243975715, 1.503668777112079], [110.30725019308352, 1.5036687770383306], [110.30725019323006, 1.5036642549868418], [110.30724794655642, 1.5036642549130803], [110.30724794662969, 1.5036619938873368], [110.3072412066088, 1.503661993666105], [110.30724120668208, 1.5036597326403665], [110.30723671333482, 1.5036597324928695], [110.30723671326155, 1.5036619935186146], [110.30722547989339, 1.5036619931498703], [110.30722548003996, 1.5036574710983819], [110.30722772671359, 1.5036574711721111], [110.3072277270067, 1.5036484270691164], [110.30722997368032, 1.5036484271428647], [110.30722997390016, 1.5036416440655895], [110.30723222057378, 1.5036416441393312], [110.30723222064705, 1.5036393831135821], [110.30723671399427, 1.50363938326106], [110.30723671406754, 1.5036371222352964], [110.30723896074116, 1.503637122309035], [110.3072389608877, 1.5036326002575047], [110.3072412075613, 1.50363260033124], [110.30724120792762, 1.5036212952024293], [110.30723896125401, 1.5036212951286807], [110.30723896147381, 1.5036145120513613], [110.3072412081474, 1.5036145121250966], [110.30724120836717, 1.5036077290477605], [110.30723896169359, 1.5036077289740344], [110.3072389618401, 1.503603206922478], [110.3072367151665, 1.503603206848768], [110.30723671538627, 1.5035964237714352], [110.30723896205987, 1.5035964238451582], [110.30723896249937, 1.503582857690449], [110.30724120917296, 1.5035828577641526], [110.3072412095392, 1.5035715526352034], [110.30723896286561, 1.5035715525614801], [110.30723896308534, 1.5035647694841046], [110.30723671641175, 1.5035647694103913], [110.30723671670475, 1.5035557253071852], [110.30723447003118, 1.5035557252334812], [110.30723447017766, 1.5035512031818947], [110.30723671685124, 1.5035512032556047], [110.30723671692448, 1.5035489422297996], [110.30723896359802, 1.5035489423034967], [110.30723896367127, 1.5035466812776905], [110.30724121034483, 1.5035466813514011], [110.30724121041807, 1.5035444203255894], [110.3072457037652, 1.5035444204730006], [110.30724570383843, 1.5035421594471943], [110.30724345716487, 1.503542159373484], [110.30724345753102, 1.503530854244449], [110.30724570420458, 1.5035308543181276], [110.30724570442428, 1.5035240712406839], [110.30724795109784, 1.503524071314378], [110.30724795131749, 1.5035172882369057], [110.30725019799104, 1.5035172883106058], [110.30725019813748, 1.503512766258963], [110.30725469148457, 1.503512766406335], [110.30725469155779, 1.503510505380504], [110.30725693823135, 1.5035105054541922], [110.30725693837779, 1.5035059834025404], [110.30725918505132, 1.5035059834762279], [110.30725918512454, 1.503503722450384], [110.30726143179808, 1.5035037225240715], [110.30726143209091, 1.5034946784207308], [110.30725918541737, 1.5034946783470424], [110.30725918563701, 1.5034878952695114], [110.30722773220754, 1.5034878942379482], [110.30722773213431, 1.5034901552637843], [110.30722548546079, 1.5034901551900837], [110.30722548538756, 1.5034924162159016], [110.30722099204051, 1.5034924160685226], [110.30722099196728, 1.5034946770943496], [110.30721874529374, 1.5034946770206483], [110.30721874522051, 1.5034969380464602], [110.30721649854698, 1.5034969379727596], [110.30721649847375, 1.50349919899859], [110.30721425180022, 1.503499198924879], [110.30721425165375, 1.5035037209765054], [110.30721200498022, 1.5035037209027917], [110.30721200483374, 1.503508242954434], [110.30720975816021, 1.503508242880715], [110.30720975794047, 1.5035150259581609], [110.30720751126695, 1.5035150258844503], [110.30720751112045, 1.5035195479360683], [110.3072052644469, 1.5035195478623458], [110.30720526422716, 1.5035263309397608], [110.3072075109007, 1.5035263310134832], [110.30720751082745, 1.503528592039291], [110.30721200417454, 1.5035285921867174], [110.3072120039548, 1.503535375264136], [110.30721425062835, 1.5035353753378402], [110.30721425033535, 1.5035444194410459], [110.30721874368245, 1.5035444195884913], [110.30721874353597, 1.5035489416400805], [110.30721649686241, 1.5035489415663579], [110.30721649678917, 1.5035512025921625], [110.30721200344203, 1.5035512024447104], [110.30721200336879, 1.5035534634705012], [110.30720526334811, 1.5035534632493166], [110.30720526342137, 1.5035512022235387], [110.30720301674782, 1.5035512021498025], [110.30720301667456, 1.5035534631755934], [110.30719178330678, 1.5035534628069214], [110.30719178338003, 1.5035512017811403], [110.30717605666521, 1.5035512012649581], [110.30717605673848, 1.5035489402391753], [110.30718055008559, 1.503548940386666], [110.30718055015885, 1.5035466793608792], [110.3071827968324, 1.5035466794346273], [110.30718279690566, 1.5035444184088285], [110.30718729025274, 1.5035444185563003], [110.30718729032601, 1.5035421575305228], [110.30718953699957, 1.5035421576042582], [110.3071895371461, 1.5035376355526633], [110.30718729047254, 1.5035376354789372], [110.30718729054581, 1.5035353744531452], [110.30718504387227, 1.5035353743794093], [110.30718504394554, 1.503533113353623], [110.30718279727199, 1.5035331132798742], [110.30718279734526, 1.5035308522540984], [110.30718055067173, 1.5035308521803636], [110.30718055074499, 1.503528591154564], [110.30717830407146, 1.5035285910808251], [110.30717830421798, 1.5035240690292442], [110.30717605754445, 1.5035240689555085], [110.30717605769098, 1.5035195469039122], [110.30717156434393, 1.5035195467564402], [110.30717156441719, 1.503517285730643], [110.30716931774367, 1.503517285656907], [110.30716931789021, 1.5035127636053116], [110.30716707121668, 1.5035127635315884], [110.30716707128995, 1.5035105025057929], [110.30716482461642, 1.5035105024320574], [110.3071648246897, 1.5035082414062482], [110.30716257801618, 1.5035082413325187], [110.30716257808946, 1.5035059803067072], [110.30716033141593, 1.5035059802329713], [110.3071603314892, 1.5035037192071976], [110.3071580848157, 1.503503719133449], [110.30715808488897, 1.503501458107641], [110.30715583821545, 1.5035014580339052], [110.30715583828871, 1.5034991970081024], [110.30715359161522, 1.5034991969343667], [110.30715359168849, 1.5034969359085717], [110.30715134501497, 1.5034969358348356], [110.30715134508824, 1.503494674809037], [110.30714460506773, 1.5034946745878035], [110.307144605141, 1.503492413562003], [110.307140111794, 1.5034924134145151], [110.30714011186727, 1.503490152388722], [110.30713786519378, 1.5034901523149606], [110.30713786526705, 1.503487891289176], [110.30714011194056, 1.5034878913629242], [110.30714011201384, 1.5034856303371134], [110.30714235868733, 1.5034856304108652], [110.30714235883387, 1.5034811083592567], [110.30714460550736, 1.5034811084329922], [110.30714460558063, 1.503478847407195], [110.30714685225412, 1.5034788474809344], [110.30714685232739, 1.5034765864551203], [110.3071490990009, 1.5034765865288657], [110.30714909907415, 1.5034743255030494], [110.30715134574764, 1.5034743255767882], [110.30715134582093, 1.5034720645509874], [110.30715359249442, 1.5034720646247164], [110.30715359256766, 1.503469803598891], [110.30715583924115, 1.5034698036726142], [110.3071558393144, 1.5034675426468203], [110.30715808598792, 1.5034675427205333], [110.30715808606116, 1.5034652816947243], [110.30716033273464, 1.503465281768441], [110.3071603328079, 1.5034630207426398], [110.3071625794814, 1.5034630208163506], [110.30716257955466, 1.5034607597905354], [110.30716707290163, 1.5034607599379721], [110.30716707297489, 1.5034584989121456], [110.30716931964838, 1.5034584989858688], [110.30716931972164, 1.5034562379600476], [110.30717156639511, 1.503456238033758], [110.30717156646836, 1.503453977007932], [110.30717381314186, 1.5034539770816426], [110.3071738132151, 1.5034517160558114], [110.30717605988859, 1.5034517161295378], [110.30717605996183, 1.5034494551037025], [110.30717830663531, 1.5034494551774158], [110.30717830670855, 1.5034471941515886], [110.30718280005553, 1.503447194298993], [110.30718279998229, 1.5034494553248274], [110.30718504665577, 1.5034494553985311], [110.30718504658255, 1.5034517164243726], [110.30718729325604, 1.5034517164980863], [110.30718729310956, 1.5034562385497428], [110.30718953978305, 1.5034562386234405], [110.30718953992952, 1.5034517165717836], [110.3072030199705, 1.5034517170139723], [110.30720302004373, 1.5034494559881373], [110.30720077337024, 1.5034494559144396], [110.30720077344347, 1.503447194888603], [110.30719852676998, 1.5034471948149022], [110.30719852772185, 1.5034178014789197], [110.30719628104838, 1.5034178014052226], [110.30719628221978, 1.5033816249914567], [110.30719852889324, 1.5033816250651355], [110.30719852896645, 1.5033793640392565], [110.3072007756399, 1.503379364112932], [110.30720077571311, 1.503377103087056], [110.30720526906002, 1.503377103234403], [110.30720526913322, 1.5033748422085353], [110.30720751580668, 1.5033748422822004], [110.30720751536745, 1.5033884084374365], [110.30720526869399, 1.5033884083637645], [110.30720526825478, 1.503401974518953], [110.3072030215813, 1.5034019744452778], [110.30720302136166, 1.5034087575228665], [110.30720526803513, 1.5034087575965385], [110.30720526810835, 1.5034064965706748], [110.3072097614553, 1.5034064967180383], [110.30720976152851, 1.5034042356921637], [110.3072187482224, 1.5034042359868653], [110.3072187482956, 1.5034019749609886], [110.30722548831604, 1.5034019751819891], [110.30722548838924, 1.503399714156115], [110.30723447508315, 1.5033997144507747], [110.30723447515633, 1.5033974534249053], [110.3072389685033, 1.5033974535722177], [110.30723896864967, 1.5033929315204677], [110.30724121532313, 1.5033929315941177], [110.3072412154695, 1.5033884095423524], [110.30723672212255, 1.5033884093950394], [110.30723672219574, 1.503386148369176], [110.30723447552228, 1.5033861482955135], [110.30723447559545, 1.5033838872696481], [110.30724346228935, 1.5033838875642467], [110.30724346236252, 1.5033816265383508], [110.30724121568906, 1.5033816264647144], [110.30724121576223, 1.5033793654388232], [110.30723672241528, 1.503379365291527], [110.30723672248847, 1.503377104265657], [110.30723447581501, 1.503377104192007], [110.3072344758882, 1.5033748431661134], [110.30723222921472, 1.5033748430924636], [110.30723222914153, 1.5033771041183446], [110.30722773579461, 1.5033771039710353], [110.30722773601417, 1.503370320893378], [110.30722548934072, 1.5033703208197344], [110.3072254894871, 1.5033657987679496], [110.307229982834, 1.5033657989152582], [110.30722998290717, 1.503363537889373], [110.30723222958065, 1.50336353796301], [110.30723222965382, 1.50336127693713], [110.30723447632727, 1.5033612770107831], [110.30723447640045, 1.5033590159848815], [110.30722998305355, 1.503359015837585], [110.30722998312672, 1.503356754811696], [110.30722548977981, 1.5033567546643962], [110.30722548992618, 1.5033522326126114], [110.30722099657928, 1.5033522324653121], [110.30722099665246, 1.5033499714394212], [110.30721650330557, 1.5033499712921214], [110.30721650337877, 1.5033477102662223], [110.30721201003188, 1.5033477101189094], [110.30721201010506, 1.5033454490930387], [110.30720751675817, 1.5033454489457225], [110.30720751683137, 1.5033431879198267], [110.30720527015792, 1.5033431878461772], [110.30720527023111, 1.5033409268202769], [110.30720302355769, 1.5033409267466273], [110.30720302363086, 1.5033386657207317], [110.30720077695744, 1.503338665647082], [110.30720077703063, 1.503336404621185], [110.3071985303572, 1.5033364045475224], [110.30719853050357, 1.503331882495747], [110.30720077717702, 1.5033318825693969], [110.30720077710383, 1.5033341435952896], [110.30720302377723, 1.50333414366894], [110.30720302399679, 1.503327360591265], [110.30720527067022, 1.5033273606649153], [110.30720527103614, 1.503316055535404], [110.30720751770956, 1.5033160556090541], [110.30720751778273, 1.5033137945831585], [110.30720976445616, 1.5033137946567954], [110.30720976452933, 1.5033115336308887], [110.30721201120275, 1.503311533704526], [110.30721201127592, 1.5033092726786301], [110.30721425794934, 1.503309272752274], [110.30721425802253, 1.503307011726361], [110.30721875136936, 1.503307011873629], [110.30721875144253, 1.5033047508477306], [110.30722099811595, 1.5033047509213546], [110.30722099826228, 1.5033002288695219], [110.30721875158886, 1.5033002287958976], [110.30721875166203, 1.5032979677699847], [110.30721650498862, 1.5032979676963483], [110.3072165052081, 1.503291184618595], [110.30722324522836, 1.5032911848394874], [110.30722324515517, 1.5032934458654075], [110.30722773850201, 1.5032934460126692], [110.30722773842885, 1.5032957070385913], [110.30722998510228, 1.5032957071122026], [110.30722998502911, 1.503297968138129], [110.30723447837596, 1.5032979682853818], [110.3072344783028, 1.5033002293113227], [110.30724121832306, 1.50330022953218], [110.3072412181036, 1.503307012609956], [110.30723897143017, 1.5033070125363315], [110.30723897135702, 1.5033092735622382], [110.30723672468359, 1.5033092734886138], [110.30723672461043, 1.5033115345145318], [110.307234477937, 1.5033115344409071], [110.30723447786384, 1.503313795466804], [110.3072322311904, 1.503313795393192], [110.30723223111725, 1.503316056419088], [110.30722998444382, 1.5033160563454733], [110.30722998437066, 1.5033183173713676], [110.30722773769723, 1.5033183172977302], [110.30722773762405, 1.5033205783236423], [110.30722549095061, 1.5033205782500054], [110.30722549087744, 1.5033228392759148], [110.30722324420402, 1.503322839202272], [110.30722324413085, 1.5033251002281904], [110.3072209974574, 1.503325100154544], [110.30722099731106, 1.5033296222063444], [110.30721875063763, 1.5033296221327073], [110.30721875056446, 1.503331883158612], [110.30721650389103, 1.5033318830849618], [110.30721650381784, 1.503334144110855], [110.30721425714442, 1.503334144037205], [110.30721425707122, 1.5033364050631006], [110.30721201039779, 1.5033364049894635], [110.3072120103246, 1.5033386660153603], [110.30720976365119, 1.503338665941697], [110.30720976357797, 1.5033409269675893], [110.30725694372033, 1.5033409285140356], [110.30725694357402, 1.5033454505658594], [110.30725919024748, 1.5033454506394837], [110.30725919032064, 1.5033431896135632], [110.30726143699408, 1.5033431896872034], [110.30726143706724, 1.5033409286613], [110.30726593041415, 1.5033409288085358], [110.30726593026785, 1.5033454508603503], [110.30726368359439, 1.503345450786745], [110.30726368352124, 1.5033477118126422], [110.3072614368478, 1.503347711739018], [110.30726143677461, 1.5033499727649198], [110.30725694342769, 1.503349972617665], [110.30725694328137, 1.5033544946694744], [110.30725918995485, 1.5033544947430988], [110.30725918988168, 1.5033567557690022], [110.3072569432082, 1.5033567556953784], [110.30725694306189, 1.5033612777471819], [110.30725469638843, 1.5033612776735479], [110.3072546962421, 1.5033657997253362], [110.30725244956861, 1.5033657996517023], [110.30725244942228, 1.503370321703494], [110.30725020274882, 1.5033703216298508], [110.30725020267566, 1.5033725826557314], [110.30725244934912, 1.503372582729378], [110.30725244927594, 1.5033748437552668], [110.30725469594941, 1.50337484382892], [110.30725469587625, 1.5033771048548104], [110.3072569425497, 1.503377104928447], [110.30725694247654, 1.5033793659543302], [110.30725918915, 1.50337936602798], [110.30725918922319, 1.5033771050020974], [110.30726368257014, 1.5033771051493623], [110.30726368249697, 1.5033793661752413], [110.30726817584393, 1.5033793663225181], [110.3072681756976, 1.5033838883743014], [110.30727042237108, 1.5033838884479351], [110.30727042222475, 1.5033884104997288], [110.30727266889824, 1.5033884105733655], [110.3072726687519, 1.5033929326251436], [110.30729513548684, 1.5033929333614333], [110.30729513555997, 1.5033906723355301], [110.30730636892747, 1.5033906727036064], [110.3073063690006, 1.503388411677712], [110.3073108623476, 1.5033884118249445], [110.30731086242075, 1.5033861507990454], [110.30731535576774, 1.503386150946258], [110.30731535584088, 1.5033838899203458], [110.30731760251437, 1.5033838899939438], [110.30731760266066, 1.5033793679421257], [110.30731535598714, 1.5033793678685239], [110.3073153562797, 1.5033703237648752], [110.30731310960621, 1.5033703236912768], [110.30731310967936, 1.5033680626653598], [110.30731086300585, 1.5033680625917578], [110.30731086307898, 1.5033658015658484], [110.3073086164055, 1.5033658014922373], [110.30730861669805, 1.5033567573885822], [110.30730637002458, 1.5033567573149706], [110.3073063700977, 1.5033544962890542], [110.30730412342423, 1.5033544962154428], [110.30730412357049, 1.5033499741636238], [110.30730637024396, 1.5033499742372163], [110.30730637039024, 1.5033454521853666], [110.3073086170637, 1.5033454522589558], [110.30730861728308, 1.503338669181182], [110.30731086395657, 1.5033386692547843], [110.30731086417593, 1.5033318861769838], [110.30730861750247, 1.5033318861033853], [110.30730861764873, 1.5033273640515277], [110.30730637097525, 1.5033273639779414], [110.307306371414, 1.5033137978223259], [110.30730861808745, 1.5033137978959215], [110.30730861837993, 1.5033047537921391], [110.30731086505337, 1.503304753865729], [110.30731086512648, 1.503302492839781], [110.30730861845305, 1.503302492766201], [110.30730861852615, 1.5033002317402622], [110.3073063718527, 1.503300231666673], [110.30730637192582, 1.503297970640738], [110.3072996319055, 1.5032979704199738], [110.30729963183235, 1.5033002314459307], [110.30729738515892, 1.5033002313723196], [110.30729738508579, 1.5033024923982712], [110.30729513841234, 1.5033024923246854], [110.30729513833923, 1.503304753350614], [110.30729064499235, 1.503304753203426], [110.30729064491922, 1.5033070142293818], [110.30728839824577, 1.5033070141557734], [110.3072883983189, 1.5033047531298365], [110.30728390497202, 1.5033047529826364], [110.30728390504514, 1.5033024919567073], [110.30727941169826, 1.5033024918095164], [110.30727941177139, 1.5033002307835739], [110.30727491842453, 1.5033002306363727], [110.3072749183514, 1.5033024916622932], [110.30727267167796, 1.5033024915886943], [110.30727267153169, 1.5033070136405529], [110.30727042485825, 1.5033070135669508], [110.30727042471196, 1.5033115356188134], [110.30726817803851, 1.503311535545202], [110.30726817796538, 1.5033137965711278], [110.30726368461849, 1.5033137964239016], [110.30726368483793, 1.503307013346113], [110.30726143816449, 1.5033070132725017], [110.30726143838392, 1.5033002301947318], [110.3072591917105, 1.5033002301211207], [110.30725919192992, 1.503293447043318], [110.30725694525648, 1.5032934469697161], [110.3072569454759, 1.5032866638919196], [110.30725469880248, 1.5032866638183078], [110.30725469887564, 1.5032844027923649], [110.30724346550853, 1.5032844024243193], [110.30724346558169, 1.503282141398374], [110.30724121890826, 1.5032821413247812], [110.30724121898142, 1.5032798802988216], [110.30723223228779, 1.5032798800043659], [110.30723223236092, 1.5032776189784371], [110.3072254923407, 1.5032776187575574], [110.30722549241386, 1.5032753577316365], [110.30722324574045, 1.5032753576580116], [110.3072232458136, 1.5032730966320862], [110.3072209991402, 1.5032730965584746], [110.30722099921336, 1.5032708355325317], [110.30718954578582, 1.5032708345016674], [110.30718954659068, 1.5032459632164865], [110.3071872999173, 1.5032459631428488], [110.30718729999047, 1.5032437021169327], [110.3071850533171, 1.5032437020432956], [110.30718505339027, 1.5032414410173651], [110.3071828067169, 1.503241440943731], [110.30718280679005, 1.503239179917795], [110.30718056011669, 1.5032391798441584], [110.30718056018985, 1.5032369188182344], [110.30717831351649, 1.5032369187445977], [110.30717831358966, 1.503234657718659], [110.3071468601626, 1.5032346566876214], [110.3071468600894, 1.5032369177135498], [110.30714461341606, 1.5032369176398999], [110.30714461297693, 1.503250483795405], [110.30714236630357, 1.5032504837217415], [110.30714236615718, 1.503255005773542], [110.3071401194838, 1.5032550056998921], [110.3071401194106, 1.5032572667257975], [110.30713562606387, 1.503257266578449], [110.30713562584427, 1.5032640496561704], [110.30713113249755, 1.503264049508845], [110.30713113242435, 1.5032663105347441], [110.30711765238414, 1.503266310092665], [110.30711765223772, 1.5032708321444632], [110.3070794587906, 1.5032708308916536], [110.30707945871737, 1.5032730919175339], [110.307077212044, 1.5032730918438324], [110.30707721197078, 1.5032753528696976], [110.3070749652974, 1.5032753527959966], [110.30707496522419, 1.5032776138218797], [110.30707271855081, 1.5032776137481594], [110.30707271847758, 1.5032798747740408], [110.30707047180422, 1.5032798747003264], [110.30707047165774, 1.5032843967520664], [110.30706822498436, 1.5032843966783611], [110.30706822483786, 1.5032889187300913], [110.30706597816452, 1.5032889186563738], [110.30706597794477, 1.503295701733976], [110.30706373127141, 1.5032957016602517], [110.30706373134466, 1.503293440634387], [110.3070614846713, 1.503293440560657], [110.30706148481781, 1.5032889185089264], [110.30705923814443, 1.503288918435213], [110.30705923821772, 1.5032866574093438], [110.30705699154434, 1.5032866573356203], [110.3070569916176, 1.50328439630975], [110.30705474494424, 1.503284396236026], [110.30705474501751, 1.5032821352101606], [110.30705249834415, 1.5032821351364494], [110.30705249841742, 1.5032798741105697], [110.30705025174406, 1.5032798740368458], [110.30705025181732, 1.5032776130109775], [110.30704800514397, 1.5032776129372536], [110.30704800521723, 1.5032753519113802], [110.30704575854388, 1.5032753518376631], [110.30704575861714, 1.5032730908117888], [110.30704351194379, 1.5032730907380523], [110.30704351201706, 1.5032708297121846], [110.30700981191701, 1.503270828606152], [110.30700981133079, 1.5032889168129808], [110.30701655135081, 1.5032889170342156], [110.30701655142408, 1.5032866560083848], [110.30702553811746, 1.5032866563033522], [110.30702553804419, 1.5032889173292152], [110.30702778471755, 1.5032889174029556], [110.30702778464425, 1.5032911784288072], [110.30703003131761, 1.5032911785025431], [110.30703003124434, 1.5032934395283932], [110.30703227791767, 1.5032934396021393], [110.30703227784441, 1.5032957006280105], [110.30703452451776, 1.5032957007017342], [110.3070345244445, 1.503297961727597], [110.30703677111785, 1.5032979618013274], [110.3070367709713, 1.5033024838530424], [110.30703901764466, 1.5033024839267783], [110.30703901749811, 1.5033070059784914], [110.30704126417146, 1.5033070060522342], [110.3070412635853, 1.5033250942590008], [110.30703901691192, 1.5033250941852518], [110.30703901683864, 1.503327355211105], [110.30703677016527, 1.5033273551373458], [110.30703677001871, 1.503331877189026], [110.30703901669206, 1.5033318772627784], [110.3070390166188, 1.503334138288615], [110.30704350996555, 1.5033341384361159], [110.30704351003884, 1.5033318774102762], [110.3070457567122, 1.5033318774840254], [110.30704575678547, 1.503329616458182], [110.30705249680561, 1.503329616679407], [110.30705249687888, 1.5033273556535578], [110.30705474355226, 1.5033273557273101], [110.30705474362553, 1.5033250947014567], [110.30705923697228, 1.503325094848932], [110.30705923704555, 1.5033228338230868], [110.3070637303923, 1.50332283397055], [110.30706373046556, 1.5033205729447032], [110.30706597713893, 1.5033205730184267], [110.30706597706568, 1.503322834044273], [110.30706822373907, 1.5033228341180098], [110.30706822351928, 1.5033296171955604], [110.30707047019264, 1.5033296172692971], [110.3070704701194, 1.503331878295154], [110.30707271679279, 1.50333187836888], [110.30707271664626, 1.5033364004205731], [110.30707496331965, 1.503336400494309], [110.3070749632464, 1.5033386615201652], [110.30707720991978, 1.5033386615938917], [110.30707720977325, 1.503343183645589], [110.30707945644666, 1.5033431837193125], [110.30707945637337, 1.5033454447451602], [110.30708170304679, 1.5033454448188837], [110.30708170290026, 1.5033499668705939], [110.30708394957365, 1.503349966944317], [110.30708394950041, 1.5033522279701548], [110.3070861961738, 1.5033522280438942], [110.30708619610053, 1.503354489069742], [110.30708844277395, 1.5033544891434654], [110.30708844262743, 1.5033590111951451], [110.30709068930084, 1.5033590112688846], [110.30709068922756, 1.5033612722947187], [110.30709293590098, 1.5033612723684644], [110.30709293582771, 1.5033635333942972], [110.30707720911387, 1.5033635328781603], [110.3070772090406, 1.5033657939039977], [110.30707496236718, 1.5033657938302583], [110.30707496229391, 1.5033680548560946], [110.30707271562049, 1.5033680547823451], [110.30707271525414, 1.503379359911514], [110.30708170194778, 1.5033793602064778], [110.30708170202107, 1.5033770991806525], [110.30707945534765, 1.50337709910691], [110.30707945564073, 1.50336805500357], [110.30708170231415, 1.503368055077306], [110.3070817023874, 1.5033657940514702], [110.30710866246835, 1.5033657949362138], [110.30710866166254, 1.5033906662204715], [110.30711090833599, 1.5033906662942038], [110.30711090818946, 1.503395188345868], [110.30711315486289, 1.5033951884196006], [110.30711315471638, 1.5033997104712586], [110.3071086613695, 1.5033997103237957], [110.30710866129623, 1.503401971349642], [110.30710641462278, 1.50340197127589], [110.30710641454954, 1.5034042323017247], [110.30710192120267, 1.5034042321542398], [110.30710192112939, 1.5034064931800726], [110.30709967445594, 1.5034064931063371], [110.30709967438268, 1.5034087541321528], [110.30709293436236, 1.5034087539109315], [110.30709293443564, 1.5034064928851], [110.30708844108877, 1.5034064927376214], [110.30708844116205, 1.503404231711791], [110.30708619448863, 1.5034042316380423], [110.30708619500153, 1.503388404457282], [110.3070906883484, 1.5033884046047703], [110.30709068827512, 1.503390665630592], [110.30709293494854, 1.503390665704341], [110.30709293524161, 1.5033816216009923], [110.3070906885682, 1.5033816215272688], [110.30709068864147, 1.5033793605014316], [110.30708844196805, 1.5033793604276893], [110.30708844189479, 1.5033816214535176], [110.30708619522136, 1.5033816213797933], [110.30708619507482, 1.5033861434314468], [110.3070839484014, 1.503386143357704], [110.30708394847467, 1.5033838823318768], [110.30708170180125, 1.503383882258137], [110.30708170077534, 1.5034155366196353], [110.30707496075505, 1.5034155363983732], [110.30707496068175, 1.5034177974241891], [110.30707720735518, 1.503417797497938], [110.30707720720862, 1.5034223195495573], [110.30708844057581, 1.5034223199183363], [110.30708844035597, 1.503429102995761], [110.30708619368251, 1.5034291029220126], [110.30708619360924, 1.5034313639478138], [110.30708394693578, 1.5034313638740646], [110.3070839467892, 1.5034358859256816], [110.30708170011575, 1.5034358858519292], [110.30708170004247, 1.5034381468777127], [110.30707945336903, 1.5034381468039513], [110.30707945329573, 1.5034404078297654], [110.30707720662227, 1.5034404077560037], [110.307077206549, 1.5034426687817912], [110.30707945322244, 1.5034426688555655], [110.30707945314914, 1.5034449298813577], [110.3070816998226, 1.5034449299551322], [110.3070816997493, 1.503447190980926], [110.30708394642275, 1.5034471910546876], [110.30708394634945, 1.5034494520804897], [110.3070861930229, 1.5034494521542512], [110.30708619294963, 1.5034517131800484], [110.30711764637812, 1.5034517142126076], [110.30711764505904, 1.5034924126769933], [110.30711989173254, 1.5034924127507547], [110.30711989158597, 1.5034969348023164], [110.30712213825946, 1.5034969348760912], [110.30712213818616, 1.5034991959018602], [110.30711764483917, 1.5034991957543566], [110.30711764403291, 1.5035240670379368], [110.30707720390984, 1.5035240657098832], [110.30707720383653, 1.5035263267356345], [110.30707046381605, 1.503526326514258], [110.30707046388936, 1.5035240654885], [110.30704575048097, 1.503524064676658], [110.30704575180098, 1.5034833662129923], [110.30704350512751, 1.503483366139192], [110.30704350520084, 1.5034811051134123], [110.30704125852739, 1.5034811050396255], [110.30704125867405, 1.5034765829880743], [110.30703901200059, 1.5034765829142873], [110.30703901207391, 1.5034743218885098], [110.30703676540047, 1.5034743218147193], [110.30703676554712, 1.503469799763172], [110.3070322722002, 1.5034697996155757], [110.30703227227355, 1.5034675385897835], [110.3070300256001, 1.5034675385159837], [110.30703002567343, 1.5034652774902226], [110.30702777899997, 1.5034652774164228], [110.30702777907331, 1.5034630163906595], [110.30702553239986, 1.503463016316847], [110.3070255324732, 1.5034607552910826], [110.30702328579976, 1.503460755217273], [110.30702328587309, 1.5034584941914912], [110.3070187925262, 1.503458494043901], [110.30701879259954, 1.50345623301814], [110.3070165459261, 1.5034562329443175], [110.30701654599945, 1.503453971918539], [110.307014299326, 1.5034539718447297], [110.30701429939934, 1.5034517108189598], [110.30701205272588, 1.5034517107451626], [110.30701205279924, 1.5034494497193878], [110.30700980612579, 1.5034494496455872], [110.30700980363193, 1.5035263245212527], [110.3070120503054, 1.5035263245950907], [110.30701205059884, 1.5035172804921235], [110.30701429727232, 1.5035172805659616], [110.30701429749236, 1.5035104974887226], [110.30701654416585, 1.5035104975625482], [110.30701654431255, 1.5035059755110451], [110.307018790986, 1.503505975584877], [110.30701879091266, 1.503508236610621], [110.30702103758614, 1.503508236684446], [110.30702103751278, 1.503510497710183], [110.30702328418624, 1.503510497784005], [110.30702328411292, 1.5035127588097623], [110.30702553078638, 1.5035127588835748], [110.30702553071302, 1.5035150199093308], [110.30702777738651, 1.5035150199831533], [110.30702777731315, 1.5035172810088944], [110.30703002398663, 1.5035172810827073], [110.30703002391327, 1.5035195421084657], [110.30703227058675, 1.5035195421822787], [110.30703227044006, 1.5035240642337733], [110.30703451711355, 1.5035240643075856], [110.3070345170402, 1.5035263253333313], [110.30703676371368, 1.5035263254071565], [110.30703676364033, 1.5035285864328904], [110.30703901031382, 1.5035285865067152], [110.30703901024046, 1.5035308475324582], [110.30704125691396, 1.50353084760629], [110.30704125676726, 1.503535369657763], [110.30704350344077, 1.5035353697315756], [110.30704350336741, 1.5035376307573258], [110.3070457500409, 1.5035376308311414], [110.30704574996756, 1.5035398918568812], [110.30704799664106, 1.5035398919306935], [110.30704799656772, 1.5035421529564377], [110.30705024324119, 1.5035421530302604], [110.30705024309451, 1.5035466750817472], [110.30705248976803, 1.5035466751555564], [110.30705248969467, 1.5035489361813061], [110.30705473636817, 1.5035489362551182], [110.30705473629483, 1.5035511972808469], [110.30705698296833, 1.5035511973546722], [110.30705698289499, 1.5035534583804129], [110.30705922956851, 1.5035534584542247], [110.30705922942182, 1.5035579805056942], [110.30706147609533, 1.5035579805795194], [110.30706147602199, 1.5035602416052514], [110.30706372269549, 1.5035602416790643], [110.30706372262216, 1.5035625027048112], [110.30706596929566, 1.5035625027786144], [110.30706596922232, 1.503564763804359], [110.30706821589584, 1.5035647638781713], [110.30706821574915, 1.5035692859296517], [110.30707046242266, 1.5035692860034544], [110.30707046234932, 1.503571547029192], [110.30707270902286, 1.503571547102998], [110.30707270894952, 1.5035738081287342], [110.30707495562302, 1.5035738082025465], [110.3070749555497, 1.5035760692282978], [110.30707720222321, 1.5035760693020974], [110.30707720229657, 1.503573808276356], [110.3070794489701, 1.5035738083501682], [110.30707944904343, 1.5035715473244387], [110.30708394239048, 1.5035715474720472], [110.30708394246382, 1.5035692864463095], [110.30708618913734, 1.5035692865201], [110.30708618921066, 1.5035670254943483], [110.30709068255774, 1.5035670256419569], [110.30709068263106, 1.5035647646162256], [110.3070951759781, 1.5035647647638088], [110.30709517605142, 1.503562503738064], [110.30710640941905, 1.503562504107024], [110.30710640949238, 1.5035602430812702], [110.30711764286004, 1.5035602434501951], [110.30711764293335, 1.5035579824244403], [110.307128876301, 1.503557982793333], [110.3071288762277, 1.5035602438190878], [110.30712662955416, 1.503560243745314], [110.30712662940753, 1.5035647657968472], [110.307124382734, 1.5035647657230602], [110.3071243826607, 1.5035670267488197], [110.30712213598716, 1.5035670266750336], [110.30712213591384, 1.5035692877007947], [110.30711988924031, 1.5035692876270081], [110.30711988909367, 1.5035738096785034], [110.30711764242015, 1.5035738096047297], [110.30711764234682, 1.5035760706304808], [110.30711539567329, 1.5035760705566812], [110.30711539552664, 1.503580592608178], [110.3071131488531, 1.5035805925343912], [110.30711314877979, 1.5035828535601563], [110.30711090210625, 1.503582853486344], [110.3071109020329, 1.5035851145120982], [110.30710865535939, 1.5035851144382981], [110.30710865528606, 1.5035873754640352], [110.3071064086125, 1.5035873753902482], [110.30710640787919, 1.5036099856475953], [110.30710865455276, 1.5036099857213856], [110.30710865396607, 1.5036280739272003], [110.30711090063963, 1.5036280740010124], [110.30711090012623, 1.5036439011810498], [110.30711314679982, 1.5036439012548621], [110.3071131464331, 1.5036552063834336], [110.30711763978026, 1.503655206531062], [110.30711763970692, 1.5036574675567782], [110.30711314635974, 1.5036574674091439], [110.3071131462864, 1.5036597284348587], [110.30709966624488, 1.5036597279919277], [110.30709966617154, 1.503661989017616], [110.30705922604716, 1.5036619876885389], [110.30705922612054, 1.5036597266628504], [110.30705023942626, 1.5036597263674454], [110.30705023949965, 1.503657465341756], [110.30703900613183, 1.5036574649724743], [110.30703900620523, 1.5036552039467928], [110.30703675953167, 1.503655203872933], [110.30703675945827, 1.5036574648986138], [110.30703451278472, 1.503657464824751], [110.30703451271133, 1.503659725850427], [110.30703226603778, 1.503659725776567], [110.30703226596437, 1.5036619868022387], [110.30703001929082, 1.5036619867283787], [110.30703001921742, 1.5036642477540587], [110.30702552587029, 1.503664247606325], [110.3070255257969, 1.5036665086319954], [110.30702327912333, 1.503666508558122], [110.30702327927014, 1.5036619865067733], [110.30702103259658, 1.5036619864328997], [110.30702103274339, 1.5036574643815448], [110.30701878606983, 1.5036574643076848], [110.30701878621663, 1.5036529422563332], [110.30701653954308, 1.5036529421824476], [110.30701653968988, 1.5036484201311], [110.30701429301634, 1.503648420057227], [110.30701429316315, 1.503643898005854], [110.30701204648959, 1.5036438979319935], [110.30701204663639, 1.5036393758806204], [110.30700979996284, 1.5036393758067474], [110.30700979665906, 1.5037411219614063]], [[110.3071176398536, 1.5036529455053467], [110.30712437987437, 1.5036529457267842], [110.30712437994768, 1.5036506847010802], [110.30713111996846, 1.5036506849224793], [110.30713112004179, 1.5036484238967611], [110.30713786006255, 1.5036484241181693], [110.30713786013588, 1.50364616309245], [110.30714460015665, 1.5036461633138456], [110.30714460022996, 1.5036439022880996], [110.30715134025074, 1.5036439025094945], [110.30715134032405, 1.503641641483753], [110.30715808034483, 1.5036416417051228], [110.30715808041815, 1.5036393806793837], [110.30716482043893, 1.503639380900737], [110.30716482051224, 1.503637119875006], [110.30717156053302, 1.5036371200963372], [110.30717156060633, 1.5036348590705975], [110.30717830062709, 1.5036348592919224], [110.3071783007004, 1.5036325982661787], [110.30718504072118, 1.5036325984874845], [110.3071850407945, 1.5036303374617297], [110.30719178081527, 1.503630337683026], [110.30719178088856, 1.5036280766572887], [110.30719627423575, 1.5036280768048078], [110.30719627430904, 1.5036258157790436], [110.30720076765623, 1.5036258159265525], [110.30720076772953, 1.503623554900797], [110.30720301440311, 1.5036235549745454], [110.30720301454969, 1.5036190329230446], [110.30720526122327, 1.5036190329968027], [110.30720526136984, 1.503614510945277], [110.30720750804343, 1.5036145110190249], [110.30720750818998, 1.5036099889675032], [110.30720975486358, 1.503609989041252], [110.30720975479029, 1.5036122500670095], [110.30721200146388, 1.503612250140745], [110.30721200139061, 1.5036145111665222], [110.30721424806421, 1.503614511240258], [110.30721424799094, 1.5036167722660192], [110.30721200131734, 1.503616772192271], [110.3072120010975, 1.5036235552695676], [110.3072142477711, 1.5036235553433153], [110.30721424755127, 1.5036303384205791], [110.30721200087767, 1.5036303383468312], [110.3072120007311, 1.5036348603983456], [110.3072142474047, 1.5036348604721068], [110.30721424733143, 1.5036371214978455], [110.30721200065781, 1.5036371214241104], [110.30721200058454, 1.503639382449857], [110.30720975391093, 1.5036393823760932], [110.30720975383763, 1.503641643401861], [110.30720750716404, 1.5036416433281001], [110.30720750709075, 1.503643904353841], [110.30720526041713, 1.5036439042800795], [110.30720526034384, 1.5036461653058322], [110.30719852032301, 1.5036461650845552], [110.3071985205429, 1.5036393820073135], [110.30719627386928, 1.503639381933552], [110.30719627379601, 1.5036416429592914], [110.30718504042798, 1.5036416425904602], [110.30718504035468, 1.5036439036162015], [110.30717380698668, 1.5036439032473223], [110.30717380691338, 1.5036461642730587], [110.30716257354538, 1.5036461639041605], [110.30716257347207, 1.5036484249298856], [110.30715134010411, 1.5036484245609405], [110.30715134003077, 1.5036506855866705], [110.30714010666281, 1.503650685217699], [110.30714010658949, 1.503652946243402], [110.30712887322154, 1.5036529458743926], [110.3071288731482, 1.503655206900113], [110.30711763978026, 1.503655206531062], [110.3071176398536, 1.5036529455053467]], [[110.3072075087029, 1.5035941617871227], [110.30720975537648, 1.5035941618608615], [110.30720975544973, 1.5035919008350909], [110.30721200212332, 1.503591900908836], [110.30721200263619, 1.5035760737283625], [110.30721649598334, 1.5035760738758468], [110.30721649591008, 1.503578334901631], [110.30722098925723, 1.5035783350490928], [110.3072209891107, 1.5035828571006595], [110.30722323578428, 1.5035828571743821], [110.30722323534472, 1.5035964233290404], [110.30722098867113, 1.5035964232553143], [110.30722098859786, 1.5035986842810949], [110.30721874192429, 1.5035986842073659], [110.30721874185102, 1.5036009452331192], [110.30721200183027, 1.5036009450119183], [110.30721200190352, 1.5035986839861462], [110.30720750855635, 1.5035986838386624], [110.3072075087029, 1.5035941617871227]], [[110.30721649627638, 1.5035670297726988], [110.30722098962352, 1.5035670299201476], [110.30722098969677, 1.5035647688943563], [110.30722323637033, 1.5035647689680918], [110.30722323622383, 1.503569291019664], [110.30722098955026, 1.5035692909459382], [110.307220989477, 1.5035715519717232], [110.30721649612985, 1.5035715518242738], [110.30721649627638, 1.5035670297726988]], [[110.30712887637429, 1.5035557217675646], [110.30713112304784, 1.503555721841329], [110.30713112297452, 1.5035579828671073], [110.307128876301, 1.503557982793333], [110.30712887637429, 1.5035557217675646]], [[110.30717380999165, 1.5035512011912222], [110.30717605666521, 1.5035512012649581], [110.30717605659193, 1.503553462290749], [110.3071738099184, 1.5035534622169875], [110.30717380999165, 1.5035512011912222]], [[110.30722773096262, 1.5035263316768945], [110.30722997763617, 1.5035263317506042], [110.30722997770941, 1.5035240707247857], [110.30723222438296, 1.5035240707984932], [110.30723222423649, 1.503528592850112], [110.30722773088938, 1.5035285927027109], [110.30722773096262, 1.5035263316768945]], [[110.30723222445619, 1.5035218097726801], [110.30723447112973, 1.5035218098463707], [110.3072344710565, 1.5035240708721962], [110.30723222438296, 1.5035240707984932], [110.30723222445619, 1.5035218097726801]], [[110.30727491593753, 1.5033771055175238], [110.30727716261102, 1.5033771055911418], [110.30727716253784, 1.5033793666170436], [110.30727491586437, 1.5033793665434068], [110.30727491593753, 1.5033771055175238]], [[110.30728165647004, 1.503361278557074], [110.30728390314351, 1.5033612786306882], [110.30728390292407, 1.5033680617084018], [110.30728165625058, 1.5033680616347866], [110.30728165647004, 1.503361278557074]], [[110.30728390328981, 1.503356756578866], [110.30728614996329, 1.5033567566524773], [110.30728614989015, 1.5033590176783924], [110.30728390321667, 1.5033590176047813], [110.30728390328981, 1.503356756578866]], [[110.30719628390334, 1.5033296213961984], [110.30719853057676, 1.503329621469842], [110.30719853050357, 1.503331882495747], [110.30719628383014, 1.5033318824220845], [110.30719628390334, 1.5033296213961984]], [[110.30704351025867, 1.503325094332753], [110.30704575693203, 1.5033250944065024], [110.30704575685876, 1.5033273554323423], [110.3070435101854, 1.503327355358593], [110.30704351025867, 1.503325094332753]]]}}, {"type": "Feature", "properties": {"height": 0.01, "depth": 0.01, "timestep": "1130", "timestep_label": "11:30"}, "geometry": {"type": "Polygon", "coordinates": [[[110.30734455103362, 1.5037411329588537], [110.30757820510374, 1.5037411406177992], [110.30757820517684, 1.5037388795919688], [110.30758269852441, 1.5037388797391296], [110.30758269859751, 1.5037366187132986], [110.30758494527132, 1.5037366187868515], [110.30758494519822, 1.5037388798126823], [110.30760067191477, 1.5037388803276717], [110.30760067198786, 1.5037366193018304], [110.30760965868306, 1.503736619596065], [110.30760965882924, 1.5037320975443789], [110.30761415217684, 1.5037320976914914], [110.30761415210374, 1.5037343587173286], [110.30761864545134, 1.5037343588644405], [110.30761864537826, 1.5037366198902828], [110.30762538539966, 1.5037366201109224], [110.30762538532659, 1.5037388811367791], [110.30763661869561, 1.503738881504499], [110.3076366187687, 1.503736620478655], [110.30764335879012, 1.5037366206992624], [110.30764335886319, 1.5037343596734145], [110.30765009888462, 1.5037343598940256], [110.30765009910381, 1.5037275768164389], [110.30765234577761, 1.5037275768899758], [110.30765234599679, 1.503720793812389], [110.3076545926706, 1.5037207938859132], [110.30765459274365, 1.503718532860051], [110.30765234606986, 1.5037185327865266], [110.30765234628902, 1.5037117497089227], [110.30765009961522, 1.5037117496353987], [110.30765009983439, 1.5037049665577928], [110.30764785316059, 1.5037049664842816], [110.30764785330669, 1.5037004444325446], [110.30764560663292, 1.5037004443590047], [110.30764560685208, 1.5036936612813865], [110.30764336017828, 1.5036936612078748], [110.3076433604705, 1.5036846171043659], [110.30764111379672, 1.5036846170308542], [110.30764111394284, 1.5036800949790974], [110.30764785396417, 1.5036800951996414], [110.30764785418329, 1.5036733121219992], [110.30764560750953, 1.5036733120484878], [110.30764560765562, 1.5036687899967123], [110.30762089424417, 1.503668789187996], [110.30762089541301, 1.5036326127738258], [110.30764560882423, 1.5036326135824112], [110.30764560889726, 1.5036303525565138], [110.307647855571, 1.5036303526300123], [110.30764785564405, 1.5036280916041036], [110.3076501023178, 1.50362809167759], [110.30765010239082, 1.5036258306516992], [110.30765234906457, 1.5036258307251882], [110.30765234913758, 1.5036235696992701], [110.30765908915883, 1.5036235699197473], [110.30765908923188, 1.5036213088938373], [110.30766807592687, 1.5036213091877941], [110.30766807599989, 1.5036190481618736], [110.3076770626949, 1.5036190484557825], [110.30767706254889, 1.5036235705076164], [110.30767930922264, 1.5036235705811025], [110.30767930914962, 1.5036258316070337], [110.3076815558234, 1.5036258316805005], [110.30768155567736, 1.503630353732335], [110.30768380235112, 1.5036303538058111], [110.30768380227812, 1.5036326148317187], [110.30769278897318, 1.503632615125631], [110.30769278838912, 1.5036507033329494], [110.30769503506288, 1.5036507034064222], [110.30769503498988, 1.5036529644323322], [110.30769728166365, 1.5036529645058216], [110.30769728151763, 1.5036574865576335], [110.30769952819142, 1.5036574866311194], [110.3076995280454, 1.5036620086829278], [110.30770177471918, 1.503662008756411], [110.30770177464618, 1.503664269782316], [110.30770402131996, 1.5036642698557927], [110.30770402117395, 1.5036687919076117], [110.3077287345857, 1.503668792715797], [110.3077287342937, 1.5036778368194366], [110.30773098096752, 1.5036778368929196], [110.3077309810405, 1.5036755758669909], [110.30773547438811, 1.5036755760139273], [110.30773547453411, 1.5036710539621116], [110.30773772120791, 1.5036710540355749], [110.3077377213539, 1.503666531983714], [110.30774221470149, 1.5036665321306475], [110.30774221462852, 1.503668793156559], [110.30774446130232, 1.5036687932300195], [110.30774446115635, 1.5036733152818649], [110.30774670783015, 1.5036733153553021], [110.30774670768417, 1.5036778374071542], [110.30774895435799, 1.5036778374805952], [110.307748954212, 1.5036823595324351], [110.30775344755965, 1.503682359679346], [110.30775344748666, 1.503684620705254], [110.30775569416046, 1.5036846207787242], [110.30775569408749, 1.5036868818046336], [110.30776468078277, 1.5036868820984395], [110.3077646813666, 1.503668793891067], [110.30778040808329, 1.5036687944051512], [110.30778040822923, 1.503664272353278], [110.30777816155542, 1.5036642722798435], [110.30777816192024, 1.503652967150171], [110.30778040859406, 1.5036529672235992], [110.3077804088859, 1.5036439231198306], [110.3077826555597, 1.503643923193256], [110.30778265570561, 1.503639401141366], [110.30778490237941, 1.5036394012148013], [110.30778490245237, 1.5036371401888444], [110.30778714912617, 1.5036371402622564], [110.30778714941798, 1.5036280961584623], [110.30778939609176, 1.5036280962318875], [110.30778939674829, 1.5036077469982518], [110.30779164342206, 1.5036077470716644], [110.30779164356795, 1.5036032250197178], [110.30779389024171, 1.5036032250931433], [110.30779389031467, 1.5036009640671626], [110.30779613698844, 1.5036009641405752], [110.30779613713432, 1.5035964420886283], [110.3077983838081, 1.5035964421620156], [110.30779838388104, 1.5035941811360494], [110.30780063055481, 1.503594181209449], [110.30780063070067, 1.5035896591575064], [110.30780287737446, 1.5035896592308935], [110.30780287744739, 1.5035873982049137], [110.30780512412116, 1.503587398278314], [110.307805124267, 1.5035828762263526], [110.30780737094078, 1.5035828762997494], [110.30780737101371, 1.5035806152737585], [110.3078096176875, 1.5035806153471485], [110.30780961761457, 1.5035828763731363], [110.30781411096213, 1.5035828765199106], [110.3078141108892, 1.503585137545909], [110.30781860423676, 1.5035851376926508], [110.30781860416386, 1.5035873987186514], [110.30782309751142, 1.5035873988654165], [110.3078230974385, 1.5035896598913956], [110.30782759078608, 1.5035896600381566], [110.30782759071316, 1.5035919210641449], [110.30783208406075, 1.5035919212109061], [110.30783208398783, 1.5035941822369019], [110.30783657733542, 1.5035941823836536], [110.30783657726249, 1.5035964434096316], [110.3078410706101, 1.5035964435563898], [110.3078410705372, 1.5035987045823829], [110.30784556388478, 1.5035987047291275], [110.30784556381188, 1.503600965755116], [110.30785005715948, 1.503600965901874], [110.30785005708658, 1.5036032269278452], [110.3078545504342, 1.5036032270745834], [110.3078545503613, 1.5036054881005696], [110.3078590437089, 1.5036054882473178], [110.307859043636, 1.5036077492733078], [110.30786353698362, 1.50360774942003], [110.30786353691074, 1.5036100104460226], [110.30786803025835, 1.503610010592761], [110.30786803018545, 1.5036122716187383], [110.30787252353308, 1.5036122717654739], [110.30787252346019, 1.5036145327914496], [110.30787701680784, 1.5036145329381854], [110.30787701673493, 1.5036167939641694], [110.30788151008257, 1.503616794110892], [110.3078815100097, 1.503619055136875], [110.30788600335732, 1.5036190552835875], [110.30788600328442, 1.5036213163095977], [110.3078904966321, 1.5036213164562982], [110.3078904965592, 1.503623577482304], [110.30789498990686, 1.503623577629004], [110.30789498983398, 1.5036258386549852], [110.30790172985547, 1.5036258388750494], [110.30790172978259, 1.503628099901049], [110.30790622313027, 1.5036281000477267], [110.30790622305739, 1.503630361073733], [110.30791071640508, 1.5036303612204212], [110.30791071633219, 1.5036326222464174], [110.30798036322162, 1.503632624519555], [110.30798036205609, 1.503668800935694], [110.30798710207775, 1.5036688011556336], [110.30798710251482, 1.5036552349996157], [110.3079893491887, 1.5036552350729036], [110.30798934911586, 1.5036574960989306], [110.30799159578974, 1.5036574961722213], [110.30799159571689, 1.5036597571982444], [110.30799384239079, 1.5036597572715447], [110.30799384231794, 1.5036620182975635], [110.30799608899181, 1.5036620183708602], [110.30799608891898, 1.503664279396874], [110.30799833559286, 1.5036642794701902], [110.30799833552001, 1.5036665404961995], [110.30800058219393, 1.5036665405694902], [110.30800058212108, 1.5036688015955069], [110.30804326892515, 1.503668802988112], [110.30804326899798, 1.503666541962089], [110.3080500090197, 1.5036665421819295], [110.3080500090925, 1.5036642811559142], [110.30805674911424, 1.5036642813757262], [110.30805674918705, 1.5036620203497029], [110.30805899586095, 1.5036620204229776], [110.30805899578814, 1.503664281449001], [110.30806348913595, 1.503664281595541], [110.30806348906316, 1.5036665426215752], [110.30807472243272, 1.5036665429879144], [110.30807472235992, 1.5036688040139372], [110.30807696903385, 1.5036688040871988], [110.30807696896106, 1.503671065113237], [110.30807921563498, 1.5036710651864929], [110.30807921556217, 1.5036733262125255], [110.30808146223609, 1.5036733262857904], [110.30808146209048, 1.5036778483378521], [110.30808370876443, 1.503677848411127], [110.30808370869164, 1.5036801094371421], [110.30808595536556, 1.5036801095104204], [110.30808595529275, 1.5036823705364408], [110.3080882019667, 1.5036823706097127], [110.30808820189391, 1.5036846316357217], [110.30809044856782, 1.5036846317089867], [110.30809044849502, 1.5036868927350144], [110.30809269516897, 1.5036868928082863], [110.30809269509616, 1.503689153834308], [110.30809494177011, 1.5036891539075636], [110.3080949416973, 1.5036914149336045], [110.30809718837125, 1.5036914150068539], [110.30809718829846, 1.5036936760328818], [110.30809943497239, 1.5036936761061475], [110.30809943489959, 1.503695937132185], [110.30810168157355, 1.5036959372054342], [110.30810168150076, 1.5036981982314535], [110.3081039281747, 1.5036981983047182], [110.3081039281019, 1.5037004593307466], [110.30810617477584, 1.503700459403989], [110.30810617463028, 1.5037049814560597], [110.30810842130423, 1.503704981529312], [110.30810842123142, 1.5037072425553317], [110.30811066790537, 1.503707242628594], [110.30811066783258, 1.503709503654619], [110.30811291450654, 1.503709503727868], [110.30811291443375, 1.5037117647539042], [110.3081151611077, 1.503711764827157], [110.30811516103492, 1.5037140258531758], [110.30811740770888, 1.5037140259264283], [110.30811740763609, 1.5037162869524678], [110.30811965431005, 1.503716287025717], [110.30811965423725, 1.5037185480517425], [110.30812190091122, 1.5037185481250013], [110.30812190083842, 1.5037208091510157], [110.3081241475124, 1.5037208092242615], [110.30812415136903, 1.5036009748434984], [110.30811965802125, 1.5036009746970738], [110.30811965794848, 1.5036032357231521], [110.30811741127462, 1.5036032356499347], [110.30811741120185, 1.5036054966760026], [110.30811291785406, 1.5036054965295869], [110.30811291799957, 1.5036009744774306], [110.30811067132568, 1.5036009744042071], [110.30811067154393, 1.503594191325974], [110.30810842487006, 1.5035941912527475], [110.30810842501556, 1.5035896692005946], [110.30810617834166, 1.5035896691273805], [110.30810617870544, 1.5035783639969618], [110.30810393203156, 1.5035783639237412], [110.30810393224981, 1.5035715808454921], [110.30810617892367, 1.5035715809187031], [110.30810617885092, 1.5035738419447862], [110.30811067219867, 1.5035738420912081], [110.30811067212592, 1.503576103117295], [110.3081151654737, 1.5035761032637107], [110.30811516540095, 1.5035783642897933], [110.30811741207482, 1.50357836436303], [110.30811741192933, 1.5035828864151966], [110.30811965860322, 1.5035828864884078], [110.30811965845774, 1.5035874085405814], [110.30812190513163, 1.5035874086137992], [110.30812190491339, 1.503594191692039], [110.30812415158728, 1.503594191765263], [110.30812415246015, 1.5035670594521593], [110.30811516576466, 1.5035670591593562], [110.30811516569192, 1.5035693201854514], [110.3081016856487, 1.5035693197461848], [110.30810168644888, 1.5035444484591487], [110.30810393312274, 1.5035444485323501], [110.30810393297726, 1.5035489705845528], [110.3081061796511, 1.5035489706577636], [110.30810617957837, 1.5035512316838513], [110.30810842625223, 1.503551231757066], [110.30810842610676, 1.5035557538092494], [110.30811067278061, 1.5035557538824638], [110.30811067270788, 1.5035580149085659], [110.30811516605561, 1.5035580150549683], [110.30811516598288, 1.5035602760810667], [110.30811741265674, 1.5035602761542675], [110.308117412584, 1.5035625371803607], [110.30812190593176, 1.503562537326777], [110.30812190585901, 1.503564798352868], [110.30812415253288, 1.5035647984260663], [110.30812416103764, 1.5033002583652793], [110.30811966769018, 1.5033002582190604], [110.30811966776284, 1.5032979971928335], [110.30811292774167, 1.5032979969734896], [110.30811292781432, 1.5032957359472647], [110.30810618779319, 1.50329573572792], [110.30810618786585, 1.50329347470171], [110.30810843453955, 1.5032934747748221], [110.30810843468487, 1.5032889527223738], [110.30811068135857, 1.5032889527954862], [110.30811068143122, 1.5032866917692642], [110.30811292810492, 1.5032866918423804], [110.30811292825021, 1.5032821697899208], [110.30811517492394, 1.5032821698630239], [110.30811517499659, 1.5032799088368007], [110.30811742167029, 1.5032799089099227], [110.30811742181557, 1.5032753868574442], [110.30811966848928, 1.5032753869305442], [110.30811966863455, 1.5032708648780884], [110.30812191530825, 1.5032708649511919], [110.30812191538088, 1.5032686039249614], [110.3081241620546, 1.5032686039980616], [110.30812416437853, 1.5031962511578774], [110.3081196710312, 1.5031962510117158], [110.30811967110382, 1.5031939899854458], [110.3080904643463, 1.5031939890353272], [110.30809046427366, 1.5031962500615839], [110.30808821760002, 1.5031962499884937], [110.30808821752737, 1.5031985110147426], [110.30808147750642, 1.5031985107954489], [110.30808147743379, 1.5032007718217155], [110.30807923076013, 1.5032007717485931], [110.3080792306875, 1.5032030327748553], [110.3080747373402, 1.5032030326286423], [110.30807473726755, 1.5032052936549123], [110.3080724905939, 1.5032052935817866], [110.30807249073919, 1.5032007715292863], [110.30807024406553, 1.5032007714561832], [110.30807024413818, 1.5031985104299228], [110.30803429735992, 1.5031985092600406], [110.30803429728725, 1.5032007702862817], [110.30802755726636, 1.5032007700668886], [110.30802755719368, 1.5032030310931188], [110.30802081717277, 1.5032030308737097], [110.30802081710011, 1.5032052918999383], [110.30801632375285, 1.5032052917536678], [110.30801632368018, 1.5032075527798956], [110.30800958365927, 1.5032075525604611], [110.3080095835866, 1.5032098135866805], [110.30800509023935, 1.5032098134403877], [110.30800509031201, 1.5032075524141684], [110.30800284363839, 1.5032075523410169], [110.30800284371107, 1.5032052913147955], [110.30799835036382, 1.5032052911684932], [110.30799835014574, 1.5032120742471708], [110.30799610347212, 1.5032120741740196], [110.30799610318135, 1.5032211182788886], [110.30798711648683, 1.503221117986243], [110.30798711641413, 1.50322337901245], [110.30797812971961, 1.5032233787197906], [110.3079781296469, 1.5032256397459964], [110.30796914295237, 1.5032256394533023], [110.30796914287967, 1.5032279004795037], [110.30796015618516, 1.5032279001867932], [110.30796015611243, 1.5032301612129833], [110.30795116941793, 1.5032301609202607], [110.30795116934522, 1.5032324219464523], [110.3079421826507, 1.5032324216536943], [110.30794218272344, 1.5032301606275027], [110.30793993604982, 1.5032301605542875], [110.30793993619528, 1.503225638501902], [110.30793768952167, 1.5032256384287224], [110.30793768973984, 1.5032188553501256], [110.30793544306623, 1.5032188552769454], [110.30793544313896, 1.5032165942507316], [110.30793319646533, 1.5032165941775517], [110.30793319639261, 1.5032188552037336], [110.30791971635097, 1.503218854764545], [110.30791971642368, 1.5032165937383666], [110.30790398970846, 1.5032165932259052], [110.3079039897812, 1.5032143321997213], [110.30790174310759, 1.5032143321265192], [110.30790174318034, 1.503212071100335], [110.30789275648597, 1.5032120708074865], [110.30789275655872, 1.5032098097812874], [110.30786804314923, 1.5032098089758503], [110.30786804307647, 1.5032120700020304], [110.30785680970855, 1.5032120696358682], [110.30785680963578, 1.5032143306620436], [110.3078320962264, 1.5032143298563625], [110.30783209615362, 1.5032165908825172], [110.30782310945932, 1.5032165905895094], [110.30782310938653, 1.5032188516156657], [110.30781861603938, 1.5032188514691394], [110.30781861596658, 1.503221112495301], [110.30781412261943, 1.503221112348771], [110.30781412254665, 1.503223373374931], [110.30780738252592, 1.5032233731551217], [110.30780738259872, 1.5032211121289787], [110.30778716253663, 1.503221111469524], [110.30778716246378, 1.5032233724956712], [110.3077691890753, 1.5032233719093708], [110.30776918900247, 1.5032256329355256], [110.30776469565535, 1.5032256327889355], [110.30776469536404, 1.5032346768934588], [110.30774896864911, 1.5032346763803581], [110.30774896857628, 1.5032369374064833], [110.30774447522914, 1.5032369372598766], [110.3077444751563, 1.5032391982859974], [110.30774222848275, 1.5032391982126736], [110.30774222840992, 1.5032414592388024], [110.30773773506279, 1.5032414590921739], [110.30773773498993, 1.5032437201182884], [110.30773099496925, 1.503243719898333], [110.30773099526066, 1.5032346757938688], [110.30772874858711, 1.5032346757205421], [110.30772874960695, 1.5032030213547702], [110.30772650293342, 1.5032030212814558], [110.30772650300626, 1.503200760255324], [110.3077220096592, 1.5032007601087047], [110.30772200958636, 1.5032030211348366], [110.3077175162393, 1.503203020988211], [110.30771751616645, 1.5032052820143509], [110.30771526949292, 1.503205281941024], [110.30771526942006, 1.5032075429671559], [110.30771302274654, 1.5032075428938418], [110.30771302267368, 1.5032098039199748], [110.30771077600015, 1.503209803846648], [110.30771077592728, 1.5032120648727803], [110.30770852925376, 1.503212064799463], [110.30770852918091, 1.5032143258255777], [110.30770628250738, 1.5032143257522508], [110.30770628221593, 1.503223369856736], [110.3077040355424, 1.503223369783409], [110.30770403546954, 1.5032256308095167], [110.30769954212246, 1.5032256306628617], [110.3076995420496, 1.5032278916889779], [110.30769504870251, 1.5032278915423107], [110.30769504862965, 1.5032301525683993], [110.30769280195614, 1.5032301524950822], [110.30769280064433, 1.5032708509648867], [110.30768381395009, 1.5032708506714598], [110.30768381380432, 1.5032753727236368], [110.30768156713076, 1.5032753726502843], [110.30768156705786, 1.503277633676367], [110.3076793203843, 1.503277633603002], [110.30767932031141, 1.503279894629093], [110.30767707363783, 1.503279894555727], [110.30767707356496, 1.5032821555818137], [110.30767482689137, 1.503282155508442], [110.3076748268185, 1.503284416534514], [110.30767258014492, 1.5032844164611616], [110.30767258007204, 1.5032866774872253], [110.30767033339846, 1.5032866774138762], [110.30767033325266, 1.5032911994660132], [110.30766808657908, 1.5032911993926477], [110.3076680865062, 1.5032934604187072], [110.30766583983262, 1.5032934603453416], [110.30766583975972, 1.5032957213714164], [110.30766359308615, 1.5032957212980287], [110.30766359301326, 1.5032979823241042], [110.30766134633969, 1.5032979822507262], [110.30766134626677, 1.5033002432767752], [110.3076590995932, 1.5033002432034068], [110.3076590995203, 1.5033025042294736], [110.30765685284672, 1.5033025041560861], [110.3076568527738, 1.5033047651821603], [110.30765460610023, 1.5033047651087723], [110.30765460602733, 1.5033070261348331], [110.30765235935375, 1.5033070260614454], [110.30765235928082, 1.5033092870875204], [110.30765011260726, 1.50330928701412], [110.30765011253433, 1.5033115480401738], [110.3076456191872, 1.503311547893386], [110.30764561896844, 1.503318330971543], [110.30764337229485, 1.503318330898165], [110.30764337222192, 1.5033205919242103], [110.30764112554836, 1.5033205918508226], [110.30764112547543, 1.503322852876856], [110.30763887880184, 1.5033228528034557], [110.30763887872892, 1.503325113829508], [110.30763213870821, 1.5033251136092973], [110.30763213863526, 1.5033273746353475], [110.30762539861456, 1.5033273744151268], [110.30762539854162, 1.5033296354411725], [110.30762090519447, 1.5033296352943368], [110.30762090475677, 1.5033432014505475], [110.30758495797963, 1.5033432002757097], [110.3075849580526, 1.5033409392496981], [110.30758271137904, 1.5033409391762693], [110.30758271130607, 1.5033432002022737], [110.30757372461181, 1.5033431999085158], [110.30757372453884, 1.5033454609345254], [110.3075692311917, 1.5033454607876386], [110.30756923097277, 1.5033522438656615], [110.30756698429921, 1.5033522437922104], [110.30756698415325, 1.5033567658442324], [110.30756473747968, 1.5033567657707811], [110.3075647372607, 1.5033635488487924], [110.30756249058713, 1.503363548775341], [110.30756249044116, 1.5033680708273356], [110.30756024376758, 1.5033680707538803], [110.3075602435486, 1.503374853831882], [110.30755799687503, 1.5033748537584084], [110.30755799680203, 1.5033771147844002], [110.30754901010773, 1.503377114490528], [110.30754901003473, 1.5033793755165148], [110.30751980327834, 1.5033793745612904], [110.30751980320531, 1.5033816355872676], [110.30750182981681, 1.5033816349993263], [110.3075018297438, 1.5033838960252914], [110.30748385635533, 1.5033838954372516], [110.30748385628229, 1.5033861564632287], [110.30743667613778, 1.5033861549192193], [110.30743667650313, 1.5033748497894512], [110.30743218315607, 1.503374849642388], [110.30743218322912, 1.503372588616429], [110.3074299365556, 1.5033725885429041], [110.30742993662867, 1.5033703275169463], [110.3074254432816, 1.5033703273698613], [110.30742544335469, 1.5033680663438962], [110.30742319668114, 1.503368066270378], [110.30742319675423, 1.5033658052444112], [110.30742095008068, 1.5033658051708734], [110.30742095015377, 1.503363544144918], [110.30741870348025, 1.5033635440713804], [110.30741870355332, 1.5033612830454393], [110.3074164568798, 1.5033612829718892], [110.30741645695288, 1.5033590219459307], [110.30741421027936, 1.5033590218723925], [110.30741421035243, 1.5033567608464362], [110.30741196367892, 1.5033567607728981], [110.307411963752, 1.503354499746953], [110.30740747040498, 1.5033544995998545], [110.30740747047805, 1.503352238573899], [110.30740522380452, 1.503352238500361], [110.30740522387761, 1.5033499774743995], [110.3074029772041, 1.5033499774008618], [110.30740297727718, 1.5033477163749094], [110.30740073060367, 1.5033477163013584], [110.30740073067675, 1.5033454552754073], [110.30739848400324, 1.5033454552018564], [110.30739848407633, 1.5033431941758946], [110.30736927732084, 1.5033431932197], [110.30736927812485, 1.5033183219342277], [110.30736703145138, 1.5033183218606896], [110.30736703167064, 1.5033115387828024], [110.30736478499716, 1.5033115387092388], [110.30736478514332, 1.503307016657322], [110.30735804512292, 1.503307016436654], [110.30735804504982, 1.503309277462615], [110.30735355170289, 1.50330927731551], [110.30735355162979, 1.5033115383414497], [110.30735130495633, 1.5033115382678988], [110.30735130451775, 1.5033251044236031], [110.30734905784428, 1.50332510435004], [110.30734905762498, 1.5033318874278805], [110.3073468109515, 1.5033318873542947], [110.30734681073217, 1.5033386704321392], [110.30734456405871, 1.5033386703585625], [110.3073445639125, 1.5033431924104437], [110.30734231723902, 1.5033431923368548], [110.30734231709279, 1.5033477143887304], [110.3073400704193, 1.5033477143151346], [110.30734007027307, 1.5033522363670073], [110.30733782359958, 1.5033522362934406], [110.30733782338024, 1.5033590193712127], [110.30733557670675, 1.5033590192976365], [110.3073355765605, 1.503363541349488], [110.307333329887, 1.5033635412758892], [110.30733332974076, 1.5033680633277473], [110.30733108306727, 1.5033680632541457], [110.30733108299415, 1.503370324280066], [110.30732883632065, 1.5033703242064766], [110.30732883624752, 1.5033725852323898], [110.30732658957403, 1.5033725851587945], [110.30732658950089, 1.5033748461847054], [110.3073243428274, 1.5033748461111036], [110.30732434275427, 1.5033771071370359], [110.30732209608077, 1.5033771070634434], [110.30732209593451, 1.5033816291152582], [110.307319849261, 1.5033816290416468], [110.30731984911475, 1.5033861510934754], [110.30731760244124, 1.503386151019851], [110.3073176023681, 1.5033884120457754], [110.3073153556946, 1.5033884119721703], [110.30731535562144, 1.5033906729980686], [110.30731310894797, 1.5033906729244566], [110.30731310887481, 1.5033929339503525], [110.3073108622013, 1.50339293387676], [110.30731086212818, 1.5033951949026423], [110.30730187543416, 1.5033951946081872], [110.307301875361, 1.5033974556340832], [110.30729738201401, 1.5033974554868386], [110.30729738194086, 1.503399716512733], [110.30729288859385, 1.503399716365491], [110.30729288852069, 1.5034019773913818], [110.30728614850021, 1.5034019771704965], [110.30728614842705, 1.503404238196392], [110.30728165508005, 1.5034042380491213], [110.30728165493372, 1.503408760100894], [110.30727940826023, 1.5034087600272574], [110.30727940760167, 1.5034291092601653], [110.30728165427519, 1.5034291093338181], [110.30728165420201, 1.5034313703596829], [110.30728390087553, 1.5034313704333322], [110.30728390072919, 1.5034358924850728], [110.30727940738215, 1.5034358923377926], [110.30727940716261, 1.5034426754154], [110.30728165383613, 1.5034426754890498], [110.30728165376294, 1.5034449365149085], [110.30728839378352, 1.5034449367358576], [110.30728839341764, 1.5034562418651896], [110.30729064009115, 1.503456241938836], [110.30729064001798, 1.5034585029647083], [110.30729288669153, 1.503458503038345], [110.30729288661834, 1.5034607640642061], [110.30729513329187, 1.5034607641378557], [110.30729513307233, 1.5034675472154495], [110.30729737974589, 1.503467547289109], [110.30729737981906, 1.5034652862632296], [110.30729962649258, 1.5034652863368791], [110.30729962671212, 1.5034585032592747], [110.30730187338565, 1.5034585033329118], [110.307301873532, 1.5034539812811751], [110.30730412020554, 1.5034539813548218], [110.30730412013237, 1.5034562423806759], [110.30730636680589, 1.5034562424543256], [110.30730636673273, 1.5034585034802073], [110.30730861340626, 1.5034585035538566], [110.30730861333309, 1.503460764579705], [110.30731086000664, 1.503460764653342], [110.30731085993347, 1.5034630256792176], [110.30731535328056, 1.5034630258264787], [110.30731535320739, 1.503465286852353], [110.30731759988092, 1.5034652869259892], [110.30731759929559, 1.503483375132919], [110.30731310594847, 1.5034833749856331], [110.30731310587532, 1.5034856360114934], [110.30730636585464, 1.5034856357905702], [110.30730636578147, 1.5034878968164203], [110.30730187243437, 1.5034878966691212], [110.30730187236118, 1.5034901576949664], [110.30729737901406, 1.5034901575476733], [110.30729737894089, 1.5034924185735268], [110.30729063892022, 1.5034924183525429], [110.30729063870065, 1.5034992014300936], [110.3072883920271, 1.5034992013564314], [110.30728839173433, 1.5035082454598012], [110.30728165171364, 1.503508245238802], [110.30728165156724, 1.5035127672904702], [110.30728389824081, 1.5035127673641453], [110.3072838980944, 1.5035172894158204], [110.30728165142085, 1.5035172893421458], [110.30728165134764, 1.503519550367971], [110.30727940467408, 1.5035195502943088], [110.30727940460086, 1.5035218113201458], [110.3072771579273, 1.5035218112464521], [110.30727715778087, 1.5035263332981124], [110.30727491110733, 1.5035263332244342], [110.30727491088768, 1.5035331163019172], [110.30727266421411, 1.5035331162282324], [110.3072726640677, 1.5035376382798658], [110.30727041739412, 1.5035376382061902], [110.3072704173209, 1.5035398992320057], [110.30727266399448, 1.5035398993056905], [110.3072726636284, 1.5035512044347843], [110.30727041695481, 1.5035512043610963], [110.30727041644224, 1.5035670315417602], [110.30727266311582, 1.5035670316154508], [110.30727266296938, 1.5035715536670706], [110.30727490964297, 1.5035715537407583], [110.30727490949653, 1.503576075792369], [110.30727266282292, 1.5035760757186691], [110.30727266231031, 1.5035919028992786], [110.30727041563672, 1.5035919028255593], [110.30727041556348, 1.5035941638513641], [110.30727266223708, 1.503594163925055], [110.30727266216384, 1.5035964249508595], [110.30729737557354, 1.5035964257615286], [110.3072973746216, 1.5036258190968508], [110.30730186796886, 1.5036258192442418], [110.30730186789563, 1.5036280802700284], [110.30730636124291, 1.5036280804174293], [110.30730636116968, 1.5036303414432166], [110.30730860784332, 1.5036303415169143], [110.30730860777008, 1.5036326025426878], [110.30733332118014, 1.503632603353276], [110.30733332096051, 1.5036393864306552], [110.3073378143078, 1.5036393865780275], [110.3073378142346, 1.5036416476038206], [110.30734006090823, 1.503641647677498], [110.30734006083503, 1.5036439087032873], [110.30734230750868, 1.5036439087769746], [110.30734230714262, 1.5036552139059276], [110.30734006046896, 1.5036552138322559], [110.30734006010287, 1.5036665189611687], [110.30733781342921, 1.5036665188874911], [110.30733781328276, 1.5036710409390373], [110.3073355666091, 1.5036710408653593], [110.30733556638941, 1.503677823942685], [110.30733331971575, 1.5036778238690005], [110.3073333189102, 1.5037026951524382], [110.30733556558388, 1.5037026952261476], [110.3073355652177, 1.5037140003549554], [110.30733781189139, 1.5037140004286647], [110.30733781159843, 1.503723044531706], [110.30733331825104, 1.503723044384284], [110.3073333181778, 1.5037253054100321], [110.3073355648515, 1.5037253054837414], [110.30733556470501, 1.5037298275352484], [110.30733781137872, 1.5037298276089524], [110.30733781115899, 1.5037366106862193], [110.3073400578327, 1.5037366107599166], [110.30734005775945, 1.5037388717856746], [110.30734455110687, 1.5037388719331009], [110.30734455103362, 1.5037411329588537]], [[110.30794891066182, 1.503605491180977], [110.30795565068335, 1.503605491400937], [110.3079556507562, 1.50360323037491], [110.30795340408237, 1.5036032303015998], [110.30795340415519, 1.5036009692755814], [110.30795115748136, 1.5036009692022487], [110.3079511575542, 1.5035987081762352], [110.30795565090189, 1.5035987083228624], [110.30795565097472, 1.5035964472968375], [110.30795789764855, 1.5035964473701506], [110.30795789757572, 1.5035987083961755], [110.30796014424956, 1.5035987084694793], [110.3079601439582, 1.5036077525735634], [110.30795789728434, 1.503607752500263], [110.30795789721151, 1.5036100135262664], [110.30795565053765, 1.5036100134529633], [110.30795565046482, 1.5036122744789824], [110.30795340379098, 1.5036122744056786], [110.30795340386382, 1.5036100133796524], [110.30795115718998, 1.5036100133063395], [110.30795115726285, 1.5036077522803097], [110.30794891058899, 1.5036077522070124], [110.30794891066182, 1.503605491180977]], [[110.30774221681786, 1.5036009623785238], [110.30774446349162, 1.5036009624519493], [110.30774446341864, 1.5036032234779042], [110.30774221674487, 1.5036032234044823], [110.30774221681786, 1.5036009623785238]], [[110.30776468355555, 1.5036009631127993], [110.30777142357687, 1.5036009633330627], [110.30777142343098, 1.5036054853849676], [110.30776917675719, 1.5036054853115683], [110.30776917668425, 1.5036077463375077], [110.30776693001046, 1.5036077462641053], [110.3077669300834, 1.5036054852381426], [110.30776468340963, 1.5036054851647211], [110.30776468355555, 1.5036009631127993]], [[110.30744790314608, 1.5035828645406875], [110.3074523964934, 1.5035828646878837], [110.30745239642027, 1.5035851257137494], [110.30745014974663, 1.5035851256401351], [110.30745014967349, 1.503587386666008], [110.30744790299983, 1.5035873865924037], [110.30744790314608, 1.5035828645406875]], [[110.30795115806411, 1.5035828809940504], [110.30795340473794, 1.503582881067364], [110.3079534046651, 1.5035851420933748], [110.30795115799128, 1.5035851420200743], [110.30795115784558, 1.503589664072153], [110.30794891117175, 1.5035896639988207], [110.30794891109892, 1.503591925024843], [110.30794666442507, 1.5035919249515393], [110.30794666435224, 1.5035941859775575], [110.3079444176784, 1.503594185904257], [110.30794441753271, 1.5035987079562887], [110.30794217085887, 1.5035987078829847], [110.30794217100458, 1.503594185830937], [110.30793992433074, 1.503594185757611], [110.30793992447644, 1.5035896637055768], [110.30793767780263, 1.5035896636322537], [110.30793767802118, 1.503582880554176], [110.30793543134733, 1.5035828804808722], [110.30793543149304, 1.50357835842882], [110.30793318481922, 1.5035783583554971], [110.30793318489206, 1.5035760973294712], [110.30793093821825, 1.5035760972561611], [110.30793093836395, 1.5035715752040961], [110.30792869169014, 1.5035715751307923], [110.307928691763, 1.503569314104762], [110.30792195174156, 1.5035693138848087], [110.30792195181442, 1.503567052858778], [110.307915211793, 1.5035670526388152], [110.30791521186585, 1.5035647916127952], [110.30791071851824, 1.5035647914661492], [110.3079107185911, 1.503562530440128], [110.3079039785697, 1.5035625302201427], [110.30790397864257, 1.5035602691941163], [110.30789723862117, 1.5035602689741414], [110.30789723869404, 1.5035580079481163], [110.30789049867266, 1.5035580077281276], [110.30789049874552, 1.5035557467020984], [110.30788825207173, 1.5035557466287597], [110.3078882521446, 1.5035534856027286], [110.30788600547082, 1.503553485529402], [110.3078860055437, 1.5035512245033802], [110.30788375886989, 1.5035512244300502], [110.30788375894276, 1.5035489634040264], [110.30788151226898, 1.5035489633306873], [110.30788151234185, 1.5035467023046682], [110.3078747723205, 1.503546702084651], [110.30787477239338, 1.5035444410586425], [110.30786803237204, 1.503544440838616], [110.30786803244493, 1.5035421798125879], [110.30785904574982, 1.5035421795192239], [110.3078590458227, 1.503539918493204], [110.3078523058014, 1.5035399182731577], [110.30785230587428, 1.503537657247136], [110.30784331917923, 1.5035376569537318], [110.30784331925211, 1.5035353959277298], [110.30783657923082, 1.5035353957076516], [110.30783657930371, 1.5035331346816394], [110.30784107265121, 1.503533134828353], [110.30784107272412, 1.5035308738023268], [110.30784781274541, 1.5035308740223792], [110.30784781281828, 1.5035286129963579], [110.30786803288215, 1.5035286136564456], [110.30786803295503, 1.5035263526304221], [110.30787027962879, 1.5035263527037546], [110.30787027970165, 1.5035240916777242], [110.30787701972297, 1.5035240918977126], [110.3078770196501, 1.5035263529237564], [110.30788600634517, 1.5035263532170713], [110.30788600627231, 1.5035286142430884], [110.30788825294609, 1.503528614316414], [110.30788825287323, 1.5035308753424612], [110.30789274622077, 1.5035308754891044], [110.30789274614791, 1.5035331365151465], [110.30789499282172, 1.5035331365884603], [110.30789499274886, 1.5035353976144916], [110.3078994860964, 1.5035353977611505], [110.30789948602354, 1.5035376587871896], [110.30790173269733, 1.5035376588605032], [110.30790173262447, 1.5035399198865385], [110.30790622597206, 1.5035399200331652], [110.30790622589922, 1.5035421810592082], [110.30790847257299, 1.5035421811325216], [110.30790847250015, 1.503544442158563], [110.30791296584772, 1.5035444423051867], [110.30791296577488, 1.5035467033312329], [110.30791521244866, 1.5035467034045498], [110.3079152123758, 1.5035489644305682], [110.3079197057234, 1.5035489645772149], [110.30791970565056, 1.503551225603245], [110.30792195232436, 1.5035512256765589], [110.30792195225152, 1.503553486702594], [110.3079241989253, 1.5035534867759077], [110.30792419885246, 1.5035557478019408], [110.30793093887388, 1.503555748021882], [110.30793093894671, 1.5035534869958482], [110.30793543229433, 1.5035534871424465], [110.30793543222147, 1.5035557481684931], [110.3079376788953, 1.5035557482417934], [110.30793767904096, 1.5035512261897241], [110.30794217238858, 1.5035512263363258], [110.30794217231572, 1.5035534873623608], [110.30794441898955, 1.5035534874356746], [110.30794441884387, 1.5035580094877472], [110.30794666551769, 1.5035580095610477], [110.30794666537201, 1.503562531613124], [110.30794891204582, 1.5035625316864252], [110.30794891182732, 1.5035693147645546], [110.30795115850114, 1.5035693148378424], [110.30795115835546, 1.5035738368899134], [110.30795340502928, 1.5035738369632143], [110.30795340495645, 1.5035760979892634], [110.30794666493499, 1.5035760977693362], [110.30794666508066, 1.5035715757172714], [110.30794441840685, 1.5035715756439703], [110.30794441855254, 1.503567053591894], [110.30794217187871, 1.5035670535186028], [110.3079421720244, 1.5035625314665324], [110.30793992535058, 1.5035625313932222], [110.30793992549626, 1.5035580093411396], [110.30793767882244, 1.5035580092678393], [110.30793767860392, 1.5035647923459485], [110.30793992527774, 1.5035647924192497], [110.30793992505922, 1.5035715754973569], [110.30794217173302, 1.50357157557067], [110.30794217158736, 1.5035760976227222], [110.30794441826117, 1.503576097696035], [110.30794441818833, 1.5035783587220606], [110.30794666486214, 1.5035783587953704], [110.3079466647893, 1.5035806198214103], [110.30795115813694, 1.5035806199680148], [110.30795115806411, 1.5035828809940504]], [[110.30777367105303, 1.503576092120833], [110.30777591772679, 1.503576092194246], [110.30777591758091, 1.503580614246184], [110.30777367090717, 1.5035806141727714], [110.30777367083422, 1.5035828751987497], [110.3077669308129, 1.5035828749785114], [110.30776693125057, 1.5035693088226951], [110.30776917792433, 1.5035693088960944], [110.30776917821608, 1.5035602647921893], [110.30777142488984, 1.503560264865589], [110.30777142467103, 1.503567047943524], [110.30777367134479, 1.503567048016936], [110.30777367105303, 1.503576092120833]], [[110.3072838969963, 1.5035512048032103], [110.30728614366987, 1.5035512048768946], [110.30728614374308, 1.5035489438510772], [110.30729063709025, 1.503548943998427], [110.30729063694383, 1.5035534660500707], [110.30728389692308, 1.5035534658290235], [110.3072838969963, 1.5035512048032103]], [[110.30733781716249, 1.5035512065712069], [110.3073400638361, 1.5035512066448598], [110.3073400641288, 1.5035421625415004], [110.307355790844, 1.503542163056998], [110.30735579091717, 1.5035399020311524], [110.30735803759076, 1.503539902104789], [110.30735803766393, 1.5035376410789287], [110.30736028433753, 1.503537641152578], [110.30736028441069, 1.503535380126723], [110.3073625310843, 1.503535380200347], [110.30736253115747, 1.5035331191744927], [110.30736477783107, 1.5035331192481292], [110.30736477790421, 1.5035308582222782], [110.30736702457781, 1.5035308582959144], [110.30736702450467, 1.5035331193217631], [110.30737151785185, 1.5035331194690176], [110.3073715177787, 1.5035353804948706], [110.30737376445231, 1.5035353805684943], [110.30737376437915, 1.503537641594363], [110.30737601105275, 1.503537641667973], [110.30737601097961, 1.5035399026938245], [110.30737825765321, 1.5035399027674514], [110.30737825758005, 1.5035421637933095], [110.30738050425366, 1.503542163866933], [110.30738050410734, 1.5035466859186268], [110.30737825743374, 1.5035466858450226], [110.30737825721427, 1.5035534689225643], [110.30737601054065, 1.5035534688489403], [110.30737601032115, 1.5035602519264855], [110.30737376364755, 1.5035602518528484], [110.30737376342805, 1.5035670349303862], [110.30736253005996, 1.5035670345621779], [110.30736253013312, 1.5035647735363455], [110.30735354343867, 1.5035647732417734], [110.30735354351184, 1.5035625122159428], [110.3073445568174, 1.5035625119213456], [110.30734455674421, 1.5035647729471635], [110.30734006339699, 1.5035647727998551], [110.30734006354336, 1.5035602507482049], [110.30733781686975, 1.5035602506745553], [110.30733781716249, 1.5035512065712069]], [[110.30777367200119, 1.50354669878309], [110.30777591867492, 1.5035466988564767], [110.30777591831028, 1.5035580039864151], [110.30777367163653, 1.5035580039130123], [110.30777367156358, 1.5035602649390019], [110.30777142488984, 1.503560264865589], [110.30777142503571, 1.5035557428136208], [110.30776917836197, 1.5035557427402213], [110.30776917872662, 1.5035444376103169], [110.3077736720741, 1.5035444377571034], [110.30777367200119, 1.50354669878309]], [[110.30729513087664, 1.503535377990833], [110.30729737755021, 1.5035353780644953], [110.30729737776981, 1.5035285949870096], [110.30729962444337, 1.5035285950606716], [110.30729962473617, 1.5035195509573298], [110.30730187140975, 1.5035195510309758], [110.30730187133655, 1.50352181205681], [110.30731310470442, 1.503521812425121], [110.30731310419209, 1.5035376396059725], [110.3073108575185, 1.5035376395323108], [110.30731085722573, 1.5035466836356375], [110.30730411720496, 1.5035466834146483], [110.30730411727816, 1.5035444223888212], [110.30730187060458, 1.5035444223151397], [110.30730187067778, 1.5035421612893298], [110.3072996240042, 1.5035421612156556], [110.3072996240774, 1.5035399001898255], [110.30729737740383, 1.50353990011615], [110.30729737747701, 1.5035376390903252], [110.30729513080344, 1.50353763901665], [110.30729513087664, 1.503535377990833]], [[110.30795789961499, 1.5035353996670435], [110.30796014628878, 1.5035353997403187], [110.30796014643443, 1.5035308776882166], [110.30795789976062, 1.503530877614929], [110.30795789990627, 1.5035263555628144], [110.30796239325386, 1.5035263557093774], [110.30796239332668, 1.5035240946833117], [110.30796464000046, 1.5035240947565995], [110.30796464007328, 1.503521833730535], [110.30796913342088, 1.5035218338770853], [110.30796913349369, 1.5035195728510267], [110.30797362684127, 1.5035195729975641], [110.30797362676847, 1.5035218340236391], [110.30797138009467, 1.5035218339503642], [110.30797137994905, 1.5035263560024812], [110.30796913327526, 1.5035263559292187], [110.30796913320243, 1.5035286169552733], [110.30796688652863, 1.503528616882005], [110.30796688645583, 1.5035308779080676], [110.30796463978203, 1.5035308778347798], [110.3079646396364, 1.5035353998868946], [110.3079623929626, 1.503535399813619], [110.30796239288978, 1.5035376608396585], [110.30795789954217, 1.5035376606931015], [110.30795789961499, 1.5035353996670435]], [[110.30789049998414, 1.5035173092595504], [110.3078927466579, 1.5035173093328735], [110.30789274658505, 1.503519570358918], [110.3078904999113, 1.5035195702856043], [110.30789049998414, 1.5035173092595504]], [[110.30797362691409, 1.5035173119714935], [110.30797587358788, 1.503517312044769], [110.30797587351508, 1.503519573070849], [110.30797362684127, 1.5035195729975641], [110.30797362691409, 1.5035173119714935]], [[110.30772873954773, 1.503515042951174], [110.30773547956888, 1.5035150431713993], [110.30773547949593, 1.5035173041973946], [110.3077309861485, 1.5035173040505785], [110.30773098607557, 1.5035195650765596], [110.3077219993807, 1.503519564782909], [110.30772199945366, 1.503517303756918], [110.30771975277993, 1.503517303683489], [110.30771975285289, 1.5035150426575068], [110.30771750617919, 1.5035150425840973], [110.30771750625213, 1.5035127815581157], [110.30771525957843, 1.5035127814846805], [110.30771525965139, 1.5035105204586885], [110.30771301297769, 1.5035105203852857], [110.30771301305063, 1.503508259359301], [110.30771076637694, 1.5035082592858755], [110.30771076644987, 1.503505998259903], [110.30771975314468, 1.5035059985535668], [110.30771975307174, 1.503508259579565], [110.30772424641916, 1.5035082597263778], [110.3077242463462, 1.5035105207523747], [110.30772649301991, 1.5035105208257784], [110.30772649294698, 1.503512781851757], [110.30772873962069, 1.5035127819251926], [110.30772873954773, 1.503515042951174]], [[110.30788376010854, 1.5035127869875216], [110.30788600678231, 1.503512787060835], [110.30788600670947, 1.5035150480868638], [110.3078837600357, 1.5035150480135602], [110.30788376010854, 1.5035127869875216]], [[110.30788151350764, 1.5035105258881551], [110.30788376018141, 1.5035105259614687], [110.30788376010854, 1.5035127869875216], [110.30788151343478, 1.5035127869141853], [110.30788151350764, 1.5035105258881551]], [[110.30752878595565, 1.5035037312826836], [110.30753103262929, 1.5035037313562083], [110.30753103255621, 1.5035059923821381], [110.30752878588258, 1.50350599230861], [110.30752878595565, 1.5035037312826836]], [[110.30770851984913, 1.5035037371604836], [110.30771076652283, 1.5035037372339222], [110.30771076644987, 1.503505998259903], [110.30770851977617, 1.5035059981864902], [110.30770851984913, 1.5035037371604836]], [[110.30795340735963, 1.5035014841295338], [110.30795790070721, 1.5035014842761005], [110.30795790063439, 1.5035037453021656], [110.30795340728683, 1.5035037451556055], [110.30795340735963, 1.5035014841295338]], [[110.3076478598785, 1.5034969520997767], [110.30765459989952, 1.5034969523201298], [110.30765459982653, 1.5034992133460932], [110.30765235315285, 1.5034992132726481], [110.30765235307989, 1.5035014742986061], [110.30764785973253, 1.5035014741517043], [110.3076478598785, 1.5034969520997767]], [[110.30755349965787, 1.5034946879876376], [110.30755574633152, 1.5034946880611495], [110.30755574640455, 1.5034924270352157], [110.30756023975184, 1.5034924271822139], [110.30756023982487, 1.503490166156278], [110.30756248649851, 1.5034901662297775], [110.30756248657154, 1.5034879052038435], [110.30756697991883, 1.5034879053508226], [110.30756697999186, 1.5034856443248843], [110.30757147333914, 1.5034856444718732], [110.30757147341217, 1.503483383445936], [110.30757821343309, 1.5034833836663986], [110.3075782135061, 1.5034811226404536], [110.30758046017975, 1.503481122713933], [110.30758046010672, 1.503483383739898], [110.30758270678038, 1.5034833838133743], [110.30758270663434, 1.503487905865285], [110.30758495330798, 1.5034879059387711], [110.30758495323497, 1.5034901669647278], [110.30758719990862, 1.5034901670381915], [110.30758719866719, 1.5035286044792038], [110.30758270531986, 1.5035286043322058], [110.30758270524682, 1.5035308653581416], [110.30757596522582, 1.503530865137616], [110.30757596515278, 1.5035331261635407], [110.30757371847909, 1.5035331260900415], [110.30757371869822, 1.5035263430122596], [110.30757147202455, 1.5035263429387475], [110.30757147224367, 1.5035195598609616], [110.30756922557, 1.5035195597874627], [110.30756922564304, 1.5035172987615288], [110.30756697896939, 1.5035172986880203], [110.30756697904243, 1.5035150376620914], [110.30756473236875, 1.5035150375885797], [110.3075647324418, 1.5035127765626555], [110.30756248576814, 1.5035127764891565], [110.30756248584119, 1.5035105154632082], [110.30755799249388, 1.5035105153161974], [110.30755799256693, 1.503508254290264], [110.30755574589327, 1.5035082542167524], [110.30755574596631, 1.5035059931908268], [110.30755349929267, 1.503505993117315], [110.30755349965787, 1.5034946879876376]], [[110.30789499406013, 1.5034946991457139], [110.3078972407339, 1.5034946992190277], [110.30789724080674, 1.5034924381929629], [110.3078994874805, 1.5034924382662662], [110.30789948755333, 1.5034901772402136], [110.30790398090085, 1.5034901773868286], [110.30790398097368, 1.5034879163607864], [110.30791072099495, 1.5034879165806665], [110.30791072092212, 1.5034901776067306], [110.30790847424836, 1.5034901775334206], [110.3079084741027, 1.5034946995855416], [110.30790622742894, 1.5034946995122536], [110.30790622713758, 1.503503743616467], [110.30790398046382, 1.5035037435431537], [110.30790398039096, 1.5035060045692075], [110.3079017337172, 1.5035060044958937], [110.30790173364437, 1.5035082655219427], [110.30789499362307, 1.5035082653020144], [110.30789499406013, 1.5034946991457139]], [[110.30761191361084, 1.5034811237426242], [110.30761416028447, 1.5034811238161083], [110.30761416021147, 1.5034833848420655], [110.30760742019052, 1.5034833846216544], [110.30760742026352, 1.5034811235956966], [110.30760517358986, 1.50348112352221], [110.30760517373588, 1.5034766014703005], [110.30760292706223, 1.5034766013968235], [110.30760292713524, 1.5034743403708617], [110.30760068046159, 1.5034743402973882], [110.30760068068061, 1.5034675572195033], [110.30759843400695, 1.5034675571460268], [110.30759843415296, 1.5034630350940887], [110.30759618747933, 1.5034630350206248], [110.30759618799034, 1.5034472078388268], [110.30759843466397, 1.5034472079122907], [110.30759843473697, 1.5034449468863127], [110.30760068141058, 1.5034449469597668], [110.30760068133759, 1.503447207985768], [110.30760517468485, 1.5034472081326802], [110.30760517453886, 1.5034517301846382], [110.30760742121251, 1.503451730258086], [110.30760742092052, 1.5034607743619908], [110.30760966759416, 1.5034607744354513], [110.30760966730217, 1.5034698185393416], [110.30761191397582, 1.5034698186127933], [110.30761191361084, 1.5034811237426242]], [[110.30777816753617, 1.503478868149733], [110.30778490755728, 1.5034788683698375], [110.30778490733857, 1.5034856514479198], [110.30777816731744, 1.5034856512277968], [110.30777816739035, 1.5034833902017708], [110.30777367404292, 1.5034833900550217], [110.30777367397003, 1.5034856510810413], [110.30777142729632, 1.50348565100768], [110.30777142736922, 1.5034833899816566], [110.3077669340218, 1.5034833898348918], [110.30776693409472, 1.5034811288088739], [110.307764687421, 1.5034811287354999], [110.30776468756684, 1.50347660668346], [110.30776693424053, 1.5034766067568344], [110.30776693438636, 1.5034720847048137], [110.30777142773377, 1.5034720848515533], [110.30777142766087, 1.50347434587757], [110.30777367433456, 1.5034743459509448], [110.30777367426165, 1.5034766069769705], [110.30777816760906, 1.5034766071237229], [110.30777816753617, 1.503478868149733]], [[110.30799834163601, 1.5034766143078302], [110.30800058830978, 1.5034766143810827], [110.30800058823701, 1.5034788754071793], [110.30799834156323, 1.5034788753339268], [110.30799834163601, 1.5034766143078302]], [[110.30770627426968, 1.5034698216971756], [110.30771076761702, 1.5034698218439977], [110.30771076739819, 1.503476604922009], [110.30770627405083, 1.5034766047751704], [110.30770627426968, 1.5034698216971756]], [[110.30757821416326, 1.5034607734068364], [110.3075804608369, 1.5034607734803231], [110.30758046076389, 1.5034630345062743], [110.30757596741662, 1.5034630343593107], [110.30757596748964, 1.5034607733333694], [110.30756698079513, 1.5034607730394165], [110.30756698094117, 1.5034562509875056], [110.30756473426753, 1.5034562509139968], [110.30756473434056, 1.503453989888047], [110.30756248766693, 1.5034539898145574], [110.30756248781299, 1.5034494677626438], [110.30756024113937, 1.5034494676891572], [110.3075602412854, 1.5034449456372314], [110.307562487959, 1.5034449457107182], [110.30756248788599, 1.503447206736686], [110.3075647345596, 1.5034472068101727], [110.30756473448659, 1.5034494678361365], [110.3075669811602, 1.5034494679096233], [110.3075669810872, 1.5034517289355764], [110.30756922776082, 1.5034517290090559], [110.3075692276878, 1.5034539900350294], [110.30757596770867, 1.5034539902554729], [110.30757596763566, 1.5034562512814353], [110.30757821430929, 1.5034562513549095], [110.30757821416326, 1.5034607734068364]], [[110.30768830139091, 1.5034539939278708], [110.30769279473823, 1.5034539940746965], [110.3076927946653, 1.5034562551006931], [110.30768830131795, 1.5034562549538681], [110.30768830139091, 1.5034539939278708]], [[110.30751081424691, 1.5034517270980563], [110.30751530759409, 1.5034517272450962], [110.30751530744801, 1.5034562492969756], [110.30751081410081, 1.5034562491499348], [110.30751081424691, 1.5034517270980563]], [[110.3075130610666, 1.5034472051196803], [110.3075153077402, 1.5034472051931922], [110.30751530766716, 1.503449466219137], [110.30751306099356, 1.5034494661456248], [110.3075130610666, 1.5034472051196803]], [[110.30772874180866, 1.5034449511450712], [110.30773323515602, 1.503444951291833], [110.3077332350831, 1.503447212317862], [110.30773098840943, 1.5034472122444746], [110.3077309883365, 1.5034494732704862], [110.3077220016418, 1.5034494729769337], [110.30772200171474, 1.5034472119509092], [110.30771975504108, 1.5034472118775217], [110.30771975518692, 1.5034426898254882], [110.3077220018606, 1.5034426898988758], [110.30772200193351, 1.5034404288728567], [110.30772424860719, 1.5034404289462535], [110.30772424853424, 1.5034426899722624], [110.30772874188159, 1.503442690119044], [110.30772874180866, 1.5034449511450712]], [[110.3075579946848, 1.5034426845377784], [110.30756024135842, 1.503442684611274], [110.3075602412854, 1.5034449456372314], [110.30755799461178, 1.5034449455637449], [110.3075579946848, 1.5034426845377784]], [[110.30789499580816, 1.5034404345201275], [110.30789724248187, 1.5034404345934256], [110.30789724240906, 1.5034426956195086], [110.30789499573532, 1.5034426955462206], [110.30789499580816, 1.5034404345201275]], [[110.30793543593535, 1.5034404358391553], [110.30793768260908, 1.5034404359124338], [110.30793768253628, 1.503442696938516], [110.30793543586255, 1.5034426968652403], [110.30793543593535, 1.5034404358391553]], [[110.3078972425547, 1.5034381735673383], [110.30789948922843, 1.5034381736406301], [110.30789948915562, 1.5034404346667143], [110.30789724248187, 1.5034404345934256], [110.3078972425547, 1.5034381735673383]], [[110.30790622932243, 1.5034359128344148], [110.30790847599614, 1.5034359129076904], [110.30790847592334, 1.503438173933786], [110.30790622924961, 1.5034381738604816], [110.30790622932243, 1.5034359128344148]], [[110.3079331894072, 1.5034359137137139], [110.30793543608094, 1.50343591378697], [110.30793543593535, 1.5034404358391553], [110.30793318926159, 1.5034404357658926], [110.3079331893344, 1.5034381747398056], [110.30793094266066, 1.503438174666533], [110.30793094280627, 1.5034336526143575], [110.3079264494588, 1.5034336524678067], [110.30792644924038, 1.5034404355460889], [110.30792420256665, 1.5034404354728133], [110.30792420242103, 1.5034449575249773], [110.30792195574729, 1.5034449574517015], [110.30792195567447, 1.5034472184777914], [110.30791970900076, 1.5034472184045093], [110.30791970951041, 1.5034313912219082], [110.30791746283668, 1.5034313911486297], [110.30791746276388, 1.5034336521747143], [110.30791072274269, 1.503433651954885], [110.30791072266987, 1.503435912980969], [110.30790847599614, 1.5034359129076904], [110.30790847606897, 1.5034336518816], [110.30790622939524, 1.5034336518083116], [110.30790622932243, 1.5034359128344148], [110.30790173597498, 1.5034359126878387], [110.30790173590215, 1.503438173713918], [110.30789948922843, 1.5034381736406301], [110.30789948937407, 1.50343365158847], [110.30790173604778, 1.5034336516617453], [110.30790173612061, 1.5034313906356631], [110.30790398279431, 1.503431390708961], [110.30790398286715, 1.5034291296828612], [110.30790622954088, 1.5034291297561493], [110.30790622961368, 1.503426868730045], [110.3079084762874, 1.5034268688033332], [110.30790847636021, 1.5034246077772566], [110.30791072303394, 1.5034246078505222], [110.30791072310676, 1.5034223468244245], [110.30791296978047, 1.5034223468977002], [110.30791296985328, 1.5034200858716076], [110.30791521652701, 1.5034200859448927], [110.3079152165998, 1.5034178249188015], [110.30791746327353, 1.5034178249920636], [110.30791746334633, 1.5034155639659648], [110.30791971002006, 1.5034155640392184], [110.30791971016565, 1.5034110419870415], [110.30792195683938, 1.503411042060304], [110.30792195676658, 1.5034133030863999], [110.3079242034403, 1.5034133031596624], [110.30792420336749, 1.503415564185769], [110.30792645004121, 1.503415564259019], [110.30792644996842, 1.5034178252851307], [110.30793094331585, 1.5034178254316564], [110.30793094324308, 1.5034200864577534], [110.3079331899168, 1.5034200865310163], [110.307933189844, 1.5034223475571311], [110.30793543651774, 1.5034223476303812], [110.30793543637213, 1.5034268696825903], [110.3079331896984, 1.5034268696093285], [110.3079331894072, 1.5034359137137139]], [[110.30766358973153, 1.5033997284960576], [110.30766583640516, 1.503399728569474], [110.30766583647811, 1.5033974675434547], [110.30766808315173, 1.503397467616856], [110.30766808322466, 1.5033952065908445], [110.30767032989829, 1.5033952066642478], [110.30767032982534, 1.5033974676902557], [110.3076748231726, 1.5033974678370845], [110.30767482309966, 1.5033997288631038], [110.30767257642603, 1.5033997287896999], [110.3076725763531, 1.5034019898157176], [110.30766808300584, 1.5034019896689104], [110.30766808293289, 1.5034042506949261], [110.30766583625928, 1.5034042506215004], [110.30766583633222, 1.503401989595497], [110.30766358965859, 1.5034019895220878], [110.30766358973153, 1.5033997284960576]], [[110.30769953665546, 1.5033952076184194], [110.3077017833291, 1.5033952076917974], [110.30770178325618, 1.5033974687178435], [110.30769953658255, 1.5033974686444427], [110.30769953665546, 1.5033952076184194]], [[110.3076748236102, 1.5033839016809225], [110.30767707028383, 1.503383901754323], [110.3076770702109, 1.5033861627803375], [110.30767482353728, 1.5033861627069505], [110.3076748236102, 1.5033839016809225]], [[110.30769504389157, 1.5033771192633376], [110.3076972905652, 1.5033771193367251], [110.30769729041936, 1.5033816413888004], [110.30769055039848, 1.5033816411686478], [110.30769055076308, 1.5033703360384385], [110.30768381074223, 1.5033703358182857], [110.30768381066932, 1.503372596844322], [110.3076815639957, 1.5033725967709315], [110.30768156406863, 1.5033703357449042], [110.30767931739503, 1.5033703356715045], [110.30767931754086, 1.5033658136194177], [110.30768381088807, 1.5033658137662083], [110.307683810961, 1.5033635527401576], [110.30769279765545, 1.5033635530336917], [110.30769279758253, 1.5033658140597488], [110.30769504425616, 1.5033658141331232], [110.30769504418322, 1.5033680751591596], [110.30769279750962, 1.5033680750857845], [110.30769279729087, 1.50337485816392], [110.30769504396449, 1.5033748582372977], [110.30769504389157, 1.5033771192633376]], [[110.30770852437077, 1.5033635535473342], [110.30771077104438, 1.5033635536207086], [110.3077107711173, 1.503361292594657], [110.3077130177909, 1.5033612926680322], [110.3077130176451, 1.503365814720134], [110.30771077097147, 1.5033658146467717], [110.30771077089857, 1.503368075672815], [110.30770852422495, 1.5033680755994367], [110.30770852437077, 1.5033635535473342]], [[110.30769279772836, 1.5033612920076498], [110.30769504440198, 1.503361292081037], [110.30769504432907, 1.5033635531070764], [110.30769279765545, 1.5033635530336917], [110.30769279772836, 1.5033612920076498]], [[110.30770627784297, 1.5033590314218608], [110.30770852451657, 1.5033590314952356], [110.30770852444367, 1.5033612925212922], [110.30770627777007, 1.5033612924479045], [110.30770627784297, 1.5033590314218608]], [[110.30766583793678, 1.5033522470228016], [110.30766808461038, 1.5033522470962053], [110.30766808475623, 1.5033477250441167], [110.30767033142983, 1.5033477251174976], [110.30767033113814, 1.5033567692216756], [110.30766808446452, 1.5033567691482939], [110.30766808453745, 1.5033545081222472], [110.30766583786387, 1.5033545080488437], [110.30766583793678, 1.5033522470228016]], [[110.30778715860362, 1.5033432068798405], [110.30780063864542, 1.50334320731975], [110.30780063747979, 1.5033793837371008], [110.30776469070135, 1.5033793825637323], [110.30776469179445, 1.5033454671726485], [110.30775570509994, 1.5033454668792936], [110.30775570502705, 1.5033477279053875], [110.30774222498532, 1.5033477274653178], [110.30774222491243, 1.5033499884913788], [110.30773997823881, 1.5033499884180421], [110.3077399783117, 1.5033477273919658], [110.30773773163808, 1.5033477273186129], [110.30773773178385, 1.503343205266481], [110.30773548511023, 1.5033432051931284], [110.3077354851831, 1.5033409441670533], [110.3077332385095, 1.5033409440937042], [110.30773323872815, 1.5033341610154873], [110.30773548540176, 1.503334161088836], [110.30773548583903, 1.503320594932371], [110.30773997918624, 1.5033205950790498], [110.30773997925911, 1.503318334052964], [110.30774447260633, 1.5033183341996434], [110.30774447267919, 1.503316073173555], [110.3077489660264, 1.5033160733202313], [110.30774896609925, 1.5033138122941385], [110.30775345944647, 1.503313812440802], [110.30775345951933, 1.5033115514147048], [110.30775795286654, 1.5033115515613809], [110.30775795293941, 1.5033092905352692], [110.30776244628662, 1.503309290681923], [110.30776244635948, 1.5033070296558289], [110.3077669397067, 1.5033070298024698], [110.30776693977954, 1.5033047687763745], [110.30777143312675, 1.5033047689230123], [110.3077714331996, 1.5033025078969], [110.3077759265468, 1.5033025080435314], [110.30777592661966, 1.5033002470174364], [110.30777817329326, 1.5033002470907502], [110.3077781733661, 1.503297986064622], [110.30778266671332, 1.50329798621125], [110.30778266678617, 1.5032957251851393], [110.30778716013339, 1.5032957253317643], [110.30778716020622, 1.5032934643056493], [110.30787028713013, 1.5032934670170086], [110.30787028720293, 1.503291205990863], [110.30787253387655, 1.503291206064126], [110.30787253380377, 1.5032934670902587], [110.30787702715104, 1.5032934672367717], [110.30787702707826, 1.5032957282628967], [110.30788152042551, 1.5032957284094162], [110.30788152035274, 1.503297989435552], [110.30788601370001, 1.5032979895820426], [110.30788601362724, 1.5033002506081838], [110.30788826030089, 1.5033002506814468], [110.30788826022808, 1.5033025117075771], [110.30789500024903, 1.5033025119273176], [110.3078950000307, 1.503309295005766], [110.30789724670436, 1.5033092950790032], [110.30789724604931, 1.5033296443142323], [110.30789499937565, 1.5033296442409825], [110.30789499923007, 1.5033341662932371], [110.30789275255641, 1.503334166219987], [110.30789275248362, 1.5033364272461116], [110.30789050580997, 1.5033364271728549], [110.30789050573715, 1.5033386881989896], [110.30786803900052, 1.5033386874663222], [110.30786803892772, 1.503340948492437], [110.30783658549656, 1.5033409474664854], [110.30783658542373, 1.5033432084925915], [110.30780063864542, 1.50334320731975], [110.30780063871826, 1.5033409462936622], [110.30778715867646, 1.5033409458537557], [110.30778715860362, 1.5033432068798405]], [[110.30807473370717, 1.5033160839399358], [110.30807698038089, 1.5033160840130873], [110.30807698045356, 1.5033138229868805], [110.30807922712728, 1.5033138230600218], [110.30807922719995, 1.5033115620338262], [110.30808372054739, 1.5033115621800925], [110.3080837204747, 1.5033138232063141], [110.308081473801, 1.5033138231331729], [110.30808147365565, 1.5033183451855787], [110.30807922698192, 1.5033183451124283], [110.30807922690924, 1.503320606138625], [110.30807473356181, 1.5033206059923332], [110.30807473370717, 1.5033160839399358]]]}}, {"type": "Feature", "properties": {"height": 0.01, "depth": 0.01, "timestep": "1130", "timestep_label": "11:30"}, "geometry": {"type": "Polygon", "coordinates": [[[110.30723446688101, 1.503652949341865], [110.30723671355463, 1.5036529494156128], [110.30723671362792, 1.503650688389843], [110.30723896030153, 1.5036506884635912], [110.30723896044807, 1.5036461664120753], [110.30723671377446, 1.5036461663383303], [110.30723671370119, 1.5036484273641098], [110.30723446702756, 1.5036484272903607], [110.30723446688101, 1.503652949341865]]]}}, {"type": "Feature", "properties": {"height": 0.01, "depth": 0.01, "timestep": "1130", "timestep_label": "11:30"}, "geometry": {"type": "Polygon", "coordinates": [[[110.30715583843525, 1.503494674956502], [110.30715808510877, 1.503494675030238], [110.30715808532857, 1.5034878919528216], [110.30715583865505, 1.5034878918790984], [110.30715583843525, 1.503494674956502]]]}}, {"type": "Feature", "properties": {"height": 0.01, "depth": 0.01, "timestep": "1130", "timestep_label": "11:30"}, "geometry": {"type": "Polygon", "coordinates": [[[110.30726143318894, 1.5034607630330514], [110.30726367986246, 1.503460763106714], [110.30726367993566, 1.5034585020808588], [110.30726592660919, 1.5034585021545084], [110.30726592668238, 1.503456241128649], [110.30726368000884, 1.5034562410549999], [110.30726368008204, 1.503453980029136], [110.30726592675556, 1.5034539801028104], [110.30726592682876, 1.5034517190769352], [110.30726817350227, 1.5034517191505852], [110.30726817357547, 1.5034494581247373], [110.30727042024897, 1.5034494581983862], [110.30727042032217, 1.5034471971725276], [110.30726817364865, 1.503447197098875], [110.30726817372184, 1.5034449360729982], [110.3072614337013, 1.5034449358520334], [110.30726143377449, 1.5034426748261749], [110.30725694042746, 1.5034426746788405], [110.30725694050065, 1.5034404136529929], [110.30725469382715, 1.5034404135793298], [110.30725469404672, 1.5034336305017466], [110.30725244737322, 1.5034336304280875], [110.3072524475196, 1.5034291083763531], [110.3072502008461, 1.5034291083027036], [110.30725020091928, 1.5034268472768346], [110.30724795424578, 1.5034268472031722], [110.30724795395301, 1.5034358913066177], [110.3072457072795, 1.5034358912329553], [110.3072457069867, 1.5034449353363863], [110.3072434603132, 1.5034449352627084], [110.30724346009357, 1.503451718340283], [110.30726143348173, 1.503451718929598], [110.30726143318894, 1.5034607630330514]]]}}, {"type": "Feature", "properties": {"height": 0.01, "depth": 0.01, "timestep": "1130", "timestep_label": "11:30"}, "geometry": {"type": "Polygon", "coordinates": [[[110.30705698912652, 1.5033612711886377], [110.30705923579993, 1.5033612712623798], [110.30705923594647, 1.5033567492107194], [110.30705698927308, 1.5033567491369706], [110.30705698934636, 1.5033544881111272], [110.30705249599959, 1.5033544879636485], [110.30705249607286, 1.503352226937806], [110.30704800272608, 1.5033522267902946], [110.30704800279936, 1.5033499657644807], [110.30704575612597, 1.5033499656907152], [110.30704575605269, 1.5033522267165522], [110.30704800272608, 1.5033522267902946], [110.3070480026528, 1.5033544878161373], [110.30705249599959, 1.5033544879636485], [110.3070524959263, 1.5033567489894695], [110.30705698927308, 1.5033567491369706], [110.30705698912652, 1.5033612711886377]]]}}, {"type": "Feature", "properties": {"height": 0.01, "depth": 0.01, "timestep": "1130", "timestep_label": "11:30"}, "geometry": {"type": "Polygon", "coordinates": [[[110.3081421202491, 1.5037411590444862], [110.30815784696699, 1.5037411595572066], [110.30815784711254, 1.5037366375051555], [110.30815560043855, 1.503736637431903], [110.30815560109349, 1.5037162881976291], [110.30815335441952, 1.5037162881243897], [110.30815335478336, 1.5037049829941962], [110.30812414802188, 1.5037049820420756], [110.30812414743961, 1.5037230702502937], [110.30812639411356, 1.503723070323556], [110.30812639404078, 1.5037253313495798], [110.30812864071476, 1.5037253314228287], [110.30812864064197, 1.503727592448839], [110.30813088731594, 1.5037275925221165], [110.30813088724315, 1.503729853548122], [110.30813313391712, 1.5037298536213837], [110.30813313384434, 1.5037321146474008], [110.30813538051831, 1.5037321147206493], [110.30813538044552, 1.5037343757466641], [110.3081376271195, 1.5037343758199133], [110.30813762704672, 1.5037366368459337], [110.30813987372069, 1.5037366369191827], [110.3081398736479, 1.5037388979452198], [110.30814212032189, 1.5037388980184496], [110.3081421202491, 1.5037411590444862]]]}}, {"type": "Feature", "properties": {"height": 0.01, "depth": 0.01, "timestep": "1130", "timestep_label": "11:30"}, "geometry": {"type": "Polygon", "coordinates": [[[110.3081241491863, 1.5036688056254395], [110.3081488625996, 1.5036688064309505], [110.30814886289062, 1.5036597623267256], [110.30814661621669, 1.5036597622534988], [110.30814661679871, 1.5036416740449794], [110.30814437012477, 1.5036416739717686], [110.30814437063398, 1.5036258467892694], [110.3081466173079, 1.5036258468624701], [110.30814661738063, 1.503623585836404], [110.3081533574024, 1.5036235860560176], [110.30815335747515, 1.503621325029936], [110.30816009749688, 1.5036213252495276], [110.30816009756963, 1.5036190642234506], [110.30816683759136, 1.5036190644430425], [110.3081668376641, 1.503616803416952], [110.30817133101195, 1.503616803563351], [110.30817133108467, 1.5036145425372456], [110.30817582443251, 1.5036145426836263], [110.30817582450523, 1.503612281657529], [110.30818031785306, 1.5036122818039126], [110.30818031792577, 1.5036100207778145], [110.3081825645997, 1.5036100208509904], [110.30818256467244, 1.5036077598248876], [110.30818705802027, 1.5036077599712583], [110.30818705809297, 1.503605498945151], [110.3081893047669, 1.5036054990183394], [110.30818930483962, 1.5036032379922295], [110.30819379818743, 1.5036032381385813], [110.30819379826015, 1.5036009771124867], [110.30819604493408, 1.5036009771856502], [110.30819604507947, 1.503596455133424], [110.30820503177515, 1.5035964554261017], [110.30820503184785, 1.5035941943999964], [110.30820727852178, 1.5035941944731466], [110.30820727859445, 1.5035919334470331], [110.3082117719423, 1.5035919335933687], [110.308211772015, 1.5035896725672477], [110.30821626536284, 1.5035896727135611], [110.30821626543553, 1.5035874116874381], [110.30821851210943, 1.503587411760598], [110.30821851218214, 1.5035851507344802], [110.30822075885605, 1.5035851508076306], [110.30822075892874, 1.5035828897815018], [110.30822300560266, 1.5035828898546617], [110.30822300582071, 1.5035761067762916], [110.30824996590772, 1.5035761076539607], [110.30824996583505, 1.5035783686801063], [110.30825670585683, 1.5035783688994835], [110.30825670578417, 1.5035806299256222], [110.3082589524581, 1.5035806299987595], [110.30825895238544, 1.5035828910248863], [110.30826119905937, 1.5035828910980111], [110.30826119898671, 1.5035851521241597], [110.30826344566064, 1.5035851521972943], [110.30826344558797, 1.5035874132234115], [110.30826793893584, 1.5035874133696736], [110.3082679388632, 1.5035896743958121], [110.30827018553713, 1.5035896744689274], [110.30827018546447, 1.5035919354950609], [110.3082724321384, 1.5035919355681764], [110.30827243206575, 1.5035941965943185], [110.30827917208757, 1.5035941968136928], [110.30827917201492, 1.5035964578398229], [110.30828366536282, 1.5035964579860726], [110.30828366543547, 1.5035941969599322], [110.30829489880519, 1.5035941973255016], [110.30829489887783, 1.5035919362993593], [110.3082971455518, 1.5035919363724708], [110.30829714569707, 1.5035874143201728], [110.30829939237103, 1.5035874143932844], [110.30829939244367, 1.5035851533671352], [110.30830163911762, 1.5035851534402602], [110.3083016392629, 1.50358063138794], [110.30830388593684, 1.503580631461052], [110.30830388659052, 1.5035602822256344], [110.30833084667778, 1.503560283102693], [110.3083308467504, 1.5035580220765197], [110.3083420801201, 1.5035580224418974], [110.30834208019272, 1.5035557614157122], [110.30835106688849, 1.5035557617079904], [110.30835106696108, 1.50355350068183], [110.30836230033081, 1.5035535010471244], [110.30836230040342, 1.5035512400209396], [110.3083667937513, 1.5035512401670552], [110.30836679382391, 1.5035489791408656], [110.3083712871718, 1.5035489792869778], [110.30837128724438, 1.5035467182607878], [110.30837578059229, 1.5035467184068902], [110.30837578066486, 1.5035444573806844], [110.30838027401275, 1.5035444575267969], [110.30838027408534, 1.5035421965005968], [110.3083825207593, 1.5035421965736346], [110.30838252083187, 1.5035399355474428], [110.30838027415793, 1.503539935474404], [110.30838027423049, 1.5035376744481983], [110.30837802755654, 1.50353767437515], [110.3083780277017, 1.503533152322759], [110.3083825210496, 1.5035331524688353], [110.30838252097703, 1.5035354134950418], [110.30839824769465, 1.5035354140062984], [110.3083982476221, 1.5035376750325062], [110.30841172766581, 1.503537675470676], [110.30841172759325, 1.5035399364968725], [110.30842745431096, 1.5035399370080293], [110.30842745438352, 1.5035376759818235], [110.30842970105749, 1.5035376760548362], [110.30842970098493, 1.5035399370810427], [110.30844093435476, 1.5035399374461098], [110.30844093457239, 1.5035331543674555], [110.30844318124635, 1.5035331544404587], [110.30844318139144, 1.5035286323880044], [110.3084454280654, 1.503528632461017], [110.30844542821048, 1.503524110408554], [110.30844767488443, 1.5035241104815764], [110.30844767495697, 1.5035218494553308], [110.30844992163091, 1.5035218495283338], [110.30844992170346, 1.5035195885021067], [110.30845216837743, 1.5035195885750974], [110.30845216844995, 1.5035173275488711], [110.3084544151239, 1.503517327621871], [110.30845441519644, 1.5035150665956376], [110.30845666187038, 1.5035150666686248], [110.30845666194291, 1.503512805642393], [110.30845890861688, 1.5035128057153804], [110.30845890868939, 1.5035105446891306], [110.30846115536335, 1.5035105447621273], [110.3084611554359, 1.5035082837358866], [110.30846340210984, 1.5035082838088734], [110.30846340218235, 1.5035060227826276], [110.3084656488563, 1.5035060228556183], [110.30846564827613, 1.5035241110655226], [110.30847688164597, 1.5035241114304467], [110.3084768817185, 1.5035218504042105], [110.30848362174041, 1.5035218506231403], [110.30848362181294, 1.503519589596913], [110.30848811516086, 1.503519589742855], [110.30848811523337, 1.503517328716617], [110.30849485525529, 1.5035173289355308], [110.3084948553278, 1.5035150679092875], [110.30850159534971, 1.5035150681282015], [110.3085015954222, 1.5035128071019448], [110.30852406216196, 1.5035128078315205], [110.30852406208949, 1.5035150688577683], [110.30852630876346, 1.5035150689307237], [110.30852630869099, 1.5035173299569793], [110.30852855536497, 1.5035173300299318], [110.30852855529247, 1.5035195910561916], [110.30853080196647, 1.5035195911291346], [110.30853080189398, 1.5035218521554037], [110.30853304856797, 1.5035218522283467], [110.30853304849548, 1.503524113254614], [110.30853529516948, 1.503524113327553], [110.30853529509699, 1.5035263743538092], [110.30853754177096, 1.5035263744267582], [110.30853754169848, 1.5035286354530133], [110.30853978837249, 1.503528635525975], [110.30853978808254, 1.5035376796309854], [110.30853754140854, 1.5035376795580364], [110.30853754090111, 1.5035535067417662], [110.30854203424913, 1.5035535068876706], [110.30854203432163, 1.503551245861435], [110.30855776103971, 1.503551246372067], [110.30855776074978, 1.5035602904770795], [110.30856000742378, 1.5035602905500314], [110.30856000706137, 1.503571595681262], [110.30856225373539, 1.5035715957542048], [110.30856225351793, 1.5035783788329173], [110.30856450019196, 1.5035783789058823], [110.3085644999745, 1.5035851619845997], [110.30856674664854, 1.5035851620575518], [110.30856674643108, 1.5035919451362636], [110.30856899310511, 1.5035919452092152], [110.30856899296013, 1.5035964672617006], [110.30857123963418, 1.5035964673346434], [110.30857123941671, 1.503603250413335], [110.30857348609075, 1.5036032504862835], [110.30857348587328, 1.5036100335650011], [110.30857573254735, 1.50361003363794], [110.30857573232987, 1.5036168167166277], [110.30857797900391, 1.5036168167895891], [110.30857797885893, 1.5036213388420385], [110.30858022553299, 1.5036213389150002], [110.30858022531552, 1.5036281219936656], [110.30858247198958, 1.5036281220666303], [110.30858247184462, 1.5036326441190688], [110.30866335211155, 1.5036326467447176], [110.3086633532706, 1.5035964703245916], [110.30871278010044, 1.503596471928047], [110.30871278017285, 1.5035942109017866], [110.30871053349874, 1.5035942108289173], [110.30871053357114, 1.503591949802629], [110.30870828689706, 1.503591949729754], [110.30870828704188, 1.5035874276771863], [110.30870604036781, 1.5035874276043077], [110.30870604051262, 1.5035829055517502], [110.30870379383855, 1.5035829054788619], [110.30870379398334, 1.5035783834263015], [110.30870154730928, 1.5035783833534262], [110.30870154745409, 1.5035738613008471], [110.30869930078, 1.5035738612279845], [110.30869930092481, 1.5035693391753928], [110.30869705425074, 1.503569339102543], [110.30869705439557, 1.5035648170499485], [110.3086948077215, 1.5035648169770637], [110.3086948078663, 1.5035602949244924], [110.30869256119223, 1.50356029485163], [110.30869256133705, 1.5035557727990394], [110.30869031466298, 1.5035557727261644], [110.30869031502502, 1.5035444675946783], [110.30868806835095, 1.5035444675218155], [110.30868806885776, 1.5035286403376895], [110.30869256220585, 1.5035286404834047], [110.30869256227824, 1.503526379457102], [110.30869705562634, 1.5035263796028082], [110.30869705569872, 1.5035241185765045], [110.30870379572086, 1.5035241187950596], [110.30870379579325, 1.5035218577687512], [110.30870828914134, 1.5035218579144445], [110.30870828921371, 1.5035195968881279], [110.30871278256183, 1.5035195970338082], [110.30871278263422, 1.503517336007497], [110.3087172759823, 1.5035173361531833], [110.30871727605467, 1.5035150751268582], [110.30872176940277, 1.5035150752725321], [110.30872176947514, 1.503512814246211], [110.30872401614918, 1.503512814319052], [110.30872401622156, 1.503510553292726], [110.30872626289562, 1.5035105533655628], [110.30872626296798, 1.503508292339213], [110.30872850964204, 1.5035082924120626], [110.3087285097144, 1.5035060313857314], [110.30873075638844, 1.5035060314585555], [110.3087307564608, 1.5035037704322194], [110.30873300313486, 1.503503770505056], [110.30873300320721, 1.5035015094787287], [110.30873524988125, 1.503501509551543], [110.30873525031541, 1.503487943393513], [110.3087509770337, 1.5034879439032127], [110.30875097710604, 1.5034856828768837], [110.30875322378007, 1.5034856829496857], [110.30875322385242, 1.503483421923339], [110.30875547052646, 1.5034834219961406], [110.30875547059881, 1.5034811609697927], [110.30875771727284, 1.5034811610426042], [110.3087577173452, 1.5034789000162416], [110.30875996401925, 1.5034789000890536], [110.30875996409156, 1.5034766390626995], [110.30876221076561, 1.5034766391355112], [110.30876221083797, 1.5034743781091393], [110.30876445751198, 1.5034743781819446], [110.30876445758432, 1.503472117155581], [110.30876670425837, 1.5034721172283794], [110.30876670433071, 1.5034698562020146], [110.30876895100474, 1.5034698562748037], [110.30876895107707, 1.5034675952484533], [110.3087711977511, 1.5034675953212457], [110.30877119782342, 1.503465334294884], [110.30877793784555, 1.5034653345132483], [110.30877793777323, 1.503467595539626], [110.3087824311213, 1.5034675956851948], [110.30878243104897, 1.5034698567115736], [110.30878692439705, 1.503469856857142], [110.30878692432472, 1.503472117883514], [110.30878917099879, 1.5034721179563], [110.30878917107111, 1.5034698569299185], [110.30879815776728, 1.503469857221043], [110.3087981578396, 1.5034675961946709], [110.3088026511877, 1.5034675963402269], [110.30880265126001, 1.503465335313859], [110.3088071446081, 1.503465335459392], [110.30880714504195, 1.503451769301109], [110.3088430918267, 1.5034517704652082], [110.30884309168214, 1.5034562925180015], [110.30884533835618, 1.5034562925907646], [110.30884533842847, 1.5034540315643579], [110.30884983177657, 1.50345403170984], [110.30884983184886, 1.503451770683451], [110.30885432519698, 1.5034517708289334], [110.30885432526925, 1.5034495098025293], [110.30886106529141, 1.5034495100207403], [110.30886106536367, 1.5034472489943351], [110.30886555871179, 1.5034472491397983], [110.30886555878406, 1.503444988113401], [110.30887005213218, 1.5034449882588579], [110.30887005220444, 1.5034427272324467], [110.30887679222663, 1.5034427274506164], [110.30887679229889, 1.5034404664242123], [110.30887903897293, 1.5034404664969379], [110.30887903962324, 1.5034201172591526], [110.30887679294918, 1.503420117186459], [110.30887679316594, 1.5034133341071783], [110.3088745464919, 1.503413334034463], [110.3088745466364, 1.5034088119816063], [110.30887229996236, 1.5034088119089035], [110.3088723001791, 1.5034020288296253], [110.30887005350506, 1.5034020287569], [110.30887005372183, 1.5033952456776216], [110.3088678070478, 1.5033952456048971], [110.30886780719229, 1.5033907235520383], [110.30886556051827, 1.503390723479323], [110.30886556073503, 1.50338394040001], [110.30886331406099, 1.503383940327307], [110.3088633142055, 1.5033794182744473], [110.30886106753147, 1.503379418201722], [110.30886106774823, 1.503372635122411], [110.3088588210742, 1.5033726350496985], [110.30885882129094, 1.503365851970388], [110.30885657461694, 1.5033658518976847], [110.3088565749059, 1.5033568077919022], [110.30885882157992, 1.5033568078646151], [110.30885882194113, 1.5033455027323628], [110.30886106861512, 1.5033455028050557], [110.30886106904855, 1.5033319366463205], [110.3088655623965, 1.5033319367917168], [110.30886556246874, 1.5033296757652634], [110.30887005581673, 1.503329675910625], [110.30887005588895, 1.5033274148841695], [110.30887679591092, 1.5033274151022247], [110.30887679598314, 1.5033251540757713], [110.30887904265713, 1.503325154148458], [110.30887904323487, 1.5033070659366594], [110.30894869012869, 1.5033070681890246], [110.30894869020085, 1.503304807162523], [110.30895093687487, 1.5033048072351494], [110.30895093694703, 1.503302546208643], [110.30895318362101, 1.5033025462812724], [110.30895318376538, 1.5032980242282583], [110.30898239052746, 1.5032980251723604], [110.30898239059961, 1.5032957641458335], [110.30900485733976, 1.5032957648718996], [110.30900485741189, 1.503293503845368], [110.30900935075994, 1.5032935039905606], [110.3090093506878, 1.5032957650170946], [110.30900710401379, 1.503295764944491], [110.30900710386952, 1.503300286997537], [110.30900485719549, 1.5033002869249448], [110.30900485712334, 1.503302547951469], [110.30900261044934, 1.503302547878865], [110.30900261037718, 1.5033048089053844], [110.30900036370316, 1.5033048088327774], [110.30900036355888, 1.5033093308858172], [110.30899811688484, 1.5033093308132166], [110.3089981168127, 1.5033115918397213], [110.30899587013867, 1.50331159176713], [110.30899587006654, 1.5033138527936338], [110.30899362339251, 1.5033138527210106], [110.3089936232482, 1.503318374774029], [110.30899137657417, 1.5033183747014252], [110.30899137642987, 1.5033228967544352], [110.3089936231039, 1.5033228968270518], [110.30899362303174, 1.5033251578535733], [110.30899586970577, 1.5033251579261833], [110.30899586956147, 1.5033296799791946], [110.3089981162355, 1.5033296800518117], [110.30899811609119, 1.5033342021048155], [110.30900036276525, 1.5033342021774354], [110.30900036269307, 1.5033364632039397], [110.30900260936711, 1.5033364632765662], [110.30900260922282, 1.5033409853295712], [110.30900485589686, 1.5033409854021882], [110.30900485575256, 1.5033455074551931], [110.3090071024266, 1.5033455075278102], [110.30900710235444, 1.503347768554307], [110.3090093490285, 1.5033477686269239], [110.3090093488842, 1.5033522906799244], [110.30901159555825, 1.503352290752534], [110.30901159541393, 1.5033568128055408], [110.30901384208799, 1.5033568128781445], [110.30901384201583, 1.5033590739046634], [110.30901608868989, 1.5033590739772635], [110.30901608854559, 1.5033635960302612], [110.30901833521966, 1.503363596102878], [110.3090183351475, 1.503365857129379], [110.30902058182156, 1.5033658572019863], [110.30902058167726, 1.5033703792549815], [110.30902282835132, 1.503370379327598], [110.30902282820702, 1.5033749013805937], [110.30902507488109, 1.503374901453201], [110.30902507480893, 1.5033771624796983], [110.309027321483, 1.5033771625523111], [110.30902732133869, 1.5033816846052883], [110.30902956801278, 1.5033816846779051], [110.30902956786848, 1.503386206730889], [110.30903181454254, 1.5033862068035024], [110.30903181447039, 1.503388467830004], [110.30903406114447, 1.5033884679026082], [110.30903406100018, 1.5033929899556058], [110.30903630767426, 1.5033929900282093], [110.30903630752995, 1.5033975120811842], [110.30903855420404, 1.503397512153808], [110.30903855413187, 1.5033997731802866], [110.30904080080597, 1.5033997732529099], [110.30904080066166, 1.5034042953058633], [110.30904304733576, 1.503404295378489], [110.30904304719145, 1.5034088174314624], [110.30904529386555, 1.5034088175040883], [110.30904529379339, 1.5034110785305665], [110.30904754046749, 1.5034110786031805], [110.30904754032319, 1.5034156006561417], [110.30905877369372, 1.5034156010192083], [110.30905877484797, 1.5033794245952863], [110.30913066841904, 1.503379426917726], [110.30913066957244, 1.5033432504931266], [110.30916661635794, 1.5033432516536502], [110.30916661751081, 1.5033070752286053], [110.30923851108174, 1.5033070775482387], [110.30923851935752, 1.503047059482266], [110.3092340260096, 1.5030470593374985], [110.30923402593768, 1.5030493203642261], [110.30922279256792, 1.5030493200022903], [110.309222792496, 1.5030515810290008], [110.30921155912624, 1.5030515806670397], [110.3092115590543, 1.503053841693749], [110.30920481903244, 1.5030538414765358], [110.30920481910441, 1.50305158044984], [110.30920257243045, 1.5030515803774234], [110.3092025725024, 1.5030493193507224], [110.30919807915453, 1.5030493192059038], [110.30919807922643, 1.503047058179211], [110.30920706592222, 1.503047058468814], [110.30920706599416, 1.5030447974421068], [110.3092093126681, 1.5030447975144905], [110.30920931281197, 1.5030402754610659], [110.30921155948592, 1.5030402755334684], [110.30921155955785, 1.503038014506751], [110.3092138062318, 1.5030380145791513], [110.30921380630372, 1.503035753552422], [110.30921605297766, 1.5030357536248227], [110.3092160530496, 1.5030334925980853], [110.30921829972353, 1.5030334926704787], [110.30921829979546, 1.5030312316437595], [110.30922054646939, 1.5030312317161498], [110.30922054661325, 1.5030267096626946], [110.30922279328718, 1.5030267097350882], [110.3092227933591, 1.5030244487083448], [110.30922504003304, 1.503024448780739], [110.30922504010498, 1.503022187753994], [110.30922728677889, 1.5030221878263847], [110.30922728685081, 1.503019926799652], [110.30922953352476, 1.5030199268720426], [110.30922953359668, 1.5030176658453012], [110.30923178027061, 1.5030176659176726], [110.30923178034253, 1.5030154048909405], [110.30923402701644, 1.5030154049633082], [110.30923402716027, 1.5030108829098348], [110.30923627383422, 1.5030108829821995], [110.30923627390611, 1.5030086219554817], [110.30923852058005, 1.5030086220278371], [110.30923852259315, 1.502945313278674], [110.30923402924533, 1.502945313133985], [110.30923402910157, 1.5029498351875288], [110.30923178242767, 1.5029498351151829], [110.309231782212, 1.5029566181954672], [110.3092272888642, 1.502956618050756], [110.3092272889361, 1.5029543570239872], [110.30922504226218, 1.5029543569516441], [110.30922504219029, 1.502956617978398], [110.3092205488425, 1.5029566178336866], [110.30922054877061, 1.5029588788604331], [110.30921605542281, 1.5029588787157098], [110.30921605535089, 1.5029611397424596], [110.3092115620031, 1.502961139597733], [110.30921156193119, 1.5029634006244916], [110.3092070685834, 1.5029634004797554], [110.3092070685115, 1.5029656615065135], [110.3092025751637, 1.5029656613617541], [110.30920257473221, 1.5029792275222253], [110.30920706808001, 1.5029792276669964], [110.3092070680081, 1.5029814886937243], [110.30920257466029, 1.5029814885489663], [110.3092025735095, 1.5030176649766962], [110.30913067994425, 1.5030176626595115], [110.30913068123961, 1.5029769641787365], [110.30912169454412, 1.5029769638890433], [110.30912169447215, 1.5029792249157632], [110.3090498009085, 1.5029792225974976], [110.30904980083648, 1.5029814836241813], [110.3090183474026, 1.5029814826095111], [110.30901834733058, 1.5029837436361857], [110.30900711396137, 1.5029837432737414], [110.30900711388932, 1.5029860043004157], [110.30899812719397, 1.5029860040104221], [110.30899812712192, 1.5029882650371007], [110.30898914042659, 1.5029882647470814], [110.30898914035453, 1.5029905257737461], [110.30898689368068, 1.5029905257012306], [110.30898689173519, 1.503051573420776], [110.30902059184336, 1.5030515745085373], [110.30902059191541, 1.5030493134818903], [110.30905653869762, 1.5030493146418347], [110.30905653876965, 1.5030470536151763], [110.30909473222596, 1.503047054847255], [110.30909473229795, 1.5030447938205955], [110.30912393905878, 1.5030447947624928], [110.3091239389868, 1.5030470557891746], [110.30912169231289, 1.503047055716729], [110.3091216922409, 1.5030493167434096], [110.30911944556698, 1.503049316670955], [110.309119445495, 1.503051577697631], [110.30911719882108, 1.5030515776251765], [110.30911719874909, 1.50305383865187], [110.30911495207516, 1.5030538385794059], [110.30911495193118, 1.5030583606327628], [110.30911270525726, 1.503058360560305], [110.30911270518527, 1.5030606215869782], [110.30911045851133, 1.503060621514527], [110.30911045843933, 1.5030628825411947], [110.30910821176542, 1.5030628824687406], [110.30910821162144, 1.5030674045220696], [110.3091059649475, 1.5030674044496248], [110.3091059648755, 1.5030696654762818], [110.30910371820157, 1.503069665403815], [110.30910371812956, 1.5030719264304673], [110.30910147145565, 1.5030719263580035], [110.30910147138364, 1.5030741873846674], [110.30909922470973, 1.5030741873122004], [110.3090992245657, 1.5030787093655267], [110.30909697789177, 1.5030787092930442], [110.30909697781975, 1.5030809703197132], [110.30909473114585, 1.5030809702472336], [110.30909473085778, 1.50309001435386], [110.30908799083599, 1.5030900141364107], [110.30908799076397, 1.50309227516306], [110.30908574409003, 1.50309227509058], [110.309085744018, 1.5030945361172432], [110.30908349734408, 1.5030945360447505], [110.30908349727206, 1.5030967970713902], [110.30908125059811, 1.5030967969989106], [110.30908125045407, 1.5031013190522005], [110.30907900378013, 1.503101318979699], [110.3090790037081, 1.5031035800063468], [110.30907675703416, 1.5031035799338475], [110.30907675696214, 1.5031058409604947], [110.3090745102882, 1.503105840887992], [110.30907451014414, 1.503110362941274], [110.30907226347021, 1.5031103628687814], [110.30907226339816, 1.503112623895404], [110.30907001672423, 1.5031126238229149], [110.30907001665219, 1.503114884849546], [110.30906776997826, 1.5031148847770568], [110.30906776990622, 1.5031171458036694], [110.30906552323228, 1.503117145731181], [110.3090655230882, 1.5031216677844192], [110.30906327641424, 1.5031216677119135], [110.3090632763422, 1.5031239287385416], [110.30906102966826, 1.5031239286660394], [110.30906102959622, 1.5031261896926664], [110.30905878292229, 1.5031261896201482], [110.30905878285023, 1.503128450646774], [110.3090565361763, 1.5031284505742684], [110.30905653603217, 1.5031329726275011], [110.30905428935823, 1.503132972554977], [110.3090542892862, 1.503135233581598], [110.30905204261225, 1.503135233509096], [110.30905204254019, 1.5031374945356921], [110.30904979586626, 1.5031374944631837], [110.30904979579418, 1.503139755489802], [110.30904754912022, 1.503139755417271], [110.30904754897611, 1.5031442774705084], [110.30904530230217, 1.503144277397978], [110.3090453022301, 1.5031465384246003], [110.30904305555616, 1.5031465383520695], [110.3090430554841, 1.5031487993786818], [110.30904080881015, 1.5031487993061414], [110.30904080866601, 1.5031533213593573], [110.30903856199205, 1.50315332128683], [110.30903856191999, 1.503155582313434], [110.30903631524605, 1.5031555822408904], [110.30903631517397, 1.5031578432674904], [110.30903406850003, 1.5031578431949624], [110.30903406842795, 1.5031601042215577], [110.30903182175399, 1.5031601041490077], [110.30903182160984, 1.5031646262022087], [110.30902957493589, 1.5031646261296683], [110.30902957486381, 1.5031668871562782], [110.30902732818987, 1.5031668870837283], [110.30902732811776, 1.50316914811032], [110.30902508144382, 1.5031691480377636], [110.30902508137176, 1.5031714090643673], [110.30902283469779, 1.5031714089918145], [110.3090228338327, 1.5031985413108315], [110.3089868870493, 1.5031985401497638], [110.30898688733775, 1.5031894960434893], [110.30898239398985, 1.503189495898332], [110.30898239391773, 1.5031917569248996], [110.30897565389589, 1.5031917567071729], [110.30897565382377, 1.5031940177337302], [110.30896891380192, 1.5031940175159682], [110.30896891372979, 1.503196278542529], [110.30896217370795, 1.5031962783247679], [110.30896217363583, 1.503198539351325], [110.3089868870493, 1.5031985401497638], [110.30898688589537, 1.5032347165746598], [110.30895093911181, 1.5032347154130568], [110.30895094019395, 1.5032008000149006], [110.30894644684608, 1.503200799869705], [110.30894644677392, 1.503203060896243], [110.3089397067521, 1.5032030606784432], [110.30893970667995, 1.5032053217049892], [110.3089329666581, 1.5032053214871541], [110.30893296658597, 1.503207582513698], [110.30892622656415, 1.5032075822958597], [110.30892622649199, 1.5032098433223875], [110.30891948647016, 1.5032098431045424], [110.30891948661447, 1.5032053210514709], [110.30891723994054, 1.5032053209788536], [110.308917240157, 1.5031985378992327], [110.30891499348307, 1.5031985378266122], [110.30891499369955, 1.5031917547469813], [110.30891274702562, 1.503191754674364], [110.30891274716993, 1.5031872326212843], [110.30890825382208, 1.5031872324760498], [110.30890825374992, 1.5031894935025878], [110.308906007076, 1.5031894934299708], [110.30890600714815, 1.503187232403426], [110.30890376047422, 1.5031872323307929], [110.30890376083501, 1.5031759271980865], [110.30890151416111, 1.5031759271254597], [110.30890151423327, 1.5031736660989168], [110.30889926755934, 1.5031736660262964], [110.3088992676315, 1.5031714049997391], [110.30889702095759, 1.5031714049271343], [110.30889702102975, 1.5031691439005788], [110.30889477435585, 1.5031691438279777], [110.308894774428, 1.50316688280142], [110.30889252775408, 1.5031668827287934], [110.30889252782625, 1.5031646217022347], [110.30889028115234, 1.5031646216296177], [110.3088902812245, 1.5031623606030666], [110.30888803455059, 1.5031623605304465], [110.30888803462277, 1.5031600995039034], [110.30888578794887, 1.50316009943128], [110.30888578809316, 1.5031555773781804], [110.30888354141928, 1.5031555773055632], [110.3088835415636, 1.503151055252468], [110.3088812948897, 1.5031510551798348], [110.30888129496186, 1.5031487941532842], [110.30887904828798, 1.5031487940806738], [110.30887904843229, 1.5031442720275598], [110.3088768017584, 1.503144271954933], [110.30887680183056, 1.5031420109283848], [110.30887455515668, 1.5031420108557578], [110.30887455522884, 1.5031397498291956], [110.30887230855495, 1.5031397497565875], [110.30887230862712, 1.503137488730021], [110.30886781527936, 1.5031374885847797], [110.3088678153515, 1.5031352275582304], [110.30886556867763, 1.5031352274855905], [110.3088655687498, 1.5031329664590531], [110.30886332207591, 1.5031329663864135], [110.30886332214808, 1.5031307053598675], [110.3088610754742, 1.5031307052872376], [110.30886107561854, 1.5031261832341216], [110.30884310222758, 1.503126182653065], [110.30884310323793, 1.5030945282812715], [110.30884085656409, 1.5030945282086348], [110.30884085670841, 1.5030900061555066], [110.30883861003457, 1.5030900060828767], [110.3088386101789, 1.5030854840297363], [110.30883411683122, 1.503085483884489], [110.30883411690338, 1.503083222857921], [110.30883187022955, 1.5030832227853035], [110.3088318703017, 1.5030809617587186], [110.30882737695403, 1.5030809616134742], [110.30882737702619, 1.5030787005869166], [110.30882513035236, 1.5030787005142892], [110.30882513042452, 1.503076439487698], [110.3088228837507, 1.5030764394150904], [110.30882288382287, 1.503074178388504], [110.3088183904752, 1.5030741782432593], [110.30881839054739, 1.5030719172166842], [110.30881614387356, 1.5030719171440536], [110.30881614394573, 1.5030696561174872], [110.30881389727189, 1.5030696560448473], [110.30881389734408, 1.5030673950182851], [110.30881165067025, 1.5030673949456455], [110.30881165074241, 1.503065133919082], [110.30880940406858, 1.5030651338464551], [110.30880940414077, 1.5030628728198643], [110.30880715746696, 1.5030628727472337], [110.3088071576113, 1.5030583506940993], [110.30880491093748, 1.5030583506214623], [110.30880491100964, 1.503056089594906], [110.30880266433584, 1.5030560895222658], [110.308802664408, 1.5030538284956856], [110.3088004177342, 1.5030538284230555], [110.30880041795074, 1.5030470453433364], [110.30879817127692, 1.503047045270719], [110.30879817142126, 1.503042523217551], [110.30879592474746, 1.503042523144924], [110.3087959248918, 1.5030380010917945], [110.308793678218, 1.5030380010191413], [110.30879367836233, 1.5030334789659807], [110.30879143168855, 1.5030334788933501], [110.30879143190508, 1.5030266958136176], [110.30878918523126, 1.50302669574099], [110.3087891853756, 1.5030221736878273], [110.30878693870181, 1.5030221736151936], [110.30878693884615, 1.5030176515620313], [110.30877121212967, 1.5030176510535735], [110.30877121263491, 1.503001823867506], [110.30876896596115, 1.5030018237948752], [110.30876896603331, 1.5029995627682784], [110.30876447268578, 1.502999562623008], [110.30876447275796, 1.5029973015964222], [110.30875997941041, 1.5029973014511486], [110.3087599794826, 1.5029950404245453], [110.30875773280884, 1.5029950403519148], [110.308757732881, 1.502992779325332], [110.30875099285976, 1.5029927791074058], [110.30875099293192, 1.5029905180808218], [110.3087420062369, 1.5029905177902394], [110.30874200630909, 1.5029882567636736], [110.30873301961407, 1.5029882564730594], [110.30873301968626, 1.502985995446488], [110.30872178631752, 1.5029859950832047], [110.30872178638971, 1.5029837340566228], [110.30871953971598, 1.5029837339839764], [110.30871953964377, 1.502985995010539], [110.30871279962254, 1.5029859947925555], [110.30871279955035, 1.502988255819123], [110.30870605952911, 1.5029882556011198], [110.30870605945691, 1.5029905166276862], [110.30869931943569, 1.5029905164096864], [110.30869931936347, 1.5029927774362355], [110.30869257934226, 1.5029927772182097], [110.30869257927003, 1.5029950382447828], [110.3086835925751, 1.5029950379540533], [110.30868359250285, 1.5029972989806055], [110.30867909915537, 1.5029972988352396], [110.30867909908316, 1.502999559861774], [110.30867685240942, 1.5029995597890957], [110.3086768523372, 1.5030018208156453], [110.30867460566344, 1.503001820742964], [110.30867460559122, 1.5030040817695214], [110.30867235891748, 1.5030040816968269], [110.30867235884524, 1.5030063427233702], [110.30866786549777, 1.503006342577962], [110.30866786542553, 1.5030086036045234], [110.3086656187518, 1.5030086035318289], [110.30866561867956, 1.5030108645583755], [110.30866337200581, 1.5030108644856686], [110.30866337193358, 1.5030131255122137], [110.30866112525983, 1.5030131254395067], [110.3086611251876, 1.5030153864660472], [110.30865663184011, 1.5030153863206492], [110.30865663176786, 1.5030176473471848], [110.30865438509413, 1.5030176472744776], [110.30865438502187, 1.5030199083010218], [110.30865213834815, 1.5030199082283051], [110.3086521382759, 1.503022169254831], [110.3086476449284, 1.503022169109411], [110.30864764485615, 1.5030244301359452], [110.30864315150868, 1.5030244299905124], [110.30864315143643, 1.5030266910170296], [110.30864090476267, 1.5030266909443155], [110.30864090454591, 1.503033474023897], [110.30863865787215, 1.503033473951184], [110.3086386577999, 1.5030357349776948], [110.30863641112617, 1.5030357349049812], [110.30863641105388, 1.5030379959315068], [110.30863416438015, 1.503037995858774], [110.30863416430788, 1.5030402568852956], [110.3086296709604, 1.50304025673984], [110.30862967088811, 1.503042517766347], [110.30862742421436, 1.5030425176936266], [110.30862742414209, 1.503044778720151], [110.30862517746836, 1.503044778647412], [110.3086251773961, 1.5030470396739128], [110.30862293072235, 1.5030470396011932], [110.30862293065006, 1.5030493006276888], [110.30862068397632, 1.5030493005549563], [110.30862068390404, 1.5030515615814766], [110.30861619055653, 1.5030515614359794], [110.30861619048426, 1.5030538224624914], [110.30861394381051, 1.5030538223897585], [110.30861394373824, 1.503056083416253], [110.30861169706449, 1.5030560833435147], [110.3086116969922, 1.5030583443700172], [110.30860945031846, 1.5030583442972658], [110.30860945024615, 1.503060605323767], [110.30860495689866, 1.5030606051782698], [110.30860495682637, 1.503062866204767], [110.30860271015263, 1.5030628661320118], [110.30860271008034, 1.5030651271585196], [110.30860046340658, 1.5030651270857514], [110.30860046333429, 1.5030673881122651], [110.30859821666054, 1.5030673880394845], [110.30859821658824, 1.503069649065996], [110.30859596991449, 1.5030696489932316], [110.3085959698422, 1.503071910019725], [110.3085914764947, 1.5030719098742027], [110.3085914764224, 1.5030741709006954], [110.30858922974865, 1.5030741708279178], [110.30858922967633, 1.503076431854418], [110.30858698300258, 1.5030764317816507], [110.3085869829303, 1.5030786928081337], [110.30858473625653, 1.5030786927353657], [110.30858473618423, 1.5030809537618448], [110.30858024283671, 1.503080953616312], [110.3085802427644, 1.5030832146427995], [110.30858248943815, 1.503083214715554], [110.30858248936586, 1.5030854757420484], [110.3085847360396, 1.5030854758148036], [110.308584735895, 1.5030899978677632], [110.30858698256874, 1.5030899979405532], [110.30858698249644, 1.5030922589670237], [110.30858922917018, 1.5030922590397915], [110.30858922909789, 1.503094520066284], [110.30859147577165, 1.5030945201390513], [110.30859147569936, 1.5030967811655387], [110.3085937223731, 1.5030967812382967], [110.3085937223008, 1.5030990422647827], [110.30859596897457, 1.5030990423375563], [110.30859596890227, 1.5031013033640281], [110.30859821557603, 1.503101303436805], [110.30859821543142, 1.5031058254897631], [110.30860046210519, 1.5031058255625176], [110.30860046203289, 1.50310808658901], [110.30860270870666, 1.503108086661775], [110.30860270863434, 1.50311034768826], [110.30860495530813, 1.5031103477610241], [110.30860495523584, 1.5031126087875102], [110.3086072019096, 1.5031126088602556], [110.30860720183729, 1.5031148698867371], [110.30860944851108, 1.5031148699595052], [110.30860944843877, 1.5031171309859848], [110.30861169511256, 1.5031171310587528], [110.30861169504026, 1.5031193920852284], [110.30861394171403, 1.5031193921579922], [110.30861394156943, 1.5031239142109365], [110.3086161882432, 1.5031239142837163], [110.30861618817092, 1.5031261753101846], [110.3086184348447, 1.5031261753829492], [110.3086184347724, 1.5031284364094253], [110.30861618809861, 1.5031284363366575], [110.3086161880263, 1.5031306973631415], [110.30861169467873, 1.5031306972175869], [110.30861169460641, 1.503132958244054], [110.30860944793262, 1.50313295817129], [110.3086094478603, 1.5031352191977545], [110.30860720118652, 1.5031352191249745], [110.3086072011142, 1.5031374801514343], [110.30860495444041, 1.5031374800786672], [110.30860495436809, 1.5031397411051355], [110.3086072010419, 1.5031397411779033], [110.30860720096958, 1.5031420022043702], [110.30860944764338, 1.5031420022771445], [110.30860944749874, 1.503146524330068], [110.30861169417254, 1.5031465244028452], [110.30861169402792, 1.5031510464557716], [110.30860720068031, 1.5031510463102142], [110.30860720075263, 1.5031487852837528], [110.30860495407882, 1.5031487852109724], [110.30860495415115, 1.5031465241845101], [110.30860046080355, 1.5031465240389652], [110.30860046087587, 1.5031442630124914], [110.30859821420209, 1.5031442629397047], [110.30859821427438, 1.5031420019132393], [110.30859372092682, 1.5031420017676755], [110.30859372099913, 1.503139740741218], [110.30859147432535, 1.5031397406684408], [110.30859147439767, 1.5031374796419723], [110.30858922772387, 1.5031374795691947], [110.3085892277962, 1.5031352185427214], [110.30858698112242, 1.5031352184699447], [110.30858698119475, 1.5031329574434795], [110.30858473452096, 1.5031329573706895], [110.30858473481025, 1.5031239132648457], [110.30858248813647, 1.5031239131920682], [110.30858248871502, 1.503105824980335], [110.30858024204127, 1.5031058249075446], [110.30858024261978, 1.5030877366957516], [110.30857574927226, 1.5030877365502067], [110.30857574919996, 1.50308999757667], [110.3085735025262, 1.5030899975038832], [110.3085735024539, 1.5030922585303663], [110.30857125578014, 1.5030922584575734], [110.30857125570782, 1.5030945194840593], [110.30856900903404, 1.5030945194112886], [110.30856900896174, 1.5030967804377435], [110.30856676228798, 1.5030967803649633], [110.30856676221565, 1.503099041391426], [110.3085645155419, 1.5030990413186491], [110.30856451546957, 1.5031013023451176], [110.30856226879581, 1.5031013022723148], [110.30856226872348, 1.503103563298791], [110.30856002204973, 1.503103563226001], [110.3085600219774, 1.5031058242524662], [110.30855777530364, 1.5031058241796769], [110.30855777465263, 1.5031261734177983], [110.3085600213264, 1.5031261734905978], [110.3085600211094, 1.503132956569939], [110.30856226778316, 1.5031329566427447], [110.3085622676385, 1.5031374786956548], [110.30856451431228, 1.5031374787684573], [110.30856451380588, 1.5031533059535662], [110.30856676047966, 1.5031533060263909], [110.30856676026265, 1.5031600891057102], [110.30856451358885, 1.5031600890329049], [110.30856451344415, 1.5031646110857788], [110.30856226677037, 1.5031646110129604], [110.30856226669802, 1.5031668720394111], [110.30856002002422, 1.5031668719665956], [110.30856001995187, 1.50316913299302], [110.30855777327807, 1.503169132920217], [110.30855777313337, 1.503173654973083], [110.30855552645957, 1.5031736549002674], [110.30855552638722, 1.50317591592669], [110.30855777306101, 1.5031759159995148], [110.30855777277161, 1.503184960105216], [110.3085600194454, 1.5031849601780414], [110.30856001922831, 1.503191743257304], [110.30856226590214, 1.503191743330129], [110.30856226568507, 1.5031985264093952], [110.30859147244469, 1.5031985273559985], [110.30859147128712, 1.5032347037787377], [110.30857349789638, 1.5032347031961513], [110.30857349782403, 1.5032369642225596], [110.30857574449786, 1.503236964295397], [110.30857574428077, 1.5032437473746028], [110.3085779909546, 1.50324374744743], [110.30857799080987, 1.503248269500237], [110.30858023748371, 1.5032482695730647], [110.30858023733899, 1.5032527916258673], [110.30858248401283, 1.5032527916987082], [110.30858248386811, 1.503257313751512], [110.30858473054195, 1.5032573138243368], [110.30858473046958, 1.5032595748507331], [110.30858697714346, 1.5032595749235773], [110.30858697692634, 1.5032663580027636], [110.30858473025249, 1.5032663579299361], [110.30858473018012, 1.5032686189563296], [110.30858697685397, 1.503268619029157], [110.3085869767816, 1.503270880055559], [110.30858473010774, 1.5032708799827181], [110.308584729963, 1.5032754020355015], [110.30858248328913, 1.5032754019626735], [110.30858248321677, 1.5032776629890638], [110.3085802365429, 1.503277662916233], [110.30858023647052, 1.5032799239426062], [110.30857798979665, 1.5032799238697718], [110.30857798943475, 1.5032912290016966], [110.30858023610864, 1.5032912290745373], [110.30858023596387, 1.5032957511273004], [110.30858248263773, 1.5032957512001408], [110.30858248256536, 1.5032980122265247], [110.30858472923924, 1.5032980122993655], [110.30858472916687, 1.503300273325751], [110.30858023581911, 1.5033002731800638], [110.30858023574672, 1.5033025342064346], [110.30857574239896, 1.5033025340607395], [110.30857574232658, 1.5033047950871163], [110.30857124897882, 1.5033047949414091], [110.30857124890643, 1.5033070559677777], [110.30856900223255, 1.503307055894921], [110.30856900194297, 1.5033161000004056], [110.30857124861686, 1.5033161000732589], [110.30857124854447, 1.5033183610996326], [110.30856900187058, 1.5033183610267762], [110.30856900179818, 1.5033206220531354], [110.3085667551243, 1.5033206219802722], [110.30856675497951, 1.503325144033], [110.30856450830562, 1.5033251439601336], [110.30856450816081, 1.5033296660128486], [110.30855102811749, 1.5033296655756543], [110.30855102804509, 1.5033319266019964], [110.3085465346973, 1.5033319264562384], [110.3085465346249, 1.5033341874826014], [110.30854428795101, 1.5033341874097133], [110.30854428787859, 1.5033364484360656], [110.30854204120472, 1.5033364483631775], [110.30854204113228, 1.503338709389528], [110.30853305443675, 1.503338709097983], [110.30853305436433, 1.5033409701243416], [110.30852856101656, 1.503340969978552], [110.30852856094414, 1.5033432310048964], [110.30852406759637, 1.503343230859107], [110.30852406752392, 1.503345491885456], [110.30851957417617, 1.5033454917396407], [110.30851957410374, 1.5033477527659889], [110.30851508075597, 1.5033477526201953], [110.3085150806111, 1.5033522746728618], [110.30851283393721, 1.5033522745999446], [110.30851283379234, 1.5033567966526082], [110.30851058711843, 1.5033567965797197], [110.30851058697355, 1.5033613186323644], [110.30850834029967, 1.50336131855946], [110.30850833972008, 1.5033794067700217], [110.30851283306787, 1.5033794069158528], [110.30851283299543, 1.5033816679421723], [110.30851732634324, 1.5033816680879881], [110.30851732627079, 1.503383929114303], [110.30851957294469, 1.5033839291872166], [110.30851957287226, 1.50338619021354], [110.30852181954614, 1.5033861902864538], [110.30852181947371, 1.5033884513127656], [110.30852406614763, 1.5033884513856672], [110.30852406607517, 1.5033907124119936], [110.3085263127491, 1.5033907124848946], [110.30852631267663, 1.5033929735112104], [110.30852855935055, 1.5033929735841112], [110.30852855920566, 1.5033974956367593], [110.30852631253174, 1.5033974955638583], [110.3085263123144, 1.5034042786427895], [110.30852855898831, 1.5034042787157038], [110.30852855891587, 1.5034065397420064], [110.30852406556802, 1.5034065395961749], [110.30852406549558, 1.5034088006224868], [110.30852181882166, 1.5034088005495727], [110.3085218187492, 1.5034110615758787], [110.30851732540135, 1.5034110614300409], [110.30851732532889, 1.5034133224563435], [110.30851507865498, 1.5034133223834167], [110.30851507872744, 1.5034110613571143], [110.30851283205352, 1.5034110612841973], [110.30851283212598, 1.5034088002578914], [110.30851058545207, 1.5034088001849766], [110.30851058552452, 1.5034065391586653], [110.30850833885061, 1.5034065390857383], [110.30850833892306, 1.503404278059448], [110.30850609224916, 1.5034042779865084], [110.30850609232162, 1.5034020169602007], [110.30850384564772, 1.503402016887277], [110.30850384572017, 1.5033997558609808], [110.30849935237235, 1.5033997557151264], [110.30849935244481, 1.5033974946888224], [110.3084858724014, 1.5033974942512358], [110.30848587247387, 1.5033952332249294], [110.30848137912606, 1.503395233079076], [110.30848137919854, 1.503392972052759], [110.30847688585075, 1.5033929719068926], [110.30847688592323, 1.5033907108805868], [110.30847239257542, 1.503390710734701], [110.30847239264791, 1.5033884497083938], [110.30846789930014, 1.5033884495625272], [110.30846789937262, 1.5033861885362312], [110.30846565269871, 1.5033861884632949], [110.30846565277119, 1.5033839274369942], [110.30846115942343, 1.5033839272910923], [110.3084611594959, 1.5033816662647996], [110.30845666614813, 1.5033816661189203], [110.30845666622061, 1.5033794050926161], [110.30844992619897, 1.5033794048737814], [110.3084499261265, 1.5033816659000663], [110.30844767945261, 1.5033816658271233], [110.30844767938014, 1.503383926853416], [110.30844543270625, 1.5033839267804536], [110.30844543263376, 1.5033861878067607], [110.30844318595987, 1.5033861877337988], [110.30844318588738, 1.5033884487600824], [110.30844093921351, 1.5033884486871392], [110.30844093906853, 1.5033929707397233], [110.30843869239463, 1.503392970666755], [110.30843869232213, 1.5033952316930435], [110.30843644564825, 1.5033952316200754], [110.30843644557575, 1.5033974926463587], [110.30843419890186, 1.50339749257339], [110.30843419882936, 1.5033997535996817], [110.30842970548161, 1.5033997534537389], [110.3084297055541, 1.503397492427463], [110.30842296553246, 1.503397492208548], [110.30842296560496, 1.5033952311822678], [110.30841397890946, 1.5033952308903942], [110.30841397898197, 1.5033929698640989], [110.30840723896036, 1.5033929696451684], [110.30840723903286, 1.5033907086188916], [110.30840049901126, 1.5033907083999638], [110.30840049908377, 1.5033884473736814], [110.30839151238831, 1.50338844708174], [110.30839151246083, 1.5033861860554796], [110.30838477243925, 1.5033861858365103], [110.30838477251177, 1.5033839248102479], [110.3083780324902, 1.5033839245912848], [110.30837803256271, 1.5033816635650015], [110.30837353921503, 1.5033816634190098], [110.30837353928754, 1.5033794023927411], [110.3083712926137, 1.5033794023197442], [110.30837129254117, 1.5033816633460224], [110.30836679919345, 1.5033816632000312], [110.30836679912093, 1.5033839242262854], [110.30836455244707, 1.5033839241532976], [110.30836455237454, 1.503386185179548], [110.30836005902684, 1.5033861850335561], [110.30836005909937, 1.5033839240072777], [110.30835331907782, 1.5033839237882858], [110.30835331900528, 1.503386184814523], [110.30834882565759, 1.503386184668519], [110.30834882573012, 1.5033839236422593], [110.30834208570859, 1.5033839234232291], [110.30834208578113, 1.503381662396972], [110.3083398391073, 1.503381662323949], [110.30833983903474, 1.503383923350203], [110.30833534568706, 1.503383923204183], [110.30833534561451, 1.5033861842304237], [110.30833085226682, 1.503386184084394], [110.30833085219427, 1.5033884451106425], [110.30832411217274, 1.5033884448915704], [110.3083241122453, 1.5033861838653282], [110.30832186557146, 1.5033861837922993], [110.308321865644, 1.5033839227660495], [110.30831961897017, 1.5033839226930366], [110.30831961904275, 1.5033816616667721], [110.3083173723689, 1.5033816615937554], [110.30831737244148, 1.5033794005674963], [110.30830389239847, 1.503379400129324], [110.30830389283388, 1.5033658339718146], [110.30830164616006, 1.5033658338988007], [110.30830164623262, 1.5033635728725407], [110.30829939955879, 1.5033635727995145], [110.30829939963137, 1.5033613117732532], [110.30829715295755, 1.5033613117002236], [110.30829715303013, 1.5033590506739705], [110.3082949063563, 1.5033590506009442], [110.30829490642887, 1.5033567895746764], [110.30829265975505, 1.5033567895016504], [110.30829265982763, 1.5033545284753913], [110.30829041315381, 1.503354528402365], [110.30829041322639, 1.5033522673760975], [110.30828816655257, 1.503352267303081], [110.30828816662513, 1.5033500062768244], [110.30828591995135, 1.5033500062037857], [110.3082859200239, 1.5033477451775246], [110.3082836733501, 1.5033477451044888], [110.30828367342268, 1.5033454840782363], [110.30828142674886, 1.5033454840051976], [110.30828142682145, 1.5033432229789525], [110.30827693347383, 1.5033432228328654], [110.30827693223999, 1.5033816602790628], [110.30827468556619, 1.5033816602059986], [110.3082746844773, 1.5034155755994187], [110.30827243780345, 1.503415575526355], [110.30827243773085, 1.5034178365525805], [110.30827019105702, 1.5034178364795132], [110.3082701909844, 1.5034200975057217], [110.30826569763673, 1.5034200973595926], [110.30826569756412, 1.5034223583858066], [110.3082634508903, 1.5034223583127424], [110.30826345081768, 1.503424619338944], [110.30826120414383, 1.5034246192658667], [110.30826120407123, 1.5034268802920847], [110.30825895739738, 1.5034268802190065], [110.30825895747, 1.5034246191927898], [110.30825671079616, 1.5034246191197256], [110.30825671094138, 1.50342009706731], [110.30825446426753, 1.5034200969942202], [110.30825446448539, 1.50341331391559], [110.3082567111592, 1.5034133139886574], [110.30825671152223, 1.5034020088575715], [110.30825895819606, 1.5034020089306488], [110.30825895863167, 1.5033884427732975], [110.30826120530548, 1.503388442846362], [110.30826120566844, 1.5033771377152167], [110.30826345234227, 1.5033771377882676], [110.30826345277781, 1.503363571630835], [110.30826569945161, 1.50336357170389], [110.30826569981453, 1.5033522665726624], [110.30826794648831, 1.5033522666457173], [110.30826794699638, 1.5033364394619568], [110.3082657003226, 1.5033364393889077], [110.30826570039514, 1.5033341783626601], [110.30826345372137, 1.5033341782896181], [110.30826345379394, 1.5033319172633592], [110.30825446709879, 1.5033319169711912], [110.30825446717137, 1.5033296559449472], [110.30823874045491, 1.5033296554335975], [110.3082387405275, 1.5033273944073293], [110.30822526048485, 1.5033273939689833], [110.30822526055744, 1.5033251329427464], [110.30821178051484, 1.503325132504346], [110.30821178058743, 1.5033228714781097], [110.30820504056612, 1.5033228712589033], [110.30820504071134, 1.5033183492064144], [110.30820279403758, 1.5033183491333397], [110.30820279396498, 1.5033206101595824], [110.30819830061746, 1.5033206100134433], [110.30819830054484, 1.5033228710396618], [110.30819380719734, 1.5033228708935296], [110.30819380712472, 1.5033251319197591], [110.30819156045095, 1.5033251318466816], [110.30819156052355, 1.5033228708204427], [110.30818482050229, 1.503322870601198], [110.30818482057491, 1.5033206095749698], [110.30817808055365, 1.503320609355712], [110.30817808062626, 1.5033183483294794], [110.30817134060501, 1.5033183481102126], [110.30817134067765, 1.5033160870839848], [110.3081646006564, 1.5033160868647175], [110.30816460072903, 1.5033138258384782], [110.3081578607078, 1.5033138256191858], [110.30815786078043, 1.5033115645929649], [110.30815112075922, 1.5033115643736719], [110.30815112083184, 1.503309303347446], [110.30814438081062, 1.5033093031281435], [110.30814438088328, 1.5033070421019037], [110.3081241608197, 1.503307041443945], [110.30812415253288, 1.5035647984260663], [110.30812639920677, 1.5035647984992837], [110.30812639913404, 1.5035670595253707], [110.30812415246015, 1.5035670594521593], [110.3081241491863, 1.5036688056254395]], [[110.30826794038887, 1.503542192846733], [110.3082701870628, 1.5035421929198325], [110.30827018699016, 1.5035444539459977], [110.30826569364231, 1.5035444537997829], [110.30826569371499, 1.503542192773618], [110.30826344704107, 1.5035421927004966], [110.30826344718635, 1.5035376706481967], [110.30825446049074, 1.5035376703557515], [110.3082544605634, 1.5035354093295887], [110.30824996721559, 1.5035354091833515], [110.30824996728823, 1.5035331481572094], [110.30825221396213, 1.5035331482303151], [110.3082522140348, 1.5035308872041557], [110.3082544607087, 1.5035308872772706], [110.30825446078134, 1.5035286262511094], [110.30825670745523, 1.5035286263242211], [110.30825670760052, 1.5035241042719039], [110.30825446092663, 1.5035241041987883], [110.30825446107193, 1.503519582146468], [110.30825221439802, 1.5035195820733556], [110.30825221476125, 1.5035082769425334], [110.30825446143513, 1.5035082770156358], [110.30825446150777, 1.5035060159894622], [110.30825895485556, 1.5035060161356673], [110.30825895478291, 1.5035082771618407], [110.30826120145679, 1.5035082772349397], [110.30826120138417, 1.5035105382611205], [110.30826344805804, 1.503510538334223], [110.30826344798541, 1.503512799360387], [110.30826569465931, 1.5035127994334894], [110.30826569458667, 1.503515060459661], [110.30826794126057, 1.5035150605327603], [110.30826794118792, 1.5035173215589335], [110.30826569451405, 1.5035173214858215], [110.30826569444139, 1.5035195825119962], [110.30826344776749, 1.503519582438884], [110.30826344762222, 1.5035241044912204], [110.30826569429613, 1.503524104564333], [110.30826569386026, 1.5035376707212955], [110.30826794053418, 1.503537670794421], [110.30826794038887, 1.503542192846733]], [[110.30860044900527, 1.5035150713374088], [110.3086026956793, 1.5035150714103191], [110.30860269553442, 1.5035195934628705], [110.3086004488604, 1.503519593389976], [110.30860044878794, 1.5035218544162516], [110.30859370876591, 1.5035218541975228], [110.30859370883837, 1.5035195931712348], [110.30858921549036, 1.5035195930253944], [110.3085892155628, 1.5035173319991177], [110.3085847222148, 1.50351733185329], [110.30858472235971, 1.5035128098007362], [110.30858696903371, 1.50351280987364], [110.30858696910616, 1.5035105488473623], [110.30858921578016, 1.5035105489202791], [110.30858921592505, 1.5035060268677154], [110.30859146259904, 1.503506026940626], [110.3085914626715, 1.5035037659143504], [110.3085937093455, 1.5035037659872514], [110.30859370927305, 1.5035060270135394], [110.30859595594706, 1.5035060270864409], [110.30859595587461, 1.5035082881127282], [110.30859820254861, 1.5035082881856388], [110.30859820240372, 1.5035128102382185], [110.30860044907773, 1.503512810311113], [110.30860044900527, 1.5035150713374088]], [[110.30858022915663, 1.5035082876023382], [110.3085824758306, 1.503508287675255], [110.30858247575816, 1.5035105487015443], [110.30858022908417, 1.5035105486286175], [110.30858022915663, 1.5035082876023382]], [[110.30857798277243, 1.503499243424308], [110.30858022944642, 1.5034992434972088], [110.30858022922907, 1.5035060265760667], [110.30857798255508, 1.5035060265031401], [110.30857798269999, 1.503501504450574], [110.30857573602599, 1.503501504377673], [110.30857573609843, 1.5034992433513912], [110.30857348942446, 1.5034992432784644], [110.30857348949691, 1.5034969822521804], [110.30857124282292, 1.5034969821792634], [110.30857124289537, 1.5034947211529854], [110.30856899622138, 1.503494721080062], [110.30856899629384, 1.503492460053781], [110.30856674961987, 1.5034924599808512], [110.30856674983723, 1.5034856769020015], [110.30856450316324, 1.5034856768290843], [110.30856450338061, 1.503478893750225], [110.30856225670664, 1.503478893677308], [110.30856225685154, 1.5034743716247407], [110.30856001017756, 1.5034743715518268], [110.30856001039491, 1.5034675884729451], [110.30855776372096, 1.5034675884000308], [110.30855776386585, 1.5034630663474455], [110.3085555171919, 1.5034630662745354], [110.30855551726435, 1.5034608052482372], [110.30855327059038, 1.5034608051753136], [110.3085532708802, 1.5034517610701363], [110.30855551755415, 1.5034517611430438], [110.30855551769905, 1.5034472390904479], [110.30855776437302, 1.5034472391633613], [110.3085577645179, 1.5034427171107594], [110.30856001119184, 1.5034427171836604], [110.3085600111194, 1.5034449782099737], [110.30856225779335, 1.5034449782828652], [110.30856225772092, 1.5034472393091607], [110.30856450439487, 1.503447239382078], [110.30856450432242, 1.5034495004083848], [110.30856675099638, 1.503449500481295], [110.30856675092394, 1.5034517615075977], [110.3085689975979, 1.5034517615804923], [110.30856899752547, 1.5034540226068118], [110.30857124419943, 1.503454022679713], [110.30857124412698, 1.503456283706009], [110.30857349080095, 1.5034562837789132], [110.30857349058361, 1.5034630668578337], [110.30857573725758, 1.5034630669307154], [110.30857573696782, 1.503472111035911], [110.30857798364181, 1.5034721111088345], [110.30857798335202, 1.5034811552140004], [110.30858023002598, 1.5034811552869103], [110.30858022973621, 1.5034901993920649], [110.30857798306224, 1.5034901993191478], [110.30857798277243, 1.503499243424308]], [[110.30824322850158, 1.5034947104930718], [110.30824547517545, 1.503494710566178], [110.30824547532075, 1.5034901885138412], [110.30824772199462, 1.5034901885869336], [110.30824772221251, 1.5034834055084232], [110.30825221556027, 1.503483405654606], [110.30825221526973, 1.5034924497593196], [110.30824996859585, 1.5034924496862199], [110.3082499685232, 1.503494710712389], [110.30824772184934, 1.50349471063929], [110.3082477217767, 1.5034969716654543], [110.30824322842895, 1.5034969715192432], [110.30824322850158, 1.5034947104930718]], [[110.30823649015063, 1.5034427066715588], [110.30824323017215, 1.5034427068908351], [110.30824323009954, 1.5034449679170494], [110.30824098342569, 1.5034449678439505], [110.30824098335306, 1.503447228870147], [110.30823649000537, 1.5034472287239486], [110.30823649015063, 1.5034427066715588]], [[110.30881163867922, 1.503442725341089], [110.30881388535326, 1.5034427254138525], [110.30881388528097, 1.5034449864402415], [110.30881163860693, 1.503444986367487], [110.30881163867922, 1.503442725341089]], [[110.30822975063751, 1.5034268792689185], [110.30823199731134, 1.5034268793420145], [110.30823199723872, 1.5034291403682107], [110.30822975056489, 1.5034291402951048], [110.30822975063751, 1.5034268792689185]], [[110.30870829319366, 1.5033952404390136], [110.30871053986765, 1.5033952405118194], [110.30871054001231, 1.5033907184590605], [110.30871503336027, 1.503390718604655], [110.3087150332156, 1.5033952406574203], [110.3087127865416, 1.5033952405846212], [110.30871278646927, 1.5033975016109973], [110.30870829312133, 1.5033975014653962], [110.30870829319366, 1.5033952404390136]], [[110.30853979380662, 1.5033590585537266], [110.30854204048049, 1.503359058626616], [110.30854204026322, 1.5033658417056155], [110.3085397935893, 1.503365841632724], [110.30853979337203, 1.5033726247117332], [110.30853305335032, 1.503372624493033], [110.30853305342275, 1.503370363466698], [110.30852406672716, 1.503370363175099], [110.30852406716177, 1.5033567970171209], [110.30852631383566, 1.5033567970900195], [110.30852631390809, 1.503354536063684], [110.30853305392976, 1.5033545362823686], [110.3085330540022, 1.5033522752560406], [110.30853754734999, 1.5033522754018214], [110.3085375474224, 1.5033500143754892], [110.30853979409629, 1.5033500144483583], [110.30853979380662, 1.5033590585537266]], [[110.30883411026105, 1.5032912372976104], [110.30883635693499, 1.503291237370304], [110.30883635700724, 1.503288976343836], [110.30883860368118, 1.503288976416549], [110.30883860375341, 1.5032867153900669], [110.30884085042737, 1.503286715462767], [110.30884085049959, 1.5032844544362831], [110.30884309717355, 1.503284454508971], [110.30884309724578, 1.5032821934824958], [110.30884534391973, 1.503282193555183], [110.30884534399198, 1.5032799325287152], [110.30884983733988, 1.503279932674074], [110.30884983741211, 1.5032776716475984], [110.30885208408606, 1.5032776717202863], [110.3088520842305, 1.5032731496673284], [110.30885657757841, 1.5032731498126741], [110.30885657765063, 1.5032708887861916], [110.30885882432457, 1.5032708888588788], [110.30885882461341, 1.5032618447529171], [110.30886107128737, 1.5032618448255821], [110.30886107135959, 1.5032595837990919], [110.30887455140328, 1.5032595842351004], [110.30887455133109, 1.5032618452615907], [110.308879044679, 1.5032618454069109], [110.3088790446068, 1.5032641064334094], [110.30888129128076, 1.5032641065060706], [110.30888129120856, 1.5032663675325675], [110.30888353788251, 1.5032663676052354], [110.30888353781032, 1.5032686286317372], [110.30888578448427, 1.5032686287043924], [110.30888578441208, 1.5032708897308797], [110.30888803108604, 1.5032708898035447], [110.30888803101385, 1.5032731508300428], [110.30889252436178, 1.503273150975363], [110.30889252428959, 1.5032754120018539], [110.30888353759372, 1.5032754117112268], [110.30888353752152, 1.5032776727376964], [110.30887455082566, 1.503277672447043], [110.30887455075344, 1.5032799334735407], [110.3088655640576, 1.5032799331828302], [110.30886556398538, 1.503282194209323], [110.30886107063746, 1.5032821940639711], [110.30886107056524, 1.503284455090459], [110.30885433054335, 1.503284454872413], [110.30885433047114, 1.503286715898884], [110.30884983712322, 1.5032867157535061], [110.30884983705099, 1.5032889767799784], [110.30884309702911, 1.5032889765619293], [110.30884309695686, 1.5032912375883882], [110.30883860360896, 1.5032912374430032], [110.30883860353671, 1.5032934984694701], [110.30883411018881, 1.5032934983240858], [110.30883411026105, 1.5032912372976104]], [[110.30898688474122, 1.503270892999283], [110.30898913141522, 1.5032708930718872], [110.30898913134307, 1.50327315409842], [110.30898688466908, 1.5032731540258164], [110.30898688474122, 1.503270892999283]], [[110.30898913148735, 1.5032686320453492], [110.30899137816137, 1.5032686321179562], [110.3089913782335, 1.5032663710914234], [110.30899362490749, 1.5032663711640146], [110.30899362505176, 1.5032618491109369], [110.30899587172574, 1.5032618491835381], [110.30899587179788, 1.5032595881569968], [110.30899811847188, 1.5032595882295885], [110.30899811854401, 1.5032573272030583], [110.309000365218, 1.5032573272756367], [110.30900036529013, 1.5032550662491022], [110.30900261196412, 1.503255066321681], [110.30900261203624, 1.5032528052951424], [110.30900485871024, 1.5032528053677205], [110.30900485878236, 1.5032505443411768], [110.30900710545635, 1.503250544413778], [110.3090071055285, 1.503248283387211], [110.30900935220247, 1.5032482834597891], [110.3090093523467, 1.5032437614066942], [110.30900710567272, 1.5032437613341287], [110.30900710574483, 1.5032415003075597], [110.30900935241883, 1.5032415003801547], [110.30900935256305, 1.5032369783270476], [110.30901159923704, 1.503236978399626], [110.30901159938126, 1.5032324563465007], [110.30901384605525, 1.5032324564190886], [110.30901384627158, 1.5032256733394003], [110.30901609294557, 1.503225673411966], [110.30901609308978, 1.5032211513588416], [110.30901833976375, 1.5032211514314073], [110.30901833990796, 1.5032166293782774], [110.30902058658192, 1.5032166294508527], [110.30902058672615, 1.5032121073977067], [110.30902283340014, 1.5032121074702725], [110.3090228335443, 1.5032075854171372], [110.30902508021829, 1.5032075854896934], [110.3090250801462, 1.5032098465162556], [110.30902732682017, 1.5032098465888113], [110.30902732703645, 1.5032030635090918], [110.30902957371043, 1.5032030635816356], [110.3090295739988, 1.503194019475324], [110.30903182067276, 1.5031940195478708], [110.30903182081694, 1.5031894974947084], [110.30903631416487, 1.5031894976398052], [110.30903631423696, 1.5031872366132197], [110.30904080758489, 1.5031872367582912], [110.30904080765697, 1.5031849757317146], [110.30904530100491, 1.5031849758767846], [110.30904530107696, 1.5031827148502068], [110.30904979442492, 1.5031827149952746], [110.309049794497, 1.5031804539686815], [110.30905204117096, 1.5031804540412308], [110.30905204124304, 1.503178193014634], [110.30905653459097, 1.5031781931596921], [110.30905653466304, 1.5031759321330778], [110.30906102801096, 1.5031759322781455], [110.30906102808304, 1.503173671251539], [110.30906552143097, 1.5031736713966062], [110.30906552150303, 1.5031714103699763], [110.30907001485097, 1.5031714105150185], [110.30907001492304, 1.5031691494884152], [110.309072261597, 1.503169149560942], [110.30907226166904, 1.503166888534328], [110.30907675501699, 1.503166888679361], [110.30907675508902, 1.5031646276527608], [110.30908124843698, 1.5031646277977713], [110.30908124850903, 1.50316236677116], [110.30908574185696, 1.5031623669161798], [110.309085741929, 1.5031601058895714], [110.30908798860298, 1.5031601059620765], [110.30908798867502, 1.503157844935459], [110.30909248202296, 1.5031578450804537], [110.309092482095, 1.5031555840538384], [110.30909697544293, 1.5031555841988586], [110.30909697529886, 1.503160106252091], [110.30909472862488, 1.5031601061795887], [110.30909472855285, 1.5031623672062049], [110.30909248187888, 1.5031623671337118], [110.30909248180684, 1.5031646281603392], [110.30909023513286, 1.5031646280878115], [110.30909023498877, 1.5031691501410387], [110.3090879883148, 1.5031691500685362], [110.30908798824275, 1.5031714110951495], [110.30908574156877, 1.5031714110226442], [110.30908574149673, 1.5031736720492523], [110.30908349482274, 1.5031736719767375], [110.30908349475068, 1.5031759330033476], [110.30908124807671, 1.5031759329308299], [110.30908124793261, 1.5031804549840417], [110.30907900125864, 1.5031804549115175], [110.30907900118657, 1.5031827159381261], [110.30907675451259, 1.503182715865608], [110.30907675444054, 1.5031849768922223], [110.30907450776654, 1.503184976819698], [110.3090745076945, 1.5031872378462974], [110.30907226102052, 1.5031872377737698], [110.30907226087639, 1.503191759826973], [110.30907001420242, 1.5031917597544397], [110.30907001413034, 1.5031940207810306], [110.30906776745637, 1.5031940207085035], [110.3090677673843, 1.5031962817351006], [110.3090655207103, 1.5031962816625823], [110.30906552056616, 1.503200803715768], [110.30906327389219, 1.5032008036432147], [110.30906327382012, 1.5032030646698167], [110.30906102714613, 1.5032030645972767], [110.30906102707407, 1.5032053256238667], [110.30905878040008, 1.5032053255513174], [110.30905878025592, 1.50320984760451], [110.30905653358192, 1.503209847531957], [110.30905653350985, 1.5032121085585493], [110.30905428683586, 1.5032121084860095], [110.30905428661963, 1.5032188915657303], [110.30905653329361, 1.5032188916382738], [110.309056532789, 1.5032347188243145], [110.30905877946302, 1.5032347188968578], [110.30905877931886, 1.50323924094999], [110.30905653264485, 1.5032392408774495], [110.30905653257275, 1.5032415019040135], [110.30905428589874, 1.50324150183147], [110.30905428582666, 1.5032437628580297], [110.30905203915266, 1.5032437627854733], [110.30905203908056, 1.5032460238120497], [110.30904979240657, 1.5032460237394873], [110.30904979233446, 1.5032482847660467], [110.30904754566046, 1.5032482846934845], [110.30904754558834, 1.5032505457200518], [110.30904529891436, 1.503250545647489], [110.30904529884226, 1.5032528066740518], [110.30904305216825, 1.503252806601499], [110.30904305209614, 1.5032550676280507], [110.30903631207411, 1.5032550674103433], [110.30903631200201, 1.5032573284369037], [110.30902957198, 1.5032573282191932], [110.30902957190789, 1.503259589245749], [110.30902283188587, 1.5032595890280231], [110.30902283181376, 1.503261850054563], [110.30901609179175, 1.5032618498368178], [110.30901609171961, 1.50326411086338], [110.30900935169761, 1.5032641106456097], [110.30900935162549, 1.5032663716721535], [110.3090026116035, 1.5032663714543892], [110.30900261153135, 1.5032686324809348], [110.30899587150935, 1.5032686322631457], [110.30899587143722, 1.5032708932896837], [110.30898913141522, 1.5032708930718872], [110.30898913148735, 1.5032686320453492]], [[110.30890151286215, 1.5032166256031314], [110.3089037595361, 1.5032166256757609], [110.30890375946393, 1.503218886702286], [110.30890151278999, 1.5032188866296596], [110.30890151286215, 1.5032166256031314]], [[110.30887005957148, 1.5032121025331031], [110.30887230624539, 1.5032121026057519], [110.30887230638977, 1.5032075805527056], [110.30887005971584, 1.5032075804800529], [110.30887006072638, 1.5031759261086628], [110.30886781405246, 1.5031759260360298], [110.30886781419682, 1.503171403982961], [110.30886556752291, 1.5031714039103214], [110.30886556788377, 1.5031600987776301], [110.3088633212099, 1.5031600987049805], [110.30886332149858, 1.5031510545988074], [110.30886556817248, 1.5031510546714373], [110.3088655681003, 1.503153315697993], [110.3088678147742, 1.5031533157706227], [110.30886781462985, 1.503157837823725], [110.30887006130375, 1.5031578378963422], [110.3088700611594, 1.5031623599494315], [110.30887230783331, 1.5031623600220618], [110.30887230776113, 1.5031646210486], [110.30887455443502, 1.5031646211212397], [110.3088745542907, 1.5031691431743175], [110.3088768009646, 1.5031691432469603], [110.30887680089242, 1.50317140427349], [110.30887904756634, 1.5031714043461173], [110.30887904749416, 1.503173665372669], [110.30888129416806, 1.5031736654452985], [110.3088812940959, 1.5031759264718414], [110.30888354076983, 1.5031759265444717], [110.30888354069764, 1.50317818757101], [110.30888578737154, 1.5031781876436494], [110.30888578729937, 1.5031804486701772], [110.30888803397329, 1.503180448742807], [110.30888803382895, 1.5031849707958933], [110.30889028050288, 1.5031849708685099], [110.30889028043072, 1.5031872318950619], [110.30889252710465, 1.5031872319676758], [110.30889252703247, 1.5031894929942233], [110.30889477370637, 1.5031894930668432], [110.30889477363421, 1.5031917540933855], [110.30889702030815, 1.5031917541660123], [110.30889702016381, 1.5031962762190803], [110.30889926683774, 1.50319627629172], [110.30889926640474, 1.5032098424509126], [110.30890151307867, 1.503209842523539], [110.30890151286215, 1.5032166256031314], [110.30887005942711, 1.503216624586138], [110.30887005957148, 1.5032121025331031]], [[110.30877569998967, 1.5031894892157602], [110.30878019333744, 1.5031894893611446], [110.30878019319297, 1.5031940114141422], [110.30877794651909, 1.5031940113414515], [110.30877794637462, 1.5031985333944435], [110.30877569970073, 1.5031985333217397], [110.30877569998967, 1.5031894892157602]], [[110.30873526051023, 1.5031691386686055], [110.30873750718409, 1.5031691387413217], [110.30873750725634, 1.5031668777148248], [110.3087397539302, 1.5031668777875318], [110.30873975407468, 1.50316235573453], [110.30874200074854, 1.503162355807259], [110.30874200082079, 1.5031600947807513], [110.30874424749464, 1.5031600948534583], [110.30874424756688, 1.5031578338269456], [110.30874649424072, 1.503157833899652], [110.30874649416847, 1.5031600949261616], [110.30874874084235, 1.503160094998862], [110.30874874069788, 1.5031646170518724], [110.308746494024, 1.503164616979166], [110.30874649395176, 1.503166878005665], [110.30874200060406, 1.5031668778602445], [110.3087420005318, 1.5031691388867385], [110.30873975385795, 1.5031691388140282], [110.30873975378569, 1.5031713998405274], [110.30873526043798, 1.5031713996950953], [110.30873526051023, 1.5031691386686055]], [[110.30885658097168, 1.503166881566685], [110.30885882764557, 1.5031668816393244], [110.30885882757339, 1.50316914266586], [110.30884310085614, 1.5031691421573448], [110.30884310092833, 1.5031668811308128], [110.30884085425444, 1.5031668810581509], [110.30884085432663, 1.5031646200316269], [110.30883860765275, 1.5031646199589748], [110.30883860815806, 1.5031487927732414], [110.30883636148417, 1.5031487927005887], [110.30883636177289, 1.503139748594431], [110.30884310179452, 1.5031397488123657], [110.30884310172235, 1.5031420098388966], [110.30884984174396, 1.5031420100568151], [110.30884984167179, 1.5031442710833534], [110.30885658169345, 1.503144271301276], [110.30885658162127, 1.5031465323278193], [110.30886332164292, 1.5031465325457183], [110.30886332157075, 1.5031487935722605], [110.30885882822298, 1.503148793426991], [110.3088588281508, 1.5031510544535476], [110.30885658147692, 1.503151054380908], [110.30885658140475, 1.5031533154074532], [110.30885433473087, 1.5031533153348111], [110.30885433465868, 1.503155576361367], [110.30885208798479, 1.5031555762887243], [110.30885208784044, 1.5031600983417863], [110.30885433451432, 1.5031600984144389], [110.30885433436997, 1.5031646204675089], [110.30885658104386, 1.5031646205401488], [110.30885658097168, 1.503166881566685]], [[110.30909697551498, 1.5031533231722223], [110.30909922218893, 1.503153323244715], [110.3090992221169, 1.5031555842713409], [110.30909697544293, 1.5031555841988586], [110.30909697551498, 1.5031533231722223]], [[110.30883411517122, 1.5031374874952461], [110.3088363618451, 1.5031374875678858], [110.30883636177289, 1.503139748594431], [110.30883411509902, 1.5031397485217914], [110.30883411517122, 1.5031374874952461]], [[110.30882737630449, 1.50310131085254], [110.30882962297835, 1.5031013109251667], [110.30882962276182, 1.5031080940048296], [110.30882737608798, 1.5031080939321775], [110.30882737630449, 1.50310131085254]], [[110.30919358595051, 1.5030447970076912], [110.30919583262447, 1.5030447970800849], [110.3091958325525, 1.5030470581068174], [110.30919358587857, 1.503047058034401], [110.30919358595051, 1.5030447970076912]], [[110.30919133934853, 1.5030425359085793], [110.30919358602246, 1.5030425359809825], [110.30919358595051, 1.5030447970076912], [110.3091868459287, 1.503044796790478], [110.30918684600066, 1.503042535763757], [110.30918235265278, 1.5030425356189343], [110.30918235272475, 1.5030402745922304], [110.3091801060508, 1.5030402745198275], [110.30918010655445, 1.50302444733286], [110.30918235322835, 1.5030244474052628], [110.30918235308448, 1.50302896945869], [110.30918459975841, 1.5030289695310963], [110.30918459961451, 1.5030334915845203], [110.30918684628845, 1.503033491656927], [110.3091868462165, 1.5030357526836382], [110.30918909289043, 1.5030357527560319], [110.30918909274652, 1.503040274809469], [110.30919133942047, 1.5030402748818656], [110.30919133934853, 1.5030425359085793]], [[110.30917786002442, 1.5030199252070333], [110.30918010669834, 1.5030199252794365], [110.30918010655445, 1.50302444733286], [110.30917785988052, 1.503024447260454], [110.30917786002442, 1.5030199252070333]]]}}, {"type": "Feature", "properties": {"height": 0.01, "depth": 0.01, "timestep": "1130", "timestep_label": "11:30"}, "geometry": {"type": "Polygon", "coordinates": [[[110.30812640981773, 1.5032346886774535], [110.30814662988094, 1.5032346893351842], [110.30814663002616, 1.5032301672826562], [110.30814887669985, 1.5032301673557305], [110.30814887684507, 1.5032256453031991], [110.30815112351875, 1.5032256453762645], [110.30815112359137, 1.5032233843499982], [110.30815337026505, 1.5032233844230722], [110.30815337099105, 1.5032007741603062], [110.30814887764369, 1.503200774014199], [110.30814887771629, 1.5031985129879069], [110.30813315100059, 1.5031985124764533], [110.30813315107319, 1.5031962514501755], [110.30812416437853, 1.5031962511578774], [110.30812416314404, 1.5032346886043635], [110.30812640981773, 1.5032346886774535]]]}}, {"type": "Feature", "properties": {"height": 0.01, "depth": 0.01, "timestep": "1130", "timestep_label": "11:30"}, "geometry": {"type": "Polygon", "coordinates": [[[110.30818931784253, 1.5031985143028255], [110.30819605786358, 1.5031985145219529], [110.30819605866182, 1.5031736432326275], [110.30819381198815, 1.5031736431595784], [110.30819381191557, 1.5031759041859087], [110.30818931856824, 1.5031759040398338], [110.3081893186408, 1.5031736430135223], [110.30818482529345, 1.5031736428674878], [110.30818482507574, 1.5031804259463737], [110.30818257840207, 1.503180425873347], [110.30818257789404, 1.5031962530574268], [110.30818931791511, 1.5031962532765484], [110.30818931784253, 1.5031985143028255]]]}}, {"type": "Feature", "properties": {"height": 0.01, "depth": 0.01, "timestep": "1130", "timestep_label": "11:30"}, "geometry": {"type": "Polygon", "coordinates": [[[110.30857574948921, 1.503080953470758], [110.30857799616297, 1.503080953543544], [110.30857799659681, 1.5030673873846194], [110.30857574992308, 1.5030673873118514], [110.30857575035692, 1.5030538211529083], [110.30855553029332, 1.5030538204979629], [110.30855553007638, 1.5030606035774048], [110.30855777675012, 1.5030606036501948], [110.30855777667777, 1.5030628646766884], [110.30856002335153, 1.503062864749447], [110.30856002327921, 1.5030651257759486], [110.30856226995294, 1.5030651258487133], [110.30856226988064, 1.503067386875191], [110.30856451655437, 1.5030673869479843], [110.30856451648206, 1.5030696479744574], [110.3085667631558, 1.5030696480472445], [110.30856676308349, 1.5030719090737255], [110.30856900975724, 1.5030719091464932], [110.30856900968492, 1.5030741701729704], [110.30857125635866, 1.5030741702457509], [110.30857125628634, 1.503076431272238], [110.30857350296009, 1.503076431345025], [110.30857350288777, 1.503078692371499], [110.30857574956154, 1.5030786924442665], [110.30857574948921, 1.503080953470758]]]}}, {"type": "Feature", "properties": {"height": 0.01, "depth": 0.01, "timestep": "1130", "timestep_label": "11:30"}, "geometry": {"type": "Polygon", "coordinates": [[[110.30923851223375, 1.5032709011225405], [110.3093104058048, 1.5032709034404468], [110.30931040695596, 1.5032347270140745], [110.30934635374143, 1.5032347281723313], [110.30934635489207, 1.5031985517454776], [110.30941824846296, 1.5031985540606232], [110.30941824975645, 1.5031578555796392], [110.30941600308236, 1.5031578555073257], [110.30941600322608, 1.5031533334538612], [110.30941375655199, 1.503153333381554], [110.3094137566957, 1.503148811328081], [110.30941151002163, 1.5031488112557743], [110.30941151016533, 1.5031442892023072], [110.30940926349128, 1.503144289129991], [110.30940926370683, 1.5031375060497834], [110.30940701703277, 1.5031375059774763], [110.30940701732017, 1.5031284618705174], [110.30940477064613, 1.5031284617981913], [110.30940477086166, 1.5031216787179744], [110.30940701753572, 1.5031216787902808], [110.30940701760757, 1.5031194177635372], [110.30940926428161, 1.5031194178358542], [110.30940926435346, 1.5031171568091053], [110.30941151102752, 1.5031171568814192], [110.30941151109936, 1.5031148958546654], [110.30941375777343, 1.5031148959269593], [110.30941375784526, 1.5031126349002146], [110.30941600451932, 1.503112634972509], [110.30941600459114, 1.5031103739457583], [110.3094182512652, 1.5031103740180534], [110.30941825191171, 1.5030900247772276], [110.3094384719781, 1.50309002542781], [110.3094384720499, 1.5030877644010354], [110.30944071872396, 1.5030877644733076], [110.30944071879577, 1.5030855034465507], [110.30944521214387, 1.5030855035910877], [110.30944521221568, 1.5030832425643175], [110.30944745888972, 1.5030832426365859], [110.30944745896153, 1.5030809816098172], [110.30944970563557, 1.503080981682073], [110.30944970570738, 1.5030787206552987], [110.30944745903335, 1.5030787205830305], [110.30944745967962, 1.503058371341974], [110.30944521300557, 1.5030583712697205], [110.30944521365178, 1.5030380220285764], [110.30944296697777, 1.5030380219563302], [110.30944296762394, 1.5030176727151099], [110.30944072094992, 1.5030176726428666], [110.30944072159603, 1.5029973234015863], [110.30943847492205, 1.5029973233293334], [110.3094384755681, 1.5029769740879524], [110.30943622889411, 1.5029769740157186], [110.3094362293248, 1.5029634078547691], [110.30941825593302, 1.5029634072768372], [110.3094182553587, 1.5029814954913847], [110.3093463617918, 1.5029814931785757], [110.30934636236645, 1.502963404964232], [110.30934411569251, 1.5029634048919276], [110.30934411562068, 1.5029656659187227], [110.30933962227277, 1.5029656657741368], [110.30933962220095, 1.5029679268009337], [110.30933737552701, 1.502967926728633], [110.30933737545516, 1.5029701877554382], [110.30933512878123, 1.5029701876831436], [110.30933512870939, 1.5029724487099247], [110.3093306353615, 1.5029724485653297], [110.30933063528965, 1.502974709592119], [110.3093283886157, 1.5029747095198118], [110.30932838789724, 1.5029973197876216], [110.3093306345712, 1.5029973198599387], [110.30933063421195, 1.503008624993815], [110.3093328808859, 1.5030086250661188], [110.30933288067034, 1.5030154081464342], [110.30933512734431, 1.5030154082187603], [110.3093351272006, 1.503019930272272], [110.30933288052663, 1.5030199301999652], [110.30933288038293, 1.5030244522535086], [110.30933063370895, 1.5030244521811793], [110.30933063356524, 1.5030289742347038], [110.30932838689125, 1.5030289741623841], [110.30932838667566, 1.5030357572426625], [110.30932614000169, 1.5030357571703423], [110.30932613992982, 1.5030380181971026], [110.3093171532339, 1.503038017907794], [110.30931715316203, 1.5030402789345376], [110.3093104131401, 1.503040278717526], [110.30931041306823, 1.503042539744277], [110.30930142637231, 1.5030425394549303], [110.30930142630044, 1.5030448004816774], [110.30929468627853, 1.5030448002646402], [110.30929468620664, 1.5030470612913824], [110.30928569951075, 1.503047061001968], [110.30928569943885, 1.5030493220287187], [110.30927895941694, 1.50304932181164], [110.30927895956073, 1.5030447997581828], [110.30928120623472, 1.503044799830525], [110.30928120637847, 1.503040277777062], [110.30928345305246, 1.5030402778494045], [110.30928345312435, 1.5030380168226511], [110.3092789597764, 1.503038016677954], [110.30927895970451, 1.503040277704697], [110.3092677263347, 1.5030402773429083], [110.30926772626282, 1.5030425383696346], [110.309256492893, 1.5030425380078234], [110.3092564928211, 1.5030447990345381], [110.3092452594513, 1.5030447986726856], [110.30924525937938, 1.503047059699408], [110.30923851935752, 1.503047059482266], [110.30923851223375, 1.5032709011225405]], [[110.30927671274297, 1.5030493217392846], [110.30927895941694, 1.50304932181164], [110.30927895934505, 1.5030515828383662], [110.30927671267108, 1.5030515827660142], [110.30927671274297, 1.5030493217392846]], [[110.30936433367495, 1.5030289753193864], [110.30936658034894, 1.5030289753916808], [110.30936658049261, 1.5030244533381276], [110.30936433381862, 1.503024453265836], [110.30936433389046, 1.5030221922390532], [110.30937781393438, 1.50302219267282], [110.30937781343154, 1.5030380198602744], [110.30937556675755, 1.5030380197879734], [110.3093755666857, 1.503040280814749], [110.30937332001172, 1.5030402807424448], [110.30937331993988, 1.5030425417692213], [110.30937107326586, 1.5030425416969269], [110.30937107319401, 1.5030448027236896], [110.30936657984603, 1.5030448025790812], [110.30936658020525, 1.5030334974452286], [110.30936433353125, 1.5030334973729373], [110.30936433367495, 1.5030289753193864]]]}}, {"type": "Feature", "properties": {"height": 0.01, "depth": 0.01, "timestep": "1130", "timestep_label": "11:30"}, "geometry": {"type": "Polygon", "coordinates": [[[110.30932389383075, 1.5030199299106948], [110.30932614050472, 1.5030199299830145], [110.30932614064844, 1.5030154079295024], [110.3093283873224, 1.5030154080017997], [110.30932838768169, 1.5030041028679524], [110.30932614100773, 1.5030041027956451], [110.30932614115143, 1.5029995807420775], [110.30932389447747, 1.5029995806697702], [110.30932389419004, 1.503008624776861], [110.30931266082025, 1.5030086244152603], [110.30931266074838, 1.5030108854420166], [110.30931940077028, 1.50301088565898], [110.3093194006984, 1.5030131466857573], [110.30932164737236, 1.5030131467580965], [110.30932164722864, 1.503017668811611], [110.3093238939026, 1.5030176688839312], [110.30932389383075, 1.5030199299106948]]]}}, {"type": "Feature", "properties": {"height": 0.01, "depth": 0.01, "timestep": "1130", "timestep_label": "11:30"}, "geometry": {"type": "Polygon", "coordinates": [[[110.30930367405254, 1.5030108851527075], [110.30930816740046, 1.5030108852973665], [110.30930816747232, 1.5030086242706011], [110.30930592079838, 1.5030086241982743], [110.30930592087024, 1.503006363171504], [110.30930367419629, 1.5030063630991968], [110.30930367434003, 1.5030018410456447], [110.30930142766607, 1.5030018409733181], [110.30930142788168, 1.502995057893034], [110.30929918120773, 1.5029950578206945], [110.30929918135146, 1.5029905357671531], [110.30929693467752, 1.5029905356948363], [110.30929693474938, 1.5029882746680603], [110.30929468807545, 1.502988274595728], [110.3092946881473, 1.502986013568963], [110.30929244147337, 1.5029860134966433], [110.30929244168897, 1.5029792304163243], [110.30929019501505, 1.5029792303440037], [110.30929019515878, 1.5029747082904643], [110.30928794848485, 1.5029747082181315], [110.30928794862858, 1.5029701861645797], [110.30928570195465, 1.5029701860922595], [110.30928570202653, 1.5029679250654733], [110.3092834553526, 1.5029679249931465], [110.30928345549631, 1.5029634029396015], [110.30928120882241, 1.5029634028672623], [110.30928120889426, 1.5029611418404876], [110.30927896222035, 1.5029611417681707], [110.30927896236409, 1.5029566197146076], [110.30927671569016, 1.5029566196422812], [110.30927671583389, 1.5029520975887343], [110.30927446915999, 1.5029520975164044], [110.30927446923185, 1.5029498364896061], [110.30927222255795, 1.502949836417289], [110.3092722226298, 1.502947575390496], [110.3092699759559, 1.5029475753181791], [110.30926997602776, 1.502945314291404], [110.30923852259315, 1.502945313278674], [110.30923852065195, 1.503006361001082], [110.30924076732589, 1.5030063610734725], [110.30924076739778, 1.5030041000467231], [110.30924301407174, 1.5030041001190815], [110.30924301414362, 1.50300183909234], [110.30924526081755, 1.5030018391646953], [110.30924526096136, 1.5029973171112012], [110.30924750763528, 1.5029973171835567], [110.30924750770718, 1.5029950561568142], [110.3092497543811, 1.5029950562291727], [110.309249754453, 1.5029927952024185], [110.30925200112692, 1.5029927952747708], [110.30925200119881, 1.5029905342480376], [110.30925424787276, 1.5029905343203669], [110.30925424794464, 1.5029882732936266], [110.30925649461857, 1.5029882733659692], [110.30925649469046, 1.5029860123392165], [110.3092609880383, 1.5029860124839243], [110.30926098796643, 1.5029882735106703], [110.3092654813143, 1.502988273655365], [110.3092654812424, 1.5029905346821186], [110.30926997459025, 1.5029905348268036], [110.30926997451837, 1.5029927958535745], [110.30927222119233, 1.5029927959259044], [110.30927222112044, 1.502995056952671], [110.30927671446833, 1.5029950570973658], [110.30927671439643, 1.5029973181241216], [110.3092812077443, 1.5029973182688032], [110.30928120767244, 1.502999579295541], [110.30928570102033, 1.5029995794402262], [110.30928570094845, 1.5030018404669918], [110.30929019429634, 1.5030018406116672], [110.30929019422446, 1.5030041016384215], [110.3092924408984, 1.5030041017107603], [110.30929244082654, 1.50300636273751], [110.30929468750048, 1.503006362809843], [110.30929468757235, 1.5030041017830933], [110.3092969342463, 1.503004101855433], [110.30929693431817, 1.503001840828669], [110.30929918099213, 1.5030018409009949], [110.30929918092025, 1.503004101927763], [110.30930142759419, 1.5030041020000955], [110.30930142752233, 1.5030063630268442], [110.30930367419629, 1.5030063630991968], [110.30930367405254, 1.5030108851527075]]]}}, {"type": "Feature", "properties": {"height": 0.01, "depth": 0.01, "timestep": "1130", "timestep_label": "11:30"}, "geometry": {"type": "Polygon", "coordinates": [[[110.30932164888127, 1.502965665195745], [110.30932389555521, 1.5029656652680394], [110.30932389562705, 1.502963404241257], [110.30932164895312, 1.5029634041689526], [110.3093216490968, 1.50295888211537], [110.30931940242286, 1.5029588820430662], [110.3093194026384, 1.5029520989626874], [110.30931715596446, 1.50295209889038], [110.30931715610815, 1.5029475768367955], [110.30931490943422, 1.502947576764504], [110.3093149095779, 1.5029430547109104], [110.30931266290399, 1.502943054638603], [110.30931266304768, 1.5029385325850029], [110.30931041637376, 1.5029385325126987], [110.3093104164456, 1.5029362714859145], [110.30930816977168, 1.502936271413597], [110.30930816984352, 1.5029340103868047], [110.30929918314786, 1.5029340100975939], [110.30929918321972, 1.5029317490707998], [110.30929468987189, 1.5029317489261789], [110.30929468994375, 1.5029294878993675], [110.30929244326984, 1.5029294878270538], [110.3092924433417, 1.5029272268002722], [110.30929019666777, 1.5029272267279588], [110.30929019688334, 1.5029204436475654], [110.30928795020944, 1.502920443575252], [110.30928795049682, 1.502911399468051], [110.30928570382292, 1.502911399395743], [110.30928570389479, 1.502909138368938], [110.30927447052534, 1.5029091380073873], [110.30927446959117, 1.5029385313557062], [110.30927896293898, 1.5029385315003492], [110.30927896286713, 1.5029407925271359], [110.30928345621494, 1.50294079267177], [110.30928345614309, 1.5029430536985515], [110.3092879494909, 1.5029430538431956], [110.30928794956277, 1.502940792816404], [110.30929918293234, 1.5029407931779701], [110.30929918286049, 1.5029430542047615], [110.30930142953439, 1.5029430542770783], [110.309301429247, 1.502952098384244], [110.30930367592092, 1.5029520984565352], [110.30930367556167, 1.5029634035904773], [110.30930592223558, 1.5029634036627946], [110.30930592230744, 1.502961142636007], [110.30930816898136, 1.5029611427083234], [110.30930816905321, 1.5029588816815291], [110.30931266240108, 1.5029588818261377], [110.30931266247292, 1.502956620799363], [110.30931715582078, 1.502956620943971], [110.30931715574894, 1.5029588819707718], [110.30931940242286, 1.5029588820430662], [110.30931940227917, 1.5029634040966577], [110.30932164895312, 1.5029634041689526], [110.30932164888127, 1.502965665195745]]]}}, {"type": "Feature", "properties": {"height": 0.01, "depth": 0.01, "timestep": "1130", "timestep_label": "11:30"}, "geometry": {"type": "Polygon", "coordinates": [[[110.31028781590935, 1.4998613049265008], [110.31030354261678, 1.4998613054213616], [110.310303542687, 1.4998590443927768], [110.31032600941197, 1.499859045099609], [110.3103260094822, 1.4998567840710004], [110.31034847620721, 1.4998567847776958], [110.31034847627741, 1.4998545237490921], [110.31035296962243, 1.4998545238904117], [110.31035297018407, 1.4998364356615066], [110.31033050345917, 1.499836434954888], [110.31033050338895, 1.4998386959834968], [110.31031028333658, 1.499838695347441], [110.31031028326636, 1.499840956376045], [110.31028781654155, 1.4998409556691865], [110.31028781647132, 1.4998432166977764], [110.31028107645388, 1.4998432164856863], [110.31028107596212, 1.4998590436858161], [110.31028781597958, 1.499859043897916], [110.31028781590935, 1.4998613049265008]]]}}, {"type": "Feature", "properties": {"height": 0.01, "depth": 0.01, "timestep": "1130", "timestep_label": "11:30"}, "geometry": {"type": "Polygon", "coordinates": [[[110.3102900633545, 1.4998364336826957], [110.31030129671687, 1.4998364340361283], [110.31030129678713, 1.4998341730075149], [110.310314776822, 1.4998341734315928], [110.31031477689223, 1.4998319124029809], [110.31032601025461, 1.499831912756346], [110.31032601032484, 1.4998296517277265], [110.31033724368727, 1.4998296520810441], [110.31033724375747, 1.4998273910524225], [110.3103507237924, 1.4998273914763502], [110.3103507238626, 1.4998251304477341], [110.31035297053509, 1.4998251305183927], [110.31035297593823, 1.4996510313111557], [110.31034848259345, 1.4996510311699855], [110.31034848266358, 1.4996487701412733], [110.31034398931881, 1.49964877000009], [110.31034398938897, 1.4996465089713928], [110.31033724937181, 1.4996465087596016], [110.31033724944197, 1.49964424773089], [110.31033275609721, 1.4996442475897003], [110.31033275616736, 1.499641986560984], [110.31032601615021, 1.4996419863491932], [110.31032601622039, 1.499639725320488], [110.31032152287564, 1.4996397251792697], [110.3103215229458, 1.4996374641505699], [110.31031702960105, 1.4996374640093508], [110.31031702967121, 1.4996352029806719], [110.31031028965411, 1.499635202768836], [110.31031028972427, 1.4996329417401295], [110.31030579637954, 1.4996329415989114], [110.3103057964497, 1.499630680570213], [110.31029680976026, 1.4996306802877533], [110.31029680969009, 1.4996329413164586], [110.31029231634537, 1.499632941175217], [110.31029231627521, 1.499635202203908], [110.31028782293048, 1.499635202062667], [110.31028782286032, 1.4996374630913587], [110.31028332951557, 1.499637462950112], [110.31028332944541, 1.4996397239788084], [110.31028108277306, 1.4996397239081625], [110.31028108284323, 1.4996374628794784], [110.31027434282616, 1.4996374626675846], [110.31027434275599, 1.4996397236962626], [110.31026984941127, 1.4996397235550025], [110.31026984934108, 1.4996419845836984], [110.31026535599636, 1.4996419844424191], [110.31026535592618, 1.4996442454710974], [110.31026086258147, 1.4996442453298058], [110.31026086251127, 1.4996465063585043], [110.31025636916657, 1.499646506217209], [110.31025636909638, 1.4996487672458785], [110.31025187575166, 1.499648767104586], [110.31025187568146, 1.4996510281332565], [110.31024738233675, 1.4996510279919613], [110.31024738226655, 1.4996532890206142], [110.31025187561127, 1.4996532891619285], [110.31025187554107, 1.4996555501905995], [110.310245135524, 1.4996555499786393], [110.31024513545378, 1.499657811007305], [110.31024064210906, 1.4996578108659975], [110.31024064203886, 1.499660071894662], [110.31023390202179, 1.4996600716826733], [110.31023390195158, 1.4996623327113274], [110.31022716193452, 1.4996623324993315], [110.31022716186429, 1.49966459352799], [110.31021817517488, 1.4996645932453168], [110.31021817510467, 1.499666854273961], [110.31021143508761, 1.4996668540619302], [110.31021143501738, 1.4996691150905797], [110.31020244832798, 1.499669114807858], [110.31020244825774, 1.4996713758365054], [110.31019570824068, 1.4996713756244402], [110.31019570817045, 1.4996736366530836], [110.31018672148106, 1.4996736363703105], [110.31018672141082, 1.4996758973989621], [110.31017324137675, 1.4996758969747572], [110.3101732413065, 1.4996781580033913], [110.31017099463415, 1.4996781579326812], [110.31017099449363, 1.4996826799899543], [110.3101687478213, 1.4996826799192444], [110.31016874775102, 1.4996849409478703], [110.31016650107868, 1.4996849408771507], [110.31016650100841, 1.4996872019057914], [110.31016425433607, 1.4996872018350753], [110.31016425426581, 1.499689462863692], [110.31017324095521, 1.4996894631465476], [110.31017324032287, 1.499709812404143], [110.31017773366757, 1.4997098125455623], [110.31017773359733, 1.4997120735742], [110.3101799802697, 1.4997120736449001], [110.31017998019944, 1.4997143346735229], [110.31018222687179, 1.4997143347442328], [110.31018222659075, 1.4997233788586977], [110.31018447326312, 1.499723378929404], [110.31018447319286, 1.4997256399580228], [110.31020918658905, 1.4997256407357953], [110.31020918546496, 1.499761817193608], [110.31019570543053, 1.4997618167693214], [110.31019570521973, 1.4997685998551267], [110.31019795189214, 1.4997685999258463], [110.31019795175159, 1.4997731219830328], [110.310200198424, 1.499773122053752], [110.31020019828345, 1.499777644110959], [110.31020244495588, 1.499777644181659], [110.31020244481532, 1.49978216623885], [110.31020469148774, 1.4997821663095852], [110.31020469134718, 1.4997866883667836], [110.31020693801963, 1.4997866884374835], [110.3102069378088, 1.4997934715232533], [110.31020918448122, 1.4997934715939878], [110.31020918441095, 1.4997957326225748], [110.31021143108336, 1.4997957326933002], [110.3102114310131, 1.4997979937218842], [110.31024513109958, 1.4997979947825861], [110.31024513053754, 1.499816083011358], [110.31024737720998, 1.4998160830820582], [110.31024737706946, 1.499820605139237], [110.31024962374191, 1.4998206052099434], [110.31024962360141, 1.49982512726712], [110.31025187027385, 1.4998251273378296], [110.31025187020359, 1.4998273883664297], [110.31025411687605, 1.4998273884371263], [110.31025411673552, 1.4998319104943132], [110.31025636340799, 1.4998319105650229], [110.31025636333774, 1.4998341715936025], [110.31027209004499, 1.4998341720885306], [110.31027209018548, 1.4998296500313508], [110.31026984351303, 1.4998296499606443], [110.31026984358327, 1.4998273889320548], [110.31027658360065, 1.4998273891441416], [110.31027658353041, 1.499829650172744], [110.31028107687534, 1.4998296503141342], [110.3102810768051, 1.499831911342728], [110.31028332347758, 1.4998319114134218], [110.31028332340733, 1.499834172442011], [110.31029006342474, 1.4998341726540851], [110.3102900633545, 1.4998364336826957]], [[110.31024063817623, 1.499784428469555], [110.31024513152109, 1.4997844286109678], [110.31024513159133, 1.499782167582359], [110.31025636495347, 1.4997821679358176], [110.31025636488323, 1.4997844289644369], [110.3102541182108, 1.499784428893739], [110.31025411814055, 1.4997866899223466], [110.31024962479569, 1.499786689780966], [110.31024962472544, 1.4997889508095597], [110.31024288470815, 1.4997889505974693], [110.31024288477839, 1.4997866895688658], [110.31024063810597, 1.4997866894981693], [110.31024063817623, 1.499784428469555]], [[110.31025861169614, 1.4997799069779012], [110.31026085836858, 1.4997799070485975], [110.31026085829834, 1.4997821680771948], [110.31025861162591, 1.4997821680064982], [110.31025861169614, 1.4997799069779012]], [[110.31022041945926, 1.499741468289622], [110.31022266613164, 1.4997414683603378], [110.31022266599115, 1.4997459904175767], [110.31022041931875, 1.4997459903468702], [110.31022041945926, 1.499741468289622]], [[110.31024962662184, 1.4997279030368051], [110.31025187329425, 1.499727903107493], [110.31025187322402, 1.499730164136118], [110.31024962655161, 1.499730164065447], [110.31024962662184, 1.4997279030368051]], [[110.31025187343468, 1.4997233810502084], [110.31025412010709, 1.4997233811208794], [110.31025412031775, 1.4997165980349727], [110.31025636699015, 1.4997165981056353], [110.31025636713058, 1.4997120760483496], [110.31025861380297, 1.4997120761190177], [110.3102586139434, 1.4997075540617197], [110.3102608606158, 1.4997075541323779], [110.31026086075622, 1.4997030320751021], [110.31026310742861, 1.4997030321457514], [110.31026310749881, 1.4997007711171053], [110.31025861415404, 1.4997007709757662], [110.31025861422425, 1.499698509947115], [110.31025412087948, 1.4996985098058004], [110.31025412094971, 1.4996962487771446], [110.31024962760493, 1.4996962486358179], [110.31024962774538, 1.499691726578506], [110.31024288772822, 1.4996917263665168], [110.31024288779845, 1.4996894653378627], [110.31024962781558, 1.4996894655498678], [110.3102496278858, 1.499687204521213], [110.31025636790294, 1.4996872047331893], [110.31025636797314, 1.4996849437045288], [110.31026535466265, 1.4996849439871445], [110.31026535473283, 1.4996826829584966], [110.31027209474998, 1.4996826831704597], [110.31027209482018, 1.4996804221417843], [110.3102810815097, 1.4996804224243554], [110.3102810815799, 1.4996781613956878], [110.31028782159706, 1.499678161607616], [110.31028782166725, 1.499675900578944], [110.31029680835677, 1.49967590086148], [110.31029680842695, 1.4996736398327903], [110.3103035484441, 1.4996736400446897], [110.31030354851428, 1.4996713790160117], [110.31030804185906, 1.4996713791572562], [110.31030804192923, 1.499669118128573], [110.31031702861877, 1.4996691184110704], [110.3103170285486, 1.4996713794397567], [110.31032152189339, 1.4996713795809877], [110.31032152175304, 1.4996759016383552], [110.31031927508064, 1.4996759015677315], [110.31031927501047, 1.499678162596416], [110.31031702833808, 1.4996781625258055], [110.31031702826792, 1.4996804235544852], [110.31031478159552, 1.499680423483852], [110.31031478152535, 1.4996826845125404], [110.31031028818057, 1.499682684371277], [110.31031028811039, 1.4996849453999606], [110.31030804143799, 1.4996849453293275], [110.31030804136782, 1.4996872063580091], [110.31030579469541, 1.4996872062873763], [110.31030579462524, 1.4996894673160535], [110.31030130128046, 1.4996894671747845], [110.31030130121027, 1.4996917282034476], [110.31029905453786, 1.4996917281328237], [110.31029905446768, 1.4996939891614856], [110.31029680779528, 1.4996939890908527], [110.3102968077251, 1.4996962501195064], [110.3102923143803, 1.4996962499782276], [110.31029231431012, 1.4996985110068894], [110.31029006763772, 1.4996985109362657], [110.31029006756752, 1.4997007719649165], [110.31028782089513, 1.4997007718942803], [110.31028782082493, 1.499703032922936], [110.31028332748015, 1.4997030327816443], [110.31028332740993, 1.499705293810308], [110.31028108073754, 1.4997052937396491], [110.31028108066734, 1.4997075547683087], [110.31027883399493, 1.4997075546976633], [110.31027883392474, 1.4997098157263107], [110.31027434057994, 1.4997098155850033], [110.31027434050975, 1.4997120766136438], [110.31027209383734, 1.499712076542989], [110.31027209376713, 1.4997143375716366], [110.31026984709474, 1.4997143375009747], [110.31026984702453, 1.4997165985296252], [110.31026535367972, 1.4997165983883078], [110.31026535360951, 1.4997188594169366], [110.31026310693713, 1.4997188593462754], [110.3102631068669, 1.4997211203749161], [110.3102608601945, 1.4997211203042577], [110.31026086012427, 1.499723381332894], [110.3102586134519, 1.4997233812622324], [110.31025861338166, 1.4997256422908676], [110.31025412003687, 1.4997256421495242], [110.31025411996664, 1.4997279031781638], [110.31025187329425, 1.499727903107493], [110.31025187343468, 1.4997233810502084]]]}}, {"type": "Feature", "properties": {"height": 0.01, "depth": 0.01, "timestep": "1130", "timestep_label": "11:30"}, "geometry": {"type": "Polygon", "coordinates": [[[110.31013954817476, 1.499454315103951], [110.3101507815358, 1.499454315457174], [110.310150781606, 1.4994520544284324], [110.3101530282782, 1.4994520544990917], [110.31015302834838, 1.4994497934703457], [110.31015527502059, 1.499449793540992], [110.31015527509078, 1.4994475325122347], [110.31015752176297, 1.4994475325829035], [110.31015752183316, 1.4994452715541642], [110.31015976850539, 1.4994452716247884], [110.31015976857556, 1.4994430105960632], [110.31016201524777, 1.4994430106666745], [110.31016201531794, 1.4994407496379416], [110.31016426199015, 1.4994407497085755], [110.31016426206034, 1.499438488679835], [110.31016650873255, 1.4994384887504686], [110.31016650880272, 1.499436227721704], [110.31016875547492, 1.4994362277923472], [110.31016875554509, 1.4994339667635914], [110.31017100221732, 1.499433966834215], [110.31017100228748, 1.4994317058054634], [110.31017324895969, 1.4994317058760942], [110.31017324917019, 1.499424922789844], [110.3101754958424, 1.4994249228604553], [110.31017549605288, 1.4994181397741884], [110.3101777427251, 1.499418139844819], [110.3101777428654, 1.4994136177872996], [110.31017998953762, 1.4994136178579114], [110.31017998974811, 1.4994068347716325], [110.31018223642029, 1.499406834842234], [110.3101822365606, 1.4994023127847007], [110.31018448323279, 1.4994023128552996], [110.31018448330295, 1.4994000518265431], [110.31013730318713, 1.4994000503435558], [110.31013730430993, 1.49936387388341], [110.310166511048, 1.4993638748013434], [110.31016651125846, 1.4993570917150054], [110.31016426458629, 1.4993570916443975], [110.31016426472658, 1.49935256958684], [110.31016201805444, 1.4993525695162417], [110.31016201812459, 1.4993503084874433], [110.31015977145243, 1.499350308416854], [110.31015977159274, 1.499345786359298], [110.31015752492058, 1.4993457862886899], [110.3101575250609, 1.4993412642311152], [110.31015527838875, 1.49934126416051], [110.31015527852905, 1.4993367421029362], [110.31015303185691, 1.499336742032337], [110.31015303192704, 1.4993344810035478], [110.3101507852549, 1.499334480932962], [110.31015078539521, 1.4993299588753788], [110.31014853872307, 1.499329958804767], [110.31014853886337, 1.4993254367471942], [110.31014629219123, 1.4993254366765991], [110.3101462922614, 1.4993231756478145], [110.31014404558927, 1.4993231755772063], [110.31014404572957, 1.499318653519612], [110.31014179905742, 1.4993186534490353], [110.31014179919772, 1.4993141313914284], [110.31013955252561, 1.4993141313208294], [110.31013955266592, 1.4993096092632487], [110.31013730599379, 1.4993096091926528], [110.31013730606394, 1.4993073481638466], [110.31013505939183, 1.4993073480932604], [110.31013505953213, 1.4993028260356616], [110.31013281286002, 1.499302825965062], [110.31013281300031, 1.4992983039074634], [110.3101305663282, 1.4992983038368641], [110.31013056646849, 1.4992937817792729], [110.31012831979638, 1.4992937817086607], [110.31012831986654, 1.499291520679866], [110.31012607319444, 1.499291520609261], [110.31012607333473, 1.4992869985516728], [110.31012382666263, 1.4992869984810613], [110.31012382680294, 1.4992824764234676], [110.31010810009823, 1.4992824759292334], [110.31010810002806, 1.4992847369580407], [110.31010136001179, 1.4992847367461986], [110.3101013598013, 1.4992915198325671], [110.3100631663757, 1.4992915186319118], [110.3100631664459, 1.4992892576031378], [110.3100609197738, 1.4992892575325034], [110.31006091984399, 1.4992869965037119], [110.31004968648358, 1.499286996150522], [110.31004968655378, 1.499284735121752], [110.31004743988171, 1.4992847350510918], [110.3100474399519, 1.4992824740223232], [110.31004519327982, 1.4992824739516597], [110.31004519335002, 1.499280212922896], [110.31004294667795, 1.4992802128522489], [110.31004294681833, 1.4992756907946971], [110.31004070014626, 1.4992756907240505], [110.31004070021646, 1.499273429695272], [110.31003845354438, 1.4992734296246375], [110.31003845361458, 1.4992711685958455], [110.31003620694251, 1.499271168525208], [110.31003620701271, 1.499268907496427], [110.31003396034065, 1.4992689074257801], [110.31003396041085, 1.4992666463969937], [110.3100317137388, 1.4992666463263564], [110.310031713809, 1.4992643852975662], [110.31002946713693, 1.4992643852269318], [110.3100294672773, 1.499259863169366], [110.31002722060528, 1.499259863098719], [110.31002722067547, 1.4992576020699309], [110.3100249740034, 1.4992576019992931], [110.3100249740736, 1.4992553409705127], [110.30992162715995, 1.4992553377193378], [110.30992162603575, 1.4992915141791527], [110.30992387270778, 1.4992915142498664], [110.3099238726375, 1.4992937752786009], [110.30992611930957, 1.4992937753493316], [110.30992611923928, 1.4992960363780488], [110.30992836591133, 1.4992960364487626], [110.30992836584106, 1.4992982974774973], [110.30993061251311, 1.4992982975482114], [110.30993061244284, 1.499300558576932], [110.30993285911488, 1.499300558647668], [110.30993285904462, 1.4993028196763842], [110.30993510571668, 1.499302819747108], [110.30993510564642, 1.4993050807758352], [110.3099395989905, 1.4993050809172692], [110.30993959892025, 1.4993073419459926], [110.3099418455923, 1.4993073420167031], [110.30994184552205, 1.4993096030454338], [110.30994409219409, 1.499309603116148], [110.30994409212383, 1.4993118641448742], [110.3099463387959, 1.4993118642155847], [110.30994633872562, 1.4993141252443094], [110.30995083206975, 1.4993141253857436], [110.30995083199949, 1.499316386414477], [110.30999351876883, 1.4993163877577358], [110.30999351869858, 1.4993186487864882], [110.31002946545195, 1.499318649917318], [110.31002946573281, 1.4993096058023023], [110.31004069909324, 1.4993096061556035], [110.31004069902303, 1.4993118671843548], [110.31004294569513, 1.4993118672550045], [110.31004294555471, 1.499316389312535], [110.31004519222681, 1.4993163893832107], [110.31004519215661, 1.4993186504119607], [110.3100474388287, 1.4993186504826204], [110.31004743854787, 1.4993276945976388], [110.31004519187576, 1.499327694526982], [110.31004519173534, 1.4993322165844856], [110.31004294506324, 1.4993322165138256], [110.3100429448526, 1.4993389996000952], [110.31004069818049, 1.499338999529423], [110.31004069796984, 1.4993457826156504], [110.31003845129773, 1.4993457825449814], [110.31003845115728, 1.4993503046024648], [110.31003620448516, 1.4993503045317915], [110.31003620427451, 1.4993570876180011], [110.31003395760239, 1.4993570875473412], [110.31003395746193, 1.4993616096047966], [110.3100317107898, 1.4993616095341338], [110.31003171057911, 1.4993683926203234], [110.31002946390701, 1.4993683925496386], [110.31002946348559, 1.4993819587220074], [110.31003395682984, 1.49938195886338], [110.31003395675961, 1.4993842198921006], [110.31003620343175, 1.4993842199627858], [110.3100362033615, 1.4993864809915043], [110.31003845003364, 1.4993864810621897], [110.3100384499634, 1.4993887420909133], [110.31004069663554, 1.4993887421615981], [110.31004069656531, 1.4993910031903424], [110.31004294323745, 1.499391003261015], [110.3100429431672, 1.499393264289739], [110.31004518983934, 1.499393264360424], [110.3100451897691, 1.4993955253891493], [110.31004743644125, 1.4993955254598217], [110.31004743637101, 1.4993977864885428], [110.31004968304318, 1.499397786559228], [110.31004968297293, 1.4994000475879503], [110.31005192964508, 1.4994000476586322], [110.31005192957484, 1.4994023086873534], [110.310054176247, 1.499402308758035], [110.31005417617676, 1.4994045697867489], [110.31005642284892, 1.4994045698574336], [110.31005642277869, 1.499406830886168], [110.31005866945083, 1.4994068309568374], [110.31005866938061, 1.4994090919855572], [110.31005642270846, 1.4994090919148755], [110.31005642263823, 1.4994113529436002], [110.31005417596607, 1.4994113528729152], [110.31005417589584, 1.4994136139016354], [110.31005192922369, 1.4994136138309406], [110.31005192908322, 1.4994181358883831], [110.31004968241106, 1.4994181358176855], [110.31004968227057, 1.4994226578751153], [110.31004743559842, 1.4994226578044312], [110.31004743545793, 1.4994271798618484], [110.31004518878576, 1.499427179791154], [110.31004518864529, 1.4994317018485661], [110.31005192866178, 1.4994317020606562], [110.31005192859153, 1.49943396308935], [110.31006091528019, 1.4994339633721219], [110.31006091520996, 1.4994362244008212], [110.31013730206412, 1.4994362268034624], [110.31013730157274, 1.499452054004563], [110.31013954824495, 1.4994520540752445], [110.31013954817476, 1.499454315103951]]]}}, {"type": "Feature", "properties": {"height": 0.01, "depth": 0.01, "timestep": "1130", "timestep_label": "11:30"}, "geometry": {"type": "Polygon", "coordinates": [[[110.31002721737534, 1.499363870421494], [110.31002946404746, 1.4993638704921919], [110.31002946425816, 1.4993570874059798], [110.31002721758604, 1.4993570873353048], [110.31002721737534, 1.499363870421494]]]}}, {"type": "Feature", "properties": {"height": 0.01, "depth": 0.01, "timestep": "1130", "timestep_label": "11:30"}, "geometry": {"type": "Polygon", "coordinates": [[[110.31006316672664, 1.4992802134880203], [110.31006541339872, 1.4992802135586543], [110.31006541388997, 1.4992643863571364], [110.31006092054584, 1.499264386215881], [110.31006092061601, 1.4992621251870861], [110.31005867394394, 1.499262125116451], [110.31005867401413, 1.499259864087655], [110.31005642734206, 1.4992598640170212], [110.31005642748242, 1.4992553419594519], [110.31004519412211, 1.4992553416062817], [110.31004519405194, 1.4992576026350746], [110.31004744072399, 1.4992576027057118], [110.3100474406538, 1.4992598637344905], [110.31004968732587, 1.4992598638051378], [110.3100496871855, 1.4992643858627166], [110.31005193385757, 1.4992643859333288], [110.31005193378738, 1.4992666469621188], [110.31005418045943, 1.4992666470327656], [110.31005418038924, 1.4992689080615638], [110.31005642706133, 1.4992689081321757], [110.31005642699114, 1.4992711691609695], [110.3100586736632, 1.4992711692316134], [110.31005867352286, 1.4992756912891811], [110.31006092019493, 1.4992756913598084], [110.31006092012474, 1.499277952388601], [110.31006316679681, 1.499277952459235], [110.31006316672664, 1.4992802134880203]]]}}, {"type": "Feature", "properties": {"height": 0.01, "depth": 0.01, "timestep": "1130", "timestep_label": "11:30"}, "geometry": {"type": "Polygon", "coordinates": [[[110.31035296962243, 1.4998545238904117], [110.3103664496575, 1.4998545243143449], [110.3103664497277, 1.4998522632857183], [110.31037543641773, 1.4998522635683225], [110.31037543648792, 1.4998500025397037], [110.31038442317798, 1.4998500028222634], [110.31038442324817, 1.499847741793649], [110.31039116326569, 1.4998477420055598], [110.3103911633359, 1.499845480976922], [110.31039565668092, 1.499845481118197], [110.3103956567511, 1.499843220089577], [110.31040015009613, 1.499843220230823], [110.3104001501663, 1.4998409592021953], [110.31040464351133, 1.499840959343451], [110.3104046435815, 1.4998386983148086], [110.31040913692652, 1.4998386984560548], [110.3104091369967, 1.4998364374274178], [110.31041363034174, 1.4998364375686641], [110.31041363041192, 1.499834176540025], [110.31041587708442, 1.4998341766106384], [110.31041587715458, 1.4998319155819855], [110.31041812382709, 1.4998319156526148], [110.31041812396744, 1.49982739359533], [110.31042037063993, 1.4998273936659277], [110.31042037085042, 1.499820610579986], [110.31042261752293, 1.4998206106505996], [110.31042261766326, 1.4998160885932965], [110.31042486433577, 1.4998160886639134], [110.31042486440592, 1.4998138276352482], [110.3104203710609, 1.4998138274940405], [110.31042037113106, 1.4998115664653933], [110.31041812445855, 1.4998115663947862], [110.31041812452871, 1.499809305366125], [110.31041363118369, 1.4998093052249166], [110.31041363125387, 1.4998070441962605], [110.31040913790886, 1.499807044055055], [110.31040913797902, 1.499804783026397], [110.31040689130653, 1.4998047829557801], [110.31040689137669, 1.4998025219271274], [110.3104046447042, 1.4998025218565199], [110.31040464477437, 1.499800260827875], [110.31040239810187, 1.4998002607572551], [110.31040239817202, 1.4997979997285988], [110.31038891813711, 1.4997979993049075], [110.31038891876861, 1.499777650047023], [110.31038667209613, 1.4997776499764122], [110.31038667223646, 1.4997731279190818], [110.31038442556398, 1.4997731278484743], [110.3103844257043, 1.4997686057911512], [110.31038217903185, 1.4997686057205342], [110.31038217917218, 1.499764083663221], [110.31037993249971, 1.4997640835926003], [110.31037993256987, 1.4997618225639433], [110.31037768589742, 1.4997618224933238], [110.31037768603774, 1.4997573004359914], [110.31037543936527, 1.4997573003653943], [110.31037543950562, 1.4997527783080558], [110.31037319283315, 1.4997527782374394], [110.31037319290333, 1.4997505172087775], [110.31037094623086, 1.4997505171381798], [110.31037094644135, 1.49974373405217], [110.3103731931138, 1.4997437341227675], [110.31037319332428, 1.4997369510367546], [110.31037543999672, 1.4997369511073753], [110.31037544020721, 1.4997301680213426], [110.31037319353476, 1.4997301679507418], [110.31037319367506, 1.4997256458933905], [110.31035297362314, 1.4997256452578984], [110.31035297053509, 1.4998251305183927], [110.31036195722506, 1.4998251308009747], [110.31036195729526, 1.4998228697723477], [110.31037319065773, 1.4998228701255436], [110.3103731907279, 1.499820609096918], [110.31038442409037, 1.4998206094500854], [110.31038442416056, 1.4998183484214487], [110.31039565752305, 1.4998183487745842], [110.31039565745287, 1.4998206098032205], [110.31039790412537, 1.4998206098738402], [110.31039790405521, 1.4998228709024852], [110.3104001507277, 1.499822870973105], [110.31040015058736, 1.4998273930303834], [110.31039790391486, 1.4998273929597503], [110.31039790384467, 1.4998296539883966], [110.31039341049966, 1.499829653847144], [110.31039341042948, 1.4998319148757857], [110.31037319037696, 1.499831914240062], [110.31037319030676, 1.499834175268709], [110.31035297025429, 1.499834174632874], [110.31035296962243, 1.4998545238904117]]]}}, {"type": "Feature", "properties": {"height": 0.01, "depth": 0.01, "timestep": "1130", "timestep_label": "11:30"}, "geometry": {"type": "Polygon", "coordinates": [[[110.3107101945494, 1.4997256564694232], [110.31072367458472, 1.499725656891869], [110.31072367465468, 1.4997233958630622], [110.31072592132725, 1.4997233959334746], [110.31072592146715, 1.4997188738758709], [110.3107281681397, 1.4997188739462541], [110.31072816820965, 1.4997166129174626], [110.3107304148822, 1.4997166129878556], [110.31073041495215, 1.4997143519590506], [110.3107326616247, 1.49971435202945], [110.31073266169464, 1.499712091000649], [110.31073490836721, 1.4997120910710453], [110.31073490843715, 1.499709830042221], [110.31073715510969, 1.4997098301126166], [110.31073715517962, 1.4997075690838033], [110.31073940185219, 1.4997075691541872], [110.31073940192212, 1.4997053081253786], [110.31074164859467, 1.499705308195759], [110.31074164852473, 1.4997075692245834], [110.31074389519729, 1.499707569294954], [110.31074389512736, 1.4997098303237741], [110.31075063514501, 1.4997098305349248], [110.31075063521494, 1.4997075695061082], [110.31075962190518, 1.4997075697876203], [110.31075962232472, 1.4996940036146968], [110.31075737565217, 1.4996940035443291], [110.31075737572209, 1.4996917425155183], [110.310752882377, 1.4996917423747542], [110.31075288244692, 1.4996894813459416], [110.31075063577438, 1.499689481275571], [110.31075063591423, 1.4996849592179222], [110.3107483892417, 1.4996849591475392], [110.31074838938154, 1.4996804370898948], [110.31075063605408, 1.4996804371602654], [110.31075063626385, 1.499673654073779], [110.31075288293638, 1.4996736541441502], [110.31075288314612, 1.4996668710576482], [110.31075512981867, 1.4996668711280188], [110.31075512995848, 1.4996623490703478], [110.31075737663103, 1.499662349140699], [110.31075737684077, 1.4996555660541877], [110.31075962351329, 1.4996555661245454], [110.31075962358321, 1.4996533050956908], [110.31075737691067, 1.4996533050253515], [110.31075737698059, 1.4996510439965054], [110.3107596236531, 1.499651044066863], [110.31075962386284, 1.4996442609803233], [110.31076187053534, 1.4996442610506588], [110.31076187074507, 1.4996374779641148], [110.31076411741756, 1.4996374780344792], [110.31076411755737, 1.4996329559767634], [110.31076636422989, 1.499632956047131], [110.31076636443959, 1.4996261729605493], [110.3107686111121, 1.4996261730308882], [110.31076861132179, 1.4996193899443064], [110.31077085799429, 1.4996193900146644], [110.31077085820395, 1.4996126069280655], [110.31077310487647, 1.4996126069983888], [110.31077310501625, 1.4996080849406654], [110.31077535168876, 1.4996080850109792], [110.3107753518984, 1.4996013019243841], [110.31077759857091, 1.4996013019947203], [110.31077759850102, 1.4996035630235771], [110.31077984517353, 1.4996035630939002], [110.31077984510364, 1.4996058241227843], [110.31078209177616, 1.4996058241931074], [110.31078209184605, 1.4996035631642421], [110.31078433851853, 1.4996035632345652], [110.3107843385884, 1.4996013022056898], [110.31078658526091, 1.4996013022760124], [110.31078658540066, 1.4995967802182624], [110.31078883207317, 1.4995967802885855], [110.31078883214305, 1.4995945192597078], [110.31079107881556, 1.4995945193300142], [110.31079107888543, 1.4995922583011234], [110.31079332555792, 1.4995922583714525], [110.3107933256278, 1.4995899973425688], [110.31079557230031, 1.4995899974128792], [110.31079557244003, 1.4995854753551208], [110.31080006578505, 1.4995854754957385], [110.31080006669318, 1.4995560821200904], [110.31080231336567, 1.499556082190401], [110.31080231343552, 1.4995538211614914], [110.310804560108, 1.4995538212317987], [110.31080456017786, 1.4995515602028868], [110.31080680685032, 1.4995515602731875], [110.31080680699003, 1.4995470382153624], [110.31080905366251, 1.49954703828566], [110.31080905373237, 1.4995447772567472], [110.31081130040485, 1.4995447773270354], [110.31081130047467, 1.4995425162981206], [110.31081354714716, 1.4995425163684055], [110.31081354721701, 1.4995402553394865], [110.31081804056197, 1.4995402554800916], [110.31081804063182, 1.4995379944511489], [110.31082028730428, 1.4995379945214338], [110.31082028737413, 1.499535733492521], [110.31082478071909, 1.4995357336330748], [110.31082478078892, 1.4995334726041576], [110.3108270274614, 1.499533472674443], [110.31082702753123, 1.4995312116455115], [110.31083376754866, 1.4995312118563433], [110.31083376761849, 1.4995289508274048], [110.31083601429097, 1.4995289508976797], [110.3108360143608, 1.4995266898687614], [110.31083826103328, 1.4995266899390336], [110.31083826110311, 1.4995244289101013], [110.3108405077756, 1.4995244289803542], [110.31084050805485, 1.4995153848646348], [110.31084275472732, 1.4995153849348941], [110.31084275486697, 1.4995108628770126], [110.31084500153945, 1.4995108629472882], [110.31084500160924, 1.4995086019183295], [110.31084724828172, 1.499508601988592], [110.31084724835152, 1.4995063409596543], [110.31084500167906, 1.4995063408893954], [110.31084500181868, 1.4995018188315081], [110.3108427551462, 1.499501818761262], [110.31084275528583, 1.4994972967033695], [110.31084050861337, 1.49949729663311], [110.31084050875299, 1.4994927745752211], [110.31083826208052, 1.4994927745049624], [110.31083826228992, 1.4994859914181229], [110.31083601561748, 1.4994859913478764], [110.31083601554768, 1.4994882523768083], [110.31083152220275, 1.4994882522363084], [110.31083152213294, 1.4994905132652518], [110.31082702878803, 1.4994905131247296], [110.31082702871821, 1.4994927741536683], [110.31082478204574, 1.4994927740834183], [110.31082478197591, 1.4994950351123426], [110.31082028863102, 1.4994950349717986], [110.31082028835172, 1.4995040790875585], [110.3108225350242, 1.4995040791578207], [110.31082253509402, 1.4995018181288857], [110.31082702843894, 1.499501818269424], [110.31082702822948, 1.49950860135622], [110.310824781557, 1.4995086012859604], [110.3108247812777, 1.4995176454016852], [110.31082253460525, 1.4995176453314], [110.3108225345354, 1.49951990636034], [110.31082028786295, 1.4995199062900715], [110.31082028779312, 1.4995221673189842], [110.31081804112065, 1.4995221672486991], [110.31081804153962, 1.4995086010751506], [110.31078434145273, 1.4995086000208926], [110.31078434208132, 1.4994882507605645], [110.31078209540888, 1.4994882506902858], [110.31078209547871, 1.4994859896613535], [110.31077984880628, 1.4994859895910682], [110.3107798488761, 1.4994837285621443], [110.31077760220367, 1.499483728491847], [110.31077760227353, 1.499481467462915], [110.31077310892866, 1.4994814673223356], [110.31077310899849, 1.4994792062934117], [110.31077086232605, 1.4994792062231173], [110.3107708623959, 1.4994769451941918], [110.31076861572349, 1.499476945123894], [110.31076861579332, 1.4994746840949673], [110.31076412244848, 1.4994746839543815], [110.31076412251831, 1.4994724229254628], [110.31076187584588, 1.4994724228551777], [110.31076187591574, 1.4994701618262218], [110.31075962924331, 1.4994701617559312], [110.31075962931315, 1.4994679007270095], [110.31075738264074, 1.499467900656712], [110.31075738271059, 1.499465639627779], [110.31075288936573, 1.4994656394871961], [110.31075288943559, 1.4994633784582623], [110.31075064276318, 1.499463378387964], [110.31075064283303, 1.4994611173590287], [110.3107483961606, 1.4994611172887304], [110.31074839581134, 1.4994724224333753], [110.31072368241476, 1.4994724216599618], [110.31072368220515, 1.499479204746707], [110.31072143553274, 1.4994792046763963], [110.31072143546287, 1.4994814657053042], [110.31071918879044, 1.4994814656349809], [110.31071918872058, 1.4994837266638938], [110.31071469537575, 1.4994837265232503], [110.31071469530586, 1.4994859875521485], [110.31071244863344, 1.4994859874818158], [110.31071244870333, 1.4994837264529142], [110.31070795535851, 1.4994837263122576], [110.3107079552886, 1.4994859873411568], [110.31070570861623, 1.4994859872708326], [110.31070570854632, 1.49948824829973], [110.3107012152015, 1.4994882481590708], [110.3107012151316, 1.4994905091879627], [110.31069672178677, 1.4994905090472939], [110.3106967217169, 1.4994927700761942], [110.31069447504447, 1.4994927700058676], [110.310694474695, 1.4995040751503332], [110.31066302128119, 1.499504074165388], [110.31066302114137, 1.4995085962231407], [110.31067650117585, 1.4995085966452915], [110.31067650110595, 1.499510857674174], [110.31067874777835, 1.4995108577445393], [110.31067874770847, 1.499513118773417], [110.31068099438087, 1.4995131188437751], [110.31068099424107, 1.4995176409015292], [110.31068324091349, 1.4995176409718973], [110.31068324084359, 1.4995199020007675], [110.310685487516, 1.4995199020711298], [110.31068548737619, 1.499524424128881], [110.31068773404861, 1.4995244241992427], [110.3106877339088, 1.4995289462570014], [110.31068998058123, 1.499528946327363], [110.31068998044141, 1.4995334683851091], [110.31069222711385, 1.4995334684554709], [110.31069222683422, 1.4995425125709687], [110.31069447350666, 1.4995425126413207], [110.31069447343675, 1.499544773670184], [110.31068548674698, 1.4995447733887535], [110.31068548667707, 1.499547034417619], [110.3106877333495, 1.4995470344879676], [110.31068773279019, 1.4995651227188875], [110.31068997946262, 1.499565122789259], [110.31068997897317, 1.4995809499912651], [110.31069671899056, 1.499580950202372], [110.31069671871087, 1.4995899943177964], [110.31069896538334, 1.499589994388158], [110.31069896489386, 1.4996058215901114], [110.31070121156635, 1.499605821660473], [110.31070121121671, 1.4996171268046814], [110.31068099116436, 1.499617126171227], [110.31068099081463, 1.499628431315399], [110.31068323748713, 1.499628431385776], [110.31068323692756, 1.4996465196163744], [110.31068548360005, 1.49964651968677], [110.31068548339022, 1.4996533027732262], [110.31069222340771, 1.499653302984419], [110.31069222291808, 1.4996691301861322], [110.31069446959057, 1.4996691302565412], [110.31069446903095, 1.4996872184870034], [110.31069671570347, 1.499687218557422], [110.3106967151438, 1.499705306787822], [110.31069896181633, 1.4997053068582282], [110.31069896174637, 1.499707567887036], [110.31069671507385, 1.4997075678166272], [110.31069671500387, 1.4997098288454087], [110.31069446833133, 1.4997098287750035], [110.31069446826136, 1.499712089803802], [110.31069222158884, 1.4997120897333769], [110.31069222151886, 1.4997143507621677], [110.3106944681914, 1.49971435083259], [110.31069446812144, 1.4997166118613832], [110.31069896146653, 1.4997166120022112], [110.31069896139655, 1.4997188730309898], [110.31070345474164, 1.4997188731718245], [110.31070345467168, 1.499721134200611], [110.31070794801678, 1.4997211343414418], [110.31070794794682, 1.4997233953702467], [110.31071019461936, 1.4997233954406333], [110.3107101945494, 1.4997256564694232]], [[110.31074838882212, 1.499698525320466], [110.31075063549467, 1.49969852539085], [110.31075063535481, 1.4997030474484865], [110.31074389533715, 1.4997030472373423], [110.31074389554696, 1.4996962641508944], [110.31074838889207, 1.4996962642916425], [110.31074838882212, 1.499698525320466]], [[110.31078209303386, 1.4995651256732276], [110.31078883305132, 1.499565125884162], [110.31078883312118, 1.4995628648552641], [110.31079107979367, 1.4995628649255746], [110.31079107986353, 1.4995606038966809], [110.31079332653601, 1.4995606039669789], [110.31079332618673, 1.4995719091114645], [110.31078883284174, 1.499571908970847], [110.31078883277186, 1.4995741699997265], [110.31078658609937, 1.4995741699294163], [110.31078658602951, 1.4995764309583128], [110.31078433935703, 1.4995764308879898], [110.31078433942687, 1.499574169859102], [110.3107820927544, 1.4995741697887923], [110.31078209282425, 1.4995719087599], [110.3107775994793, 1.4995719086192667], [110.31077759926967, 1.499578691705909], [110.31077535259718, 1.499578691635599], [110.31077535245744, 1.4995832136933571], [110.31077310578493, 1.4995832136230434], [110.31077310557531, 1.4995899967096677], [110.3107708589028, 1.4995899966393318], [110.31077085869316, 1.4995967797259784], [110.31076861202065, 1.4995967796556424], [110.31076861257972, 1.4995786914246267], [110.31076636590723, 1.4995786913543072], [110.31076636639636, 1.4995628641521028], [110.31076411972388, 1.4995628640817797], [110.31076411993351, 1.4995560809951245], [110.31076187326101, 1.4995560809248014], [110.31076187340078, 1.4995515588670274], [110.31075962672831, 1.4995515587966912], [110.31075962686806, 1.4995470367389176], [110.3107573801956, 1.4995470366685946], [110.31075738033535, 1.499542514610808], [110.31075513366288, 1.4995425145404853], [110.31075513380262, 1.4995379924826806], [110.31075288713016, 1.4995379924123706], [110.3107528872699, 1.4995334703545857], [110.31075064059745, 1.4995334702842553], [110.3107506407372, 1.4995289482264584], [110.31074839406475, 1.4995289481561478], [110.3107483942045, 1.4995244260983447], [110.31074614753204, 1.499524426028025], [110.31074614760192, 1.4995221649991355], [110.31074839427437, 1.499522165069446], [110.31074839455384, 1.4995131209538413], [110.31075288789873, 1.499513121094459], [110.31075288782887, 1.4995153821233644], [110.31075738117377, 1.499515382263998], [110.3107573811039, 1.4995176432929047], [110.3107618744488, 1.499517643433529], [110.31076187437894, 1.4995199044624306], [110.31076412105139, 1.499519904532754], [110.31076412098152, 1.4995221655616577], [110.31076636765398, 1.499522165631955], [110.31076636744439, 1.4995289487186665], [110.31076861411684, 1.4995289487889771], [110.3107686138374, 1.4995379929046044], [110.31077086050986, 1.4995379929748924], [110.31077086044, 1.4995402540037996], [110.31077310711247, 1.4995402540741105], [110.31077310697275, 1.4995447761319183], [110.31077535364523, 1.4995447762022285], [110.31077535350548, 1.499549298260024], [110.31077760017796, 1.4995492983303351], [110.3107776001081, 1.4995515593592161], [110.31077984678058, 1.4995515594295519], [110.31077984664084, 1.499556081487333], [110.31078209331332, 1.4995560815576559], [110.31078209324345, 1.499558342586548], [110.31078433991594, 1.4995583426568462], [110.31078433977622, 1.4995628647146435], [110.31078209310373, 1.499562864644346], [110.31078209303386, 1.4995651256732276]], [[110.3108068077583, 1.4995221668972947], [110.31080905443076, 1.4995221669675791], [110.31080905436092, 1.499524427996503], [110.31080456101598, 1.49952442785593], [110.31080456087629, 1.4995289499137683], [110.31080231420383, 1.4995289498434965], [110.31080231413398, 1.4995312108723837], [110.31080006746151, 1.4995312108020995], [110.31080006732184, 1.4995357328599128], [110.31079782064934, 1.4995357327896277], [110.3107978212081, 1.4995176445583205], [110.3108045612255, 1.4995176447691654], [110.31080456115566, 1.4995199057981061], [110.31080680782811, 1.4995199058683777], [110.3108068077583, 1.4995221668972947]]]}}, {"type": "Feature", "properties": {"height": 0.01, "depth": 0.01, "timestep": "1130", "timestep_label": "11:30"}, "geometry": {"type": "Polygon", "coordinates": [[[110.31139318596142, 1.4996307145939023], [110.31139543263413, 1.4996307146638768], [110.31139543353802, 1.499601321285906], [110.31139318686533, 1.4996013212159192], [110.31139318700436, 1.499596799157763], [110.31139094033165, 1.4995967990878047], [110.31139094040118, 1.4995945380587232], [110.31138869372847, 1.499594537988743], [110.31138869386753, 1.4995900159305773], [110.31138644719483, 1.499590015860603], [110.31138644726435, 1.4995877548315149], [110.31138420059166, 1.4995877547615408], [110.3113842007307, 1.4995832327033696], [110.311381954058, 1.4995832326333947], [110.31138195398847, 1.4995854936624864], [110.3113729672977, 1.499585493382572], [110.31137296736725, 1.4995832323534977], [110.31137072069454, 1.4995832322835263], [110.31137072076406, 1.4995809712544304], [110.31135948740062, 1.4995809709045351], [110.31135948677473, 1.499601320166204], [110.31136173344743, 1.499601320236201], [110.3113617333779, 1.4996035812652706], [110.3113662267233, 1.4996035814052546], [110.31136622665376, 1.499605842434313], [110.31136847332645, 1.4996058425043095], [110.31136847325692, 1.4996081035333801], [110.31137071992963, 1.4996081036033584], [110.31137071986008, 1.499610364632445], [110.3113774598782, 1.4996103648424033], [110.31137745980867, 1.4996126258714677], [110.31137970648139, 1.4996126259414517], [110.31137970641184, 1.4996148869705137], [110.31138195308456, 1.4996148870404982], [110.31138195301502, 1.499617148069581], [110.31138419968772, 1.4996171481395686], [110.3113841996182, 1.499619409168628], [110.31138644629092, 1.4996194092386148], [110.31138644622138, 1.499621670267679], [110.3113886928941, 1.4996216703376628], [110.31138869275503, 1.4996261923958065], [110.31139093942774, 1.499626192465784], [110.31139093935822, 1.4996284534948572], [110.31139318603094, 1.4996284535648303], [110.31139318596142, 1.4996307145939023]]]}}, {"type": "Feature", "properties": {"height": 0.01, "depth": 0.01, "timestep": "1130", "timestep_label": "11:30"}, "geometry": {"type": "Polygon", "coordinates": [[[110.30988343373576, 1.4992553365171106], [110.31002272740155, 1.4992553408998655], [110.31002272747175, 1.4992530798710806], [110.3100204807997, 1.4992530798004302], [110.3100204808699, 1.4992508187716342], [110.31001823419784, 1.4992508187009974], [110.31001823426804, 1.4992485576722059], [110.310015987596, 1.4992485576015684], [110.3100159876662, 1.4992462965727884], [110.31001374099417, 1.4992462965021283], [110.31001374113455, 1.499241774444561], [110.31001149446251, 1.4992417743739144], [110.31001149502411, 1.4992236861436075], [110.31001374169614, 1.4992236862142705], [110.31001374176631, 1.4992214251854588], [110.31001598843835, 1.499221425256093], [110.31001598836818, 1.4992236862848831], [110.31001823504019, 1.4992236863555395], [110.31001823496999, 1.4992259473843372], [110.31002048164204, 1.4992259474549752], [110.31002048157185, 1.4992282084837654], [110.3100227282439, 1.4992282085544024], [110.31002272817369, 1.4992304695832102], [110.31002722151777, 1.4992304697244716], [110.3100272213774, 1.4992349917820604], [110.31002946804945, 1.4992349918526948], [110.31002946797925, 1.499237252881485], [110.31003171465127, 1.4992372529521352], [110.3100317145109, 1.499241775009724], [110.31003396118297, 1.4992417750803488], [110.31003396111278, 1.4992440361091508], [110.31003620778482, 1.4992440361797954], [110.31003620771463, 1.4992462972085823], [110.3100384543867, 1.49924629727922], [110.31003845431651, 1.499248558308], [110.31004070098855, 1.4992485583786506], [110.31004070084818, 1.4992530804362314], [110.31004294752023, 1.4992530805068618], [110.31004294745006, 1.499255341535647], [110.31005418081035, 1.4992553418888244], [110.31005418088054, 1.4992530808600197], [110.31005193420847, 1.4992530807894053], [110.31005193427868, 1.499250819760606], [110.3100496876066, 1.4992508196899714], [110.31004968767678, 1.4992485586611772], [110.31004744100473, 1.4992485585905462], [110.31004744114509, 1.4992440365329538], [110.31004519447303, 1.4992440364623287], [110.31004519454322, 1.4992417754335359], [110.31004294787117, 1.4992417753629115], [110.31004294794134, 1.4992395143340984], [110.3100407012693, 1.4992395142634705], [110.31004070133949, 1.4992372532346754], [110.31003845466742, 1.499237253164041], [110.31003845501834, 1.499225948020058], [110.3100362083463, 1.4992259479494239], [110.31003620841648, 1.4992236869206168], [110.31003171507241, 1.4992236867793673], [110.3100317151426, 1.499221425750558], [110.31002946847056, 1.4992214256799241], [110.31002946854073, 1.4992191646511295], [110.31002722186871, 1.4992191645804955], [110.31002722193888, 1.4992169035517033], [110.31002497526686, 1.4992169034810556], [110.31002497533704, 1.499214642452259], [110.310022728665, 1.4992146423816117], [110.31002272873519, 1.4992123813528317], [110.31002048206317, 1.4992123812821878], [110.31002048220354, 1.4992078592245863], [110.31001823553152, 1.499207859153949], [110.3100182356017, 1.4992055981251486], [110.31001598892968, 1.4992055980545238], [110.31001598907004, 1.4992010759969125], [110.31001374239803, 1.4992010759262686], [110.31001374246823, 1.4991988148974549], [110.3100114957962, 1.4991988148268334], [110.31001149586639, 1.4991965537980183], [110.31000924919437, 1.499196553727384], [110.31000924933474, 1.4991920316697767], [110.31000700266273, 1.499192031599143], [110.31000700287329, 1.4991852485127264], [110.31000250952928, 1.4991852483714447], [110.31000250959947, 1.4991829873426339], [110.30999352291147, 1.4991829870600772], [110.30999352312202, 1.4991762039736776], [110.30999127645003, 1.4991762039030203], [110.30999127652022, 1.4991739428742166], [110.30998902984823, 1.4991739428035693], [110.30998902991843, 1.4991716817747724], [110.30998678324643, 1.4991716817041154], [110.3099867833166, 1.4991694206753146], [110.30998453664463, 1.4991694206046708], [110.30998453671482, 1.4991671595758556], [110.30998229004284, 1.4991671595052174], [110.30998229011301, 1.4991648984764037], [110.30998004344103, 1.4991648984057568], [110.30998004358142, 1.4991603763481434], [110.30997779690944, 1.4991603762775092], [110.30997779704983, 1.499155854219877], [110.3099800437218, 1.4991558542905246], [110.309980043792, 1.4991535932617102], [110.30997555044803, 1.4991535931204283], [110.30997555051823, 1.4991513320916021], [110.3099777971902, 1.4991513321622498], [110.30997779726039, 1.4991490711334323], [110.30998229060434, 1.4991490712747138], [110.30998229067453, 1.4991468102458945], [110.30995757728283, 1.499146809468813], [110.30995757889724, 1.4990948058058997], [110.30995308555336, 1.4990948056646267], [110.30995308548317, 1.4990970666934578], [110.30995083881123, 1.499097066622833], [110.30995083874105, 1.4990993276516498], [110.3099485920691, 1.499099327581015], [110.30994859199893, 1.4991015886098427], [110.30994409865505, 1.499101588468567], [110.30994409858485, 1.4991038494973903], [110.30994185191291, 1.4991038494267426], [110.30994185184271, 1.4991061104555612], [110.30993960517077, 1.4991061103849332], [110.30993960510058, 1.49910837141375], [110.30993735842864, 1.499108371343103], [110.30993735835843, 1.499110632371934], [110.30993511168651, 1.4991106323012617], [110.3099351116163, 1.499112893330085], [110.30993286494434, 1.4991128932594437], [110.30993286487414, 1.4991151542882475], [110.3099306182022, 1.4991151542176002], [110.309930618132, 1.4991174152464146], [110.30992163144424, 1.4991174149637805], [110.30992163151446, 1.4991151539349696], [110.30990365813896, 1.4991151533696405], [110.3099036582092, 1.4991128923408272], [110.30987669814607, 1.4991128914927048], [110.3098766982163, 1.499110630463909], [110.3098497381533, 1.4991106296155816], [110.30984973723999, 1.4991400229897802], [110.30985198391191, 1.4991400230604919], [110.30985198370112, 1.4991468061468185], [110.30984749035728, 1.499146806005396], [110.30984749077885, 1.4991332398327453], [110.30984524410692, 1.4991332397620372], [110.30984524445822, 1.4991219346181162], [110.30984299778629, 1.4991219345474178], [110.30984299771603, 1.4991241955762056], [110.30984075104412, 1.4991241955054815], [110.30984075097386, 1.4991264565342703], [110.30983850430195, 1.4991264564635436], [110.30983850423168, 1.4991287174923287], [110.30983625755977, 1.4991287174216044], [110.30983625748951, 1.4991309784504043], [110.30983401081758, 1.4991309783796796], [110.30983401074732, 1.4991332394084425], [110.3098317640754, 1.4991332393377446], [110.30983176400512, 1.4991355003665146], [110.3098295173332, 1.4991355002957811], [110.30982951719268, 1.499140022353344], [110.30982727052076, 1.49914002228262], [110.30982727045048, 1.4991422833113703], [110.30982502377856, 1.4991422832406591], [110.30982502370827, 1.4991445442694242], [110.30982277703635, 1.4991445441986906], [110.30982277696607, 1.4991468052274537], [110.30982053029416, 1.4991468051567427], [110.30982053022387, 1.499149066185505], [110.30981828355193, 1.4991490661147684], [110.30981828348168, 1.4991513271435257], [110.30981603680975, 1.4991513270728019], [110.30981603673948, 1.4991535881015543], [110.30981379006754, 1.4991535880308173], [110.30981378950523, 1.4991716762608565], [110.30981154283329, 1.4991716761901068], [110.309811542763, 1.49917393721885], [110.30980929609107, 1.499173937148113], [110.30980929602077, 1.4991761981768577], [110.30980704934883, 1.4991761981061171], [110.30980704927855, 1.499178459134867], [110.30980480260659, 1.4991784590641202], [110.30980480246602, 1.4991829811215953], [110.30984973590492, 1.4991829825363587], [110.30984973456957, 1.499225942082536], [110.30985422791353, 1.4992259422240217], [110.30985422784323, 1.4992282032527606], [110.30985647451521, 1.4992282033234876], [110.30985647444493, 1.499230464352223], [110.3098587211169, 1.4992304644229593], [110.30985872104664, 1.4992327254516955], [110.3098609677186, 1.499232725522445], [110.30986096764833, 1.4992349865511632], [110.30986321432032, 1.4992349866219097], [110.30986321425003, 1.4992372476506466], [110.30986546092203, 1.4992372477213736], [110.30986546085174, 1.499239508750121], [110.30986770752374, 1.4992395088208448], [110.30986770745344, 1.499241769849588], [110.30986995412543, 1.499241769920321], [110.30986995405515, 1.4992440309490638], [110.30987220072716, 1.4992440310197839], [110.30987220065687, 1.4992462920485239], [110.30987444732887, 1.4992462921192575], [110.3098744472586, 1.4992485531479893], [110.30987669393059, 1.4992485532187256], [110.30987669386029, 1.4992508142474565], [110.30987894053229, 1.4992508143181897], [110.30987894046201, 1.4992530753469286], [110.30988343380604, 1.4992530754883764], [110.30988343373576, 1.4992553365171106]], [[110.31000026222554, 1.499205597560026], [110.31000250889757, 1.4992055976306635], [110.31000250875717, 1.4992101196882683], [110.30999801541313, 1.4992101195469711], [110.30999801548333, 1.499207858518176], [110.3099957688113, 1.4992078584475386], [110.3099957688815, 1.4992055974187286], [110.3099935222095, 1.4992055973480785], [110.3099935222797, 1.4992033363192865], [110.30999127560769, 1.4992033362486523], [110.30999127567789, 1.4992010752198426], [110.30998902900588, 1.4992010751491989], [110.30998902907608, 1.4991988141203973], [110.30998453573206, 1.4991988139790906], [110.30998453580227, 1.4991965529502878], [110.30998228913026, 1.49919655287965], [110.30998228920045, 1.4991942918508556], [110.30998004252845, 1.4991942917801988], [110.30998004259865, 1.4991920307514028], [110.30997779592666, 1.4991920306807525], [110.30997779599686, 1.4991897696519514], [110.30997330265286, 1.499189769510641], [110.30997330272307, 1.4991875084818487], [110.30996880937907, 1.4991875083405384], [110.30996880944927, 1.4991852473117406], [110.3099620694333, 1.4991852470997735], [110.30996206950351, 1.4991829860709847], [110.30995757615953, 1.499182985929652], [110.30995757622975, 1.4991807249008517], [110.30995532955777, 1.4991807248301983], [110.3099553299088, 1.4991694196862124], [110.30995308323682, 1.499169419615555], [110.30995308337725, 1.499164897557958], [110.30995083670528, 1.499164897487298], [110.30995083677547, 1.499162636458489], [110.30994859010349, 1.4991626363878288], [110.30994859017372, 1.499160375359031], [110.30994634350175, 1.499160375288368], [110.30994634357197, 1.4991581142595787], [110.30994409689998, 1.4991581141889057], [110.3099440969702, 1.4991558531601115], [110.30994185029822, 1.499155853089451], [110.30994185036843, 1.4991535920606396], [110.30993960369648, 1.4991535919899797], [110.30993960376668, 1.499151330961173], [110.30994409711062, 1.4991513311024962], [110.3099440970404, 1.4991535921313122], [110.30994859038434, 1.4991535922726227], [110.30994859031415, 1.4991558533014215], [110.30995083698609, 1.4991558533720915], [110.3099508369159, 1.499158114400886], [110.30995533025985, 1.4991581145422093], [110.30995533018965, 1.4991603755710017], [110.30995757686162, 1.499160375641662], [110.3099575767212, 1.4991648976992686], [110.30995982339319, 1.4991648977699161], [110.30995982318257, 1.4991716808563205], [110.30996206985456, 1.4991716809269837], [110.30996206978435, 1.4991739419557866], [110.30996431645633, 1.499173942026434], [110.30996431638613, 1.4991762030552258], [110.3099665630581, 1.4991762031258888], [110.30996656298791, 1.499178464154696], [110.30996880965989, 1.4991784642253436], [110.30996880958968, 1.4991807252541642], [110.30997105626167, 1.4991807253248015], [110.30997105619147, 1.4991829863536017], [110.30997554953548, 1.499182986494903], [110.30997554946526, 1.4991852475237144], [110.30997779613726, 1.499185247594352], [110.30997779606706, 1.4991875086231587], [110.30998004273907, 1.4991875086937965], [110.30998004266887, 1.4991897697226086], [110.30998228934088, 1.4991897697932457], [110.30998228927066, 1.4991920308220497], [110.30998678261467, 1.4991920309633564], [110.30998678254447, 1.4991942919921561], [110.30998902921648, 1.4991942920627903], [110.30998902914628, 1.4991965530915978], [110.30999127581828, 1.4991965531622446], [110.30999127574809, 1.499198814191035], [110.3099935224201, 1.499198814261685], [110.3099935223499, 1.4992010752904958], [110.3099980156939, 1.4992010754317775], [110.30999801562372, 1.4992033364605868], [110.31000026229573, 1.4992033365312312], [110.31000026222554, 1.499205597560026]]]}}, {"type": "Feature", "properties": {"height": 0.01, "depth": 0.01, "timestep": "1130", "timestep_label": "11:30"}, "geometry": {"type": "Polygon", "coordinates": [[[110.3097666085509, 1.4991988071197277], [110.30976885522284, 1.4991988071904896], [110.30976885529316, 1.499196546161782], [110.3097711019651, 1.4991965462325572], [110.30977110203541, 1.4991942852038163], [110.30977334870735, 1.4991942852745883], [110.309773348848, 1.4991897632171507], [110.30977559551994, 1.4991897632879094], [110.30977559559025, 1.49918750225918], [110.30977784226218, 1.499187502329942], [110.30977784240281, 1.499182980272492], [110.30978233574666, 1.4991829804140235], [110.30978233581698, 1.4991807193852957], [110.30978458248892, 1.4991807194560582], [110.30978458262953, 1.4991761973985644], [110.30978682930147, 1.4991761974693332], [110.30978682937177, 1.499173936440605], [110.30978907604369, 1.4991739365113572], [110.30978907611401, 1.4991716754826119], [110.30979132278593, 1.4991716755533735], [110.30979132285623, 1.4991694145246137], [110.30979356952817, 1.4991694145953727], [110.30979356959845, 1.4991671535666335], [110.3097958162704, 1.4991671536373827], [110.3097958163407, 1.4991648926086392], [110.30979806301261, 1.4991648926793886], [110.3097980631532, 1.4991603706219], [110.30980030982512, 1.4991603706926393], [110.30980030989544, 1.4991581096638982], [110.30980255656735, 1.4991581097346312], [110.30980255663764, 1.4991558487058747], [110.30980480330956, 1.4991558487765988], [110.30980480337985, 1.4991535877478637], [110.30980705005177, 1.4991535878185978], [110.30980705012205, 1.4991513267898577], [110.30980929679397, 1.4991513268605912], [110.30980929693456, 1.499146804803062], [110.30981154360647, 1.4991468048738117], [110.30981154367676, 1.4991445438450448], [110.30981603702061, 1.4991445439865052], [110.30981603709087, 1.499142282957741], [110.3098182837628, 1.4991422830284649], [110.30981828383307, 1.4991400219997013], [110.309820530505, 1.4991400220704378], [110.30982053057527, 1.4991377610416643], [110.30982277724718, 1.4991377611123882], [110.30982277738772, 1.4991332390548544], [110.30982502405963, 1.499133239125575], [110.30982502412992, 1.4991309780968118], [110.30982727080183, 1.4991309781675137], [110.3098272708721, 1.4991287171387495], [110.30982951754402, 1.4991287172094805], [110.30982951761428, 1.499126456180702], [110.3098317642862, 1.499126456251413], [110.30983176435646, 1.49912419522263], [110.30983401102837, 1.4991241952933543], [110.30983401109863, 1.4991219342645727], [110.30983625777056, 1.4991219343352746], [110.30983625791107, 1.499117412277701], [110.30983850458298, 1.4991174123484352], [110.30983850465324, 1.4991151513196457], [110.30984075132515, 1.4991151513903438], [110.30984075139541, 1.4991128903615567], [110.30984299806731, 1.4991128904322686], [110.30984299813758, 1.4991106294034857], [110.30981379140282, 1.4991106284842035], [110.30981379224602, 1.499083496138796], [110.30981154557414, 1.499083496068072], [110.3098115456444, 1.4990812350392826], [110.30980705230064, 1.4990812348978568], [110.30980705237091, 1.499078973869063], [110.30980480569903, 1.499078973798352], [110.30980480576929, 1.4990767127695508], [110.3098025590974, 1.4990767126988394], [110.30980255916766, 1.4990744516700558], [110.30979806582391, 1.4990744515286143], [110.3097980658942, 1.4990721904998288], [110.30979581922232, 1.499072190429114], [110.30979581929259, 1.499069929400315], [110.30979357262072, 1.4990699293296037], [110.30979357269098, 1.4990676683008057], [110.30978907934724, 1.4990676681593695], [110.30978907941751, 1.499065407130574], [110.30978683274567, 1.4990654070598595], [110.30978683281593, 1.4990631460310524], [110.30978458614406, 1.4990631459603505], [110.30978458621433, 1.4990608849315485], [110.30978009287061, 1.499060884790103], [110.30978009294088, 1.499058623761322], [110.30977784626903, 1.4990586236905852], [110.30977784577709, 1.4990744508920995], [110.30973515901177, 1.4990744495480095], [110.30973515894145, 1.4990767105767648], [110.30973291226958, 1.4990767105060083], [110.3097329123399, 1.4990744494772377], [110.30970595227774, 1.4990744486280805], [110.3097059521371, 1.499078970685598], [110.30970819880893, 1.499078970756364], [110.30970819873862, 1.4990812317851228], [110.30971943209786, 1.499081232138977], [110.30971943202755, 1.4990834931677437], [110.30972392537126, 1.4990834933092563], [110.30972392523064, 1.4990880153667783], [110.30972167855879, 1.499088015296019], [110.30972167841814, 1.499092537353529], [110.30971943174629, 1.4990925372827606], [110.30971943153533, 1.4990993203690237], [110.30971718486346, 1.4990993202982614], [110.30971718458217, 1.4991083644132466], [110.3097149379103, 1.4991083643424585], [110.309714937629, 1.4991174084574481], [110.30971269095711, 1.49911740838667], [110.30971269067578, 1.4991264525016268], [110.3097104440039, 1.4991264524308483], [110.30971044372257, 1.4991354965457693], [110.30970819705068, 1.4991354964749941], [110.30970819676932, 1.4991445405898909], [110.30970595009744, 1.4991445405191155], [110.30970595002708, 1.4991468015478413], [110.30974189677733, 1.4991468026804013], [110.30974189572238, 1.4991807181113435], [110.3097463890662, 1.4991807182529038], [110.30974638899588, 1.499182979281631], [110.30974863566779, 1.4991829793524156], [110.30974863559747, 1.4991852403811445], [110.3097508822694, 1.4991852404519166], [110.30975088219905, 1.4991875014806348], [110.30975537554289, 1.4991875016222105], [110.30975537547256, 1.4991897626509367], [110.3097576221445, 1.4991897627217152], [110.30975762207416, 1.4991920237504393], [110.3097598687461, 1.4991920238212146], [110.30975986867577, 1.4991942848499475], [110.30976436201964, 1.4991942849915039], [110.3097643619493, 1.4991965460202257], [110.30976660862122, 1.4991965460910002], [110.3097666085509, 1.4991988071197277]]]}}, {"type": "Feature", "properties": {"height": 0.01, "depth": 0.01, "timestep": "1130", "timestep_label": "11:30"}, "geometry": {"type": "Polygon", "coordinates": [[[110.30969920916719, 1.4991739336800414], [110.30970145583909, 1.4991739337508394], [110.3097014559798, 1.4991694116934218], [110.30970370265169, 1.4991694117642325], [110.30970370279242, 1.4991648897067875], [110.30970594946432, 1.4991648897775982], [110.30970594988639, 1.4991513236053007], [110.30970370321451, 1.4991513235344776], [110.30970370293312, 1.4991603676493652], [110.30970145626122, 1.4991603675785767], [110.3097014559798, 1.4991694116934218], [110.30969920930792, 1.499169411622615], [110.30969920916719, 1.4991739336800414]]]}}, {"type": "Feature", "properties": {"height": 0.01, "depth": 0.01, "timestep": "1130", "timestep_label": "11:30"}, "geometry": {"type": "Polygon", "coordinates": [[[110.3102451557817, 1.4990021126491377], [110.31031255594151, 1.4990021147616153], [110.31031255601147, 1.4989998537326024], [110.31031480268346, 1.4989998538030127], [110.31031480282336, 1.498995331745001], [110.31033277619939, 1.498995332308113], [110.31033277626933, 1.4989930712790926], [110.31033726961334, 1.4989930714198505], [110.31033726968329, 1.4989908103908371], [110.31034400969929, 1.4989908106019707], [110.31034400976924, 1.4989885495729567], [110.31034850311323, 1.4989885497137023], [110.31034850318316, 1.4989862886846832], [110.31035299652717, 1.4989862888254284], [110.3103529977856, 1.4989455903028872], [110.31035075111363, 1.498945590232537], [110.3103507509738, 1.4989501122906133], [110.31034850430183, 1.4989501122202409], [110.310348504162, 1.4989546342783242], [110.31034625749001, 1.4989546342079607], [110.31034625735018, 1.4989591562660192], [110.3103440106782, 1.4989591561956592], [110.31034401053836, 1.4989636782537241], [110.31034176386636, 1.4989636781833515], [110.31034176372653, 1.4989682002414075], [110.31033951705453, 1.4989682001710314], [110.3103395169147, 1.4989727222290914], [110.31033727024268, 1.498972722158709], [110.31033727017275, 1.4989749831877364], [110.31033502350076, 1.4989749831173507], [110.31033502357069, 1.4989727220883333], [110.31031929686674, 1.4989727215956832], [110.31031929679679, 1.498974982624714], [110.31031705012481, 1.4989749825543162], [110.31031705019475, 1.4989727215252948], [110.3103058168348, 1.4989727211733805], [110.31030581676487, 1.4989749822023792], [110.31027885670107, 1.4989749813576043], [110.31027885663111, 1.4989772423865955], [110.31027660995913, 1.4989772423161845], [110.31027660988917, 1.498979503345184], [110.31027436321719, 1.4989795032747724], [110.31027436307726, 1.4989840253327733], [110.31027211640527, 1.4989840252623525], [110.31027211619538, 1.4989908083493295], [110.31026986952338, 1.4989908082789216], [110.31026986931349, 1.4989975913658662], [110.3102676226415, 1.4989975912954552], [110.31026762257152, 1.4989998523244445], [110.31026312922756, 1.4989998521835972], [110.31026312929752, 1.498997591154608], [110.31026088262553, 1.4989975910841935], [110.31026088269552, 1.4989953300552], [110.31025638935157, 1.4989953299143493], [110.31025638942154, 1.4989930688853734], [110.31025414274954, 1.4989930688149398], [110.31025414281952, 1.498990807785949], [110.31025189614753, 1.4989908077155258], [110.31025189621754, 1.4989885466865405], [110.31024740287357, 1.498988546545693], [110.31024740294355, 1.498986285516705], [110.31024515627158, 1.498986285446278], [110.3102451557817, 1.4990021126491377]]]}}, {"type": "Feature", "properties": {"height": 0.01, "depth": 0.01, "timestep": "1130", "timestep_label": "11:30"}, "geometry": {"type": "Polygon", "coordinates": [[[110.31042039640828, 1.4989953350520215], [110.31042264308032, 1.4989953351223586], [110.3104226431502, 1.49899307409332], [110.31042488982224, 1.4989930741636441], [110.31042488996201, 1.4989885521055635], [110.31042713663403, 1.4989885521758881], [110.3104271367738, 1.4989840301178015], [110.31042938344582, 1.498984030188139], [110.31042938358557, 1.49897950813004], [110.3104316302576, 1.4989795082003514], [110.31043163039735, 1.498974986142247], [110.31043387706939, 1.4989749862125585], [110.31043387727898, 1.498968203125402], [110.31043163060696, 1.4989682030550904], [110.31043163067683, 1.498965942026033], [110.31042489066076, 1.4989659418150718], [110.3104248912197, 1.498947853582614], [110.31042039787567, 1.4989478534419771], [110.3104203978058, 1.4989501144710502], [110.31040467110174, 1.4989501139787895], [110.31040467117163, 1.4989478529497402], [110.31040242449961, 1.4989478528794242], [110.3104024245695, 1.498945591850373], [110.31040017789749, 1.4989455917800354], [110.31040017796738, 1.4989433307509699], [110.31039793129537, 1.4989433306806574], [110.31039793136524, 1.4989410696515875], [110.31039568469325, 1.4989410695812724], [110.31039568476314, 1.4989388085522097], [110.31039343809113, 1.4989388084818849], [110.3103934382309, 1.498934286423769], [110.31039119155889, 1.4989342863534445], [110.31039119169864, 1.4989297642953185], [110.31038894502667, 1.4989297642249941], [110.31038894537606, 1.4989184590796976], [110.31038445203208, 1.498918458939035], [110.31038445210199, 1.4989161979099712], [110.31037097207012, 1.4989161974880068], [110.31037097213998, 1.4989139364589372], [110.31036647879606, 1.498913936318266], [110.31036647865628, 1.4989184583763926], [110.3103642319843, 1.498918458306045], [110.3103642318445, 1.4989229803641604], [110.31036198517253, 1.4989229802938095], [110.31036198503274, 1.4989275023519342], [110.31035973836076, 1.4989275022815747], [110.31035973815108, 1.4989342853687193], [110.31035749147908, 1.4989342852983814], [110.31035749133929, 1.4989388073564691], [110.31035524466729, 1.4989388072861187], [110.3103552445974, 1.498941068315149], [110.31035299792543, 1.4989410682448085], [110.31035299652717, 1.4989862888254284], [110.31039343662349, 1.4989862900918276], [110.31039343669337, 1.4989840290627887], [110.31040691672553, 1.4989840294848291], [110.31040691665562, 1.4989862905138778], [110.31040916332765, 1.498986290584215], [110.31040916325777, 1.4989885516132402], [110.31041365660184, 1.4989885517539023], [110.31041365653195, 1.4989908127829574], [110.31041590320397, 1.4989908128532792], [110.3104159031341, 1.4989930738823107], [110.31042039647816, 1.4989930740229824], [110.31042039640828, 1.4989953350520215]], [[110.31041590397268, 1.4989659415337828], [110.3104181506447, 1.4989659416041201], [110.31041815043507, 1.4989727246912659], [110.31041590376303, 1.498972724620941], [110.31041590362328, 1.4989772466790257], [110.31041365695125, 1.4989772466087108], [110.31041365688137, 1.498979507637752], [110.31041141020934, 1.4989795075674277], [110.31041141027923, 1.4989772465383735], [110.3104091636072, 1.498977246468036], [110.3104091636771, 1.4989749854389878], [110.31038220361287, 1.4989749845949267], [110.31038220354296, 1.498977245623974], [110.31037546352694, 1.4989772454129047], [110.31037546359686, 1.4989749843838729], [110.31037321692483, 1.4989749843135383], [110.31037321699473, 1.4989727232844918], [110.31037097032272, 1.4989727232141445], [110.31037097039264, 1.4989704621851156], [110.31036872372063, 1.498970462114765], [110.31036872379053, 1.4989682010857284], [110.31036647711852, 1.4989682010153689], [110.31036647718844, 1.4989659399863362], [110.31036423051643, 1.498965939915996], [110.31036423058634, 1.498963678886953], [110.31036198391433, 1.4989636788165899], [110.31036198398424, 1.498961417787571], [110.31035973731224, 1.498961417717202], [110.31035973738214, 1.4989591566881715], [110.31035749071016, 1.4989591566178209], [110.31035749091986, 1.4989523735307229], [110.31035973759185, 1.498952373601057], [110.31035973773166, 1.4989478515429897], [110.31036198440366, 1.49894785161334], [110.31036198454346, 1.4989433295552546], [110.31036423121544, 1.4989433296255952], [110.31036423135525, 1.4989388075675105], [110.31036647802723, 1.4989388076378574], [110.31036647816701, 1.4989342855797603], [110.31036872483901, 1.4989342856500976], [110.31036872497879, 1.4989297635920042], [110.31037097165077, 1.4989297636623422], [110.31037097179055, 1.4989252416042356], [110.31037321846254, 1.4989252416745729], [110.31037321853242, 1.498922980645513], [110.31037771187638, 1.498922980786185], [110.31037771180651, 1.4989252418152257], [110.31038220515047, 1.498925241955901], [110.31038220494081, 1.4989320250430689], [110.3103844516128, 1.4989320251133964], [110.31038445154293, 1.4989342861424475], [110.31038669821493, 1.498934286212785], [110.31038669814504, 1.4989365472418408], [110.31038894481702, 1.4989365473121778], [110.31038894467726, 1.4989410693702852], [110.31039119134925, 1.4989410694406229], [110.31039119127938, 1.498943330469668], [110.31039343795138, 1.4989433305400055], [110.31039343788149, 1.4989455915690517], [110.31039568455348, 1.4989455916393861], [110.31039568448362, 1.4989478526684281], [110.31039793115562, 1.4989478527387625], [110.31039793101584, 1.4989523747968674], [110.31040017768785, 1.4989523748671953], [110.31040017761798, 1.498954635896249], [110.31040242428999, 1.4989546359665633], [110.3104024242201, 1.4989568969956348], [110.31040467089211, 1.4989568970659501], [110.31040467082222, 1.4989591580949937], [110.31040691749425, 1.4989591581653317], [110.31040691742437, 1.4989614191943745], [110.31041590411242, 1.4989614194756762], [110.31041590397268, 1.4989659415337828]]]}}, {"type": "Feature", "properties": {"height": 0.01, "depth": 0.01, "timestep": "1130", "timestep_label": "11:30"}, "geometry": {"type": "Polygon", "coordinates": [[[110.31139545436166, 1.4989230125132436], [110.311397701034, 1.49892301258297], [110.31139770110329, 1.4989207515535565], [110.31140219444792, 1.4989207516930445], [110.31140219451721, 1.498918490663645], [110.31140893453419, 1.4989184908728443], [110.31140893460349, 1.4989162298434369], [110.31141342794815, 1.4989162299828904], [110.31141342801743, 1.4989139689534916], [110.31141792136206, 1.4989139690929445], [110.31141792143136, 1.4989117080635312], [110.311422414776, 1.4989117082029846], [110.3114224148453, 1.4989094471735664], [110.31142690818994, 1.4989094473130196], [110.31142690825922, 1.498907186283594], [110.31143140160387, 1.4989071864230217], [110.31143140167315, 1.4989049253935975], [110.3114358950178, 1.498904925533038], [110.31143589508707, 1.498902664503607], [110.31144038843172, 1.4989026646430312], [110.31144038850098, 1.49890040361361], [110.31144488184563, 1.4989004037530287], [110.3114448819149, 1.4988981427235875], [110.31145162193188, 1.4988981429326966], [110.31145162186263, 1.498900403962132], [110.31146060855194, 1.498900404240939], [110.31146060848269, 1.4989026652703599], [110.3114673484997, 1.4989026654794533], [110.31146735057688, 1.4988348345958933], [110.31146285723229, 1.4988348344565514], [110.31146285730152, 1.498832573427093], [110.31145387061234, 1.4988325731483811], [110.31145387068158, 1.4988303121189084], [110.3114471306647, 1.498830311909878], [110.31144713073394, 1.498828050880413], [110.3114381440448, 1.4988280506016785], [110.31143814411406, 1.4988257895722195], [110.31142915742494, 1.4988257892934493], [110.31142915749419, 1.498823528264001], [110.31142466414961, 1.4988235281246214], [110.31142466408036, 1.4988257891540693], [110.31142017073581, 1.4988257890146925], [110.31142017066657, 1.4988280500441358], [110.311415677322, 1.498828049904743], [110.31141567773751, 1.4988144837280044], [110.3114179244098, 1.4988144837976962], [110.31141792461756, 1.4988077007093061], [110.31141567794528, 1.4988077006396174], [110.31141567801453, 1.498805439610151], [110.31141792468678, 1.4988054396798391], [110.31141792475603, 1.498803178650381], [110.31143814480644, 1.4988031792775294], [110.3114381447372, 1.4988054403070072], [110.3114673514768, 1.4988054412127279], [110.31146735209973, 1.4987850919473524], [110.31140893862097, 1.4987850901358781], [110.31140893855174, 1.4987873511653547], [110.31140669187948, 1.4987873510956438], [110.31140669181023, 1.4987896121251127], [110.31140219846574, 1.4987896119857356], [110.31140219839648, 1.498791873015199], [110.31139995172423, 1.4987918729455108], [110.31139995165498, 1.4987941339749735], [110.31139770498271, 1.4987941339052753], [110.31139770491347, 1.4987963949347332], [110.31139545824122, 1.4987963948650318], [110.3113954577564, 1.498812222071234], [110.31139770442866, 1.4988122221409448], [110.31139770435941, 1.4988144831704007], [110.31139995103167, 1.4988144832401054], [110.31139995075462, 1.4988235273579233], [110.31139770408235, 1.4988235272882087], [110.31139770352821, 1.4988416155237836], [110.31139545685593, 1.4988416154540563], [110.31139545436166, 1.4989230125132436]]]}}, {"type": "Feature", "properties": {"height": 0.01, "depth": 0.01, "timestep": "1130", "timestep_label": "11:30"}, "geometry": {"type": "Polygon", "coordinates": [[[110.3115954080631, 1.4989275407741554], [110.31159990140787, 1.4989275409134228], [110.31159990147708, 1.4989252798839423], [110.31160439482186, 1.4989252800231874], [110.31160439489105, 1.498923018993725], [110.31160664156344, 1.4989230190633391], [110.31160664163262, 1.4989207580338684], [110.311608888305, 1.4989207581034893], [110.31160888837418, 1.4989184970740106], [110.31161338171897, 1.4989184972132394], [110.31161338178815, 1.4989162361837598], [110.31161562846054, 1.4989162362533843], [110.31161562852971, 1.4989139752238887], [110.3116178752021, 1.498913975293491], [110.31161787527125, 1.4989117142640367], [110.31162012194366, 1.498911714333642], [110.31162012201283, 1.4989094533041443], [110.31162236868522, 1.4989094533737595], [110.31162236875437, 1.4989071923442763], [110.31162686209917, 1.4989071924834896], [110.31162686216832, 1.4989049314540142], [110.3116291088407, 1.4989049315236038], [110.31162910890987, 1.4989026704941022], [110.3116246155651, 1.4989026703549078], [110.31162461563424, 1.4989004093254108], [110.31162236896188, 1.4989004092558087], [110.31162236903103, 1.498898148226311], [110.31161787568625, 1.4988981480871069], [110.31161787575542, 1.4988958870576259], [110.31161562908302, 1.498895886988024], [110.3116156291522, 1.4988936259585324], [110.31161338247982, 1.4988936258889178], [110.31161338254897, 1.498891364859431], [110.3116111358766, 1.4988913647898192], [110.31161113594577, 1.4988891037603371], [110.31161338261813, 1.498889103829939], [110.3116133826873, 1.4988868428004372], [110.31161562935968, 1.4988868428700515], [110.311615629498, 1.4988823208110642], [110.31161787617037, 1.498882320880666], [110.31161787630869, 1.49887779882168], [110.31162012298105, 1.4988777988912692], [110.31162012311937, 1.4988732768322668], [110.31162236979173, 1.498873276901856], [110.31162236993003, 1.498868754842848], [110.31162461660242, 1.49886875491245], [110.31162461674072, 1.49886423285343], [110.31162686341308, 1.4988642329230186], [110.31162686355137, 1.4988597108640092], [110.31162911022372, 1.4988597109335982], [110.31162911029287, 1.4988574499040859], [110.31163135696524, 1.4988574499736624], [110.31163135710351, 1.4988529279146439], [110.31163585044825, 1.4988529280537963], [110.31163585037912, 1.4988551890833208], [110.31163809705147, 1.4988551891529105], [110.31163809698234, 1.4988574501824141], [110.3116403436547, 1.4988574502519973], [110.31164034358557, 1.4988597112815125], [110.31164259025795, 1.498859711351089], [110.31164259018881, 1.498861972380602], [110.31164483686119, 1.4988619724501786], [110.31164483679204, 1.4988642334797107], [110.31164708346442, 1.4988642335492675], [110.31164708339529, 1.4988664945787944], [110.31164933006767, 1.498866494648371], [110.31164932999853, 1.498868755677877], [110.31165157667091, 1.4988687557474631], [110.31165157660178, 1.4988710167769614], [110.31165382327414, 1.4988710168465504], [110.311653823205, 1.4988732778760567], [110.3116560698774, 1.4988732779456364], [110.31165606980827, 1.498875538975151], [110.31166056315304, 1.4988755391143067], [110.31166056322218, 1.4988732780847926], [110.31166505656694, 1.4988732782239231], [110.31166505663606, 1.498871017194423], [110.31166954998085, 1.4988710173335438], [110.31166955046469, 1.4988551901268907], [110.31166730379232, 1.4988551900573241], [110.31166730393055, 1.498850667998271], [110.31166955060291, 1.4988506680678402], [110.31166955067204, 1.4988484070383032], [110.31167179734442, 1.4988484071078705], [110.31167179741352, 1.4988461460783253], [110.3116740440859, 1.4988461461478888], [110.31167404415501, 1.4988438851183716], [110.31167629082738, 1.498843885187913], [110.31167629089649, 1.4988416241583713], [110.31167853756887, 1.4988416242279354], [110.3116785378453, 1.4988325801097773], [110.31167629117292, 1.4988325800402256], [110.31167629131113, 1.4988280579811488], [110.31167404463879, 1.498828057911595], [110.31167404470787, 1.498825796882053], [110.31167179803552, 1.4988257968124992], [110.31167179810463, 1.498823535782965], [110.31166955143226, 1.4988235357134139], [110.31166955150138, 1.4988212746838725], [110.31158417795233, 1.4988212720400123], [110.31158417781403, 1.4988257940990373], [110.31157968446934, 1.4988257939598453], [110.3115796844002, 1.4988280549893398], [110.31157519105552, 1.4988280548501418], [110.31157519098637, 1.498830315879638], [110.31157069764171, 1.4988303157404215], [110.31157069757255, 1.4988325767699326], [110.31156620422789, 1.4988325766307118], [110.31156620415871, 1.4988348376602083], [110.31156171081406, 1.4988348375209815], [110.31156171074488, 1.4988370985504706], [110.3115572174002, 1.4988370984112283], [110.31155721733104, 1.4988393594407339], [110.31155272398638, 1.498839359301491], [110.3115527239172, 1.4988416203309836], [110.31154823057254, 1.4988416201917187], [110.31154823050335, 1.4988438812212157], [110.3115437371587, 1.4988438810819602], [110.31154373708952, 1.4988461421114498], [110.31153924374483, 1.498846141972194], [110.31153924367565, 1.4988484030016789], [110.311534750331, 1.4988484028623916], [110.31153475026179, 1.4988506638918841], [110.31153025691714, 1.498850663752606], [110.31153025684794, 1.4988529247820848], [110.31152801017564, 1.4988529247124538], [110.31152801024483, 1.4988506636829662], [110.31152127022784, 1.498850663474032], [110.31152127029704, 1.4988484024445516], [110.31151228360775, 1.4988484021659547], [110.31151228367698, 1.49884614113648], [110.3115032969877, 1.4988461408578764], [110.31150329705692, 1.4988438798284072], [110.31149655703996, 1.4988438796194374], [110.31149655710917, 1.4988416185899467], [110.31148757041994, 1.4988416183113142], [110.31148757048916, 1.4988393572818408], [110.31147858379994, 1.4988393570031837], [110.31147858386916, 1.498837095973709], [110.31147184385225, 1.498837095764714], [110.31147184392148, 1.4988348347352443], [110.31146735057688, 1.4988348345958933], [110.3114673484997, 1.4989026654794533], [110.31146959517204, 1.4989026655491673], [110.31146959510279, 1.4989049265785863], [110.31147633511979, 1.4989049267876673], [110.31147633505056, 1.4989071878171072], [110.31148532173994, 1.4989071880958604], [110.31148532167069, 1.498909449125299], [110.31149430836008, 1.498909449404042], [110.31149430829085, 1.498911710433476], [110.31150329498026, 1.4989117107121968], [110.31150329491102, 1.498913971741635], [110.31150778825572, 1.4989139718809892], [110.31150778818649, 1.4989162329104357], [110.31151677487593, 1.4989162331891317], [110.3115167748067, 1.498918494218565], [110.31152576149616, 1.4989184944972467], [110.31152576142694, 1.4989207555267008], [110.3115347481164, 1.4989207558053577], [110.3115347480472, 1.498923016834797], [110.31153924139194, 1.498923016974125], [110.31153924229167, 1.498893623591177], [110.31157518904948, 1.4988936247054103], [110.31157518821918, 1.4989207570590513], [110.31157968156396, 1.4989207571983287], [110.31157968149476, 1.498923018227794], [110.3115886681843, 1.498923018506326], [110.31158866811512, 1.498925279535795], [110.31159540813228, 1.4989252797446901], [110.3115954080631, 1.4989275407741554]], [[110.31161113553077, 1.498902669937258], [110.31161338220316, 1.4989026700068726], [110.31161338213398, 1.4989049310363554], [110.3116111354616, 1.4989049309667408], [110.31161113539244, 1.4989071919962256], [110.31160888872004, 1.4989071919266044], [110.31160888885839, 1.498902669867643], [110.31160664218599, 1.4989026697980286], [110.31160664232434, 1.4988981477390588], [110.31160888899672, 1.4988981478086736], [110.31160888892757, 1.4989004088381586], [110.31161113559993, 1.4989004089077738], [110.31161113553077, 1.498902669937258]], [[110.31160888913506, 1.4988936257497016], [110.31161113580744, 1.4988936258193029], [110.31161113573827, 1.4988958868488078], [110.3116088890659, 1.4988958867791928], [110.31160888913506, 1.4988936257497016]], [[110.31159540944667, 1.498882320184586], [110.3115999027914, 1.4988823203238153], [110.31159990272222, 1.498884581353302], [110.31159540937749, 1.4988845812140723], [110.31159540944667, 1.498882320184586]], [[110.3116605638443, 1.4988529288191093], [110.31166281051668, 1.4988529288886723], [110.31166281037844, 1.4988574509477168], [110.31166056370606, 1.4988574508781536], [110.31166056377518, 1.4988551898486429], [110.31165831710281, 1.498855189779057], [110.31165831724105, 1.4988506677200126], [110.31165607056869, 1.498850667650452], [110.31165607063781, 1.4988484066209318], [110.31165382396544, 1.4988484065513545], [110.31165382403456, 1.4988461455218414], [110.3116515773622, 1.4988461454522553], [110.31165157750044, 1.4988416233932094], [110.3116605641899, 1.49884162367147], [110.3116605638443, 1.4988529288191093]], [[110.31164933089723, 1.4988393622941119], [110.31165157756958, 1.4988393623636889], [110.31165157750044, 1.4988416233932094], [110.31164933082809, 1.4988416233236455], [110.31164933089723, 1.4988393622941119]]]}}, {"type": "Feature", "properties": {"height": 0.01, "depth": 0.01, "timestep": "1130", "timestep_label": "11:30"}, "geometry": {"type": "Polygon", "coordinates": [[[110.31154373812724, 1.4988122266689994], [110.31157519153966, 1.4988122276435671], [110.31157519216205, 1.4987918783778726], [110.31154149207751, 1.4987918773338011], [110.31154149214667, 1.4987896163042866], [110.31153924547436, 1.4987896162346714], [110.31153924485182, 1.498809965500252], [110.31154373819642, 1.4988099656395015], [110.31154373812724, 1.4988122266689994]]]}}, {"type": "Feature", "properties": {"height": 0.01, "depth": 0.01, "timestep": "1130", "timestep_label": "11:30"}, "geometry": {"type": "Polygon", "coordinates": [[[110.31147409142442, 1.4988077024511988], [110.31150329816417, 1.4988077033566414], [110.31150329878693, 1.498787354091165], [110.31146959870277, 1.4987873530465017], [110.31146959877199, 1.4987850920169934], [110.31146735209973, 1.4987850919473524], [110.3114673514768, 1.4988054412127279], [110.31147409149362, 1.4988054414217167], [110.31147409142442, 1.4988077024511988]]]}}, {"type": "Feature", "properties": {"height": 0.5, "depth": 0.5, "timestep": "1130", "timestep_label": "11:30"}, "geometry": {"type": "Polygon", "coordinates": [[[110.30718503514836, 1.5038044364410794], [110.30718952849577, 1.5038044365887289], [110.30718952878918, 1.5037953924860439], [110.30718728211549, 1.5037953924122351], [110.30718728204212, 1.5037976534379072], [110.30718503536843, 1.503797653364082], [110.30718503544179, 1.5037953923384106], [110.3071827887681, 1.5037953922645886], [110.30718278884147, 1.503793131238913], [110.30718054216777, 1.5037931311650978], [110.30718054224113, 1.5037908701394287], [110.3071715555464, 1.5037908698441274], [110.30717155561976, 1.5037886088184635], [110.30716256892505, 1.5037886085231362], [110.30716256899841, 1.5037863474974709], [110.30713336224068, 1.5037863465375447], [110.3071333625342, 1.503777302434914], [110.30711763581859, 1.503777301917969], [110.30711763523148, 1.5037953901231558], [110.30711988190515, 1.5037953901970287], [110.30711988183177, 1.5037976512226618], [110.3071311152001, 1.503797651591952], [110.30713111527349, 1.503795390566302], [110.30713560862084, 1.503795390714012], [110.30713560869421, 1.5037931296883609], [110.30713785536788, 1.5037931297622085], [110.30713785544125, 1.5037908687365429], [110.30714010211493, 1.5037908688104018], [110.3071401021883, 1.5037886077847396], [110.30714684220932, 1.5037886080062737], [110.30714684213595, 1.503790869031921], [110.30716706219903, 1.5037908696964772], [110.30716706212567, 1.5037931307221373], [110.30718054216777, 1.5037931311650978], [110.30718054209443, 1.5037953921907545], [110.3071827887681, 1.5037953922645886], [110.3071827886214, 1.5037999143159186], [110.30718503529509, 1.503799914389753], [110.30718503514836, 1.5038044364410794]]]}}, {"type": "Feature", "properties": {"height": 0.5, "depth": 0.5, "timestep": "1130", "timestep_label": "11:30"}, "geometry": {"type": "Polygon", "coordinates": [[[110.30718952893588, 1.5037908704347147], [110.30719177560955, 1.5037908705085234], [110.3071917758296, 1.5037840874315094], [110.30719402250328, 1.503784087505318], [110.30719402257662, 1.5037818264796334], [110.307198515924, 1.5037818266272671], [110.30719851599734, 1.503779565601595], [110.3072030093447, 1.5037795657492026], [110.30720300941805, 1.5037773047235115], [110.30720525609172, 1.503777304797324], [110.30720525616505, 1.5037750437716293], [110.30720974951242, 1.5037750439192372], [110.30720974958575, 1.5037727828935537], [110.30721424293313, 1.5037727830411485], [110.30721424300644, 1.5037705220154605], [110.30721873635383, 1.5037705221630426], [110.30721873642715, 1.5037682611373526], [110.30722322977452, 1.5037682612849481], [110.30722322984784, 1.5037660002592506], [110.30722547652154, 1.50376600033304], [110.30722547732799, 1.5037411290503009], [110.3071715571601, 1.5037411272792003], [110.30717155657334, 1.5037592154846882], [110.30716930989968, 1.5037592154108763], [110.30716930967964, 1.5037659984879146], [110.30716706300596, 1.5037659984140934], [110.3071670627859, 1.5037727814911113], [110.30716481611223, 1.5037727814172894], [110.30716481596552, 1.50377730346863], [110.30718952937595, 1.5037773042806601], [110.30718952893588, 1.5037908704347147]]]}}, {"type": "Feature", "properties": {"height": 0.5, "depth": 0.5, "timestep": "1130", "timestep_label": "11:30"}, "geometry": {"type": "Polygon", "coordinates": [[[110.30736926378542, 1.5037614830013515], [110.30737375713288, 1.5037614831487738], [110.30737375720611, 1.5037592221230176], [110.30737600387985, 1.5037592221967144], [110.30737600395307, 1.5037569611709565], [110.30738499064802, 1.5037569614657507], [110.30738499072123, 1.503754700439995], [110.30738049737377, 1.5037547002926108], [110.30738049744699, 1.5037524392668533], [110.30736701740463, 1.5037524388246537], [110.30736701725816, 1.5037569608761505], [110.30736926393189, 1.503756960949857], [110.30736926378542, 1.5037614830013515]]]}}, {"type": "Feature", "properties": {"height": 0.5, "depth": 0.5, "timestep": "1130", "timestep_label": "11:30"}, "geometry": {"type": "Polygon", "coordinates": [[[110.30740071729095, 1.503759223007328], [110.30740296396468, 1.5037592230810153], [110.30740296403789, 1.5037569620552547], [110.30740970405913, 1.5037569622763003], [110.30740970413233, 1.5037547012505448], [110.30741419747983, 1.5037547013978902], [110.30741419740662, 1.5037569624236677], [110.30741869075412, 1.5037569625710074], [110.30741869090052, 1.503752440519472], [110.30741644422677, 1.5037524404457974], [110.30741644429999, 1.503750179420027], [110.30739847091007, 1.5037501788305991], [110.30739847083686, 1.5037524398563604], [110.3074007175106, 1.5037524399300546], [110.30740071729095, 1.503759223007328]]]}}, {"type": "Feature", "properties": {"height": 0.5, "depth": 0.5, "timestep": "1130", "timestep_label": "11:30"}, "geometry": {"type": "Polygon", "coordinates": [[[110.30700755343611, 1.5036348536815098], [110.30700980010965, 1.5036348537553825], [110.30700980333846, 1.503535368624186], [110.30700755666498, 1.5035353685503479], [110.30700755343611, 1.5036348536815098]]]}}, {"type": "Feature", "properties": {"height": 0.5, "depth": 0.5, "timestep": "1130", "timestep_label": "11:30"}, "geometry": {"type": "Polygon", "coordinates": [[[110.30695813381084, 1.5034132715354658], [110.30696038048423, 1.5034132716092912], [110.30696038055758, 1.5034110105835068], [110.3069581338842, 1.5034110105096943], [110.30695813381084, 1.5034132715354658]]]}}, {"type": "Feature", "properties": {"height": 0.5, "depth": 0.5, "timestep": "1130", "timestep_label": "11:30"}, "geometry": {"type": "Polygon", "coordinates": [[[110.3069087075834, 1.5033951817049431], [110.30692443429697, 1.503395182221828], [110.30692443437036, 1.5033929211960604], [110.30694465443071, 1.5033929218605329], [110.30694465479748, 1.5033816167316372], [110.30694690147085, 1.503381616805447], [110.30694690176425, 1.5033725727023102], [110.30694465509089, 1.5033725726284843], [110.30694465516424, 1.5033703116027146], [110.30693117512406, 1.50337031115978], [110.3069311750507, 1.5033725721855589], [110.30692892837733, 1.5033725721117364], [110.30692892830398, 1.503374833137521], [110.30692668163061, 1.5033748330636985], [110.30692668155726, 1.5033770940894682], [110.30692443488391, 1.5033770940156297], [110.30692443481054, 1.503379355041401], [110.3069221881372, 1.5033793549675722], [110.30692218806382, 1.5033816159933644], [110.30691994139045, 1.5033816159195257], [110.30691994131708, 1.5033838769452983], [110.30691769464373, 1.503383876871447], [110.30691769457036, 1.5033861378972393], [110.306915447897, 1.5033861378233913], [110.30691544782361, 1.5033883988491574], [110.30691320115027, 1.503388398775322], [110.30691320107688, 1.5033906598010929], [110.30691095440352, 1.5033906597272444], [110.30691095433014, 1.5033929207530232], [110.30690870765679, 1.5033929206791654], [110.3069087075834, 1.5033951817049431]]]}}, {"type": "Feature", "properties": {"height": 0.5, "depth": 0.5, "timestep": "1130", "timestep_label": "11:30"}, "geometry": {"type": "Polygon", "coordinates": [[[110.30690421511717, 1.5033680492480104], [110.30690646179052, 1.503368049321839], [110.30690646186389, 1.5033657882960634], [110.30691095521058, 1.5033657884437372], [110.30691095528394, 1.5033635274179633], [110.30691320195729, 1.5033635274917985], [110.30691320203067, 1.5033612664660165], [110.30691769537736, 1.5033612666136775], [110.30691769545074, 1.503359005587894], [110.30691994212407, 1.5033590056617288], [110.30691994219742, 1.5033567446359315], [110.30692218887077, 1.5033567447097538], [110.30692218894413, 1.503354483683961], [110.30692443561746, 1.5033544837577997], [110.30692443569082, 1.503352222732015], [110.30692668236418, 1.503352222805831], [110.30692668243752, 1.5033499617800319], [110.30692892911088, 1.5033499618538542], [110.30692892918422, 1.5033477008280534], [110.30692668251088, 1.5033477007542504], [110.30692668258422, 1.5033454397284458], [110.30692218923754, 1.5033454395808037], [110.3069221893109, 1.5033431785550095], [110.30691769596422, 1.5033431784073708], [110.30691769603757, 1.5033409173815784], [110.30691544936424, 1.503340917307734], [110.30691544929087, 1.503343178333548], [110.30691320261754, 1.5033431782597224], [110.30691320239747, 1.50334996133709], [110.30691095572413, 1.5033499612632675], [110.30691095557741, 1.5033544833148285], [110.30690870890405, 1.5033544832410035], [110.30690870868398, 1.5033612663183427], [110.30690646201062, 1.5033612662445202], [110.30690646186389, 1.5033657882960634], [110.30690421519053, 1.503365788222228], [110.30690421511717, 1.5033680492480104]]]}}, {"type": "Feature", "properties": {"height": 0.5, "depth": 0.5, "timestep": "1130", "timestep_label": "11:30"}, "geometry": {"type": "Polygon", "coordinates": [[[110.30689522959767, 1.503331872540124], [110.30689972294432, 1.503331872687785], [110.30689972301768, 1.5033296116620019], [110.30690421636434, 1.5033296118096628], [110.3069042164377, 1.503327350783865], [110.30690870978437, 1.5033273509315133], [110.30690870985772, 1.5033250899057233], [110.30691095653104, 1.5033250899795367], [110.30691095660438, 1.5033228289537415], [110.30691544995103, 1.5033228291013776], [110.30691545002438, 1.503320568075588], [110.30691994337104, 1.5033205682232038], [110.3069199434444, 1.5033183071974003], [110.30692443679104, 1.5033183073450265], [110.30692443686438, 1.5033160463192183], [110.30690871015112, 1.5033160458025172], [110.30690871007778, 1.503318306828316], [110.30689972338448, 1.5033183065330125], [110.3068997231644, 1.50332508961042], [110.30689747649109, 1.5033250895365844], [110.30689747634436, 1.5033296115881727], [110.30689522967104, 1.5033296115143373], [110.30689522959767, 1.503331872540124]]]}}, {"type": "Feature", "properties": {"height": 0.5, "depth": 0.5, "timestep": "1130", "timestep_label": "11:30"}, "geometry": {"type": "Polygon", "coordinates": [[[110.30692668353771, 1.5033160463930315], [110.30692893021104, 1.5033160464668354], [110.30692893028439, 1.5033137854410341], [110.30692668361104, 1.503313785367234], [110.30692668353771, 1.5033160463930315]]]}}, {"type": "Feature", "properties": {"height": 0.5, "depth": 0.5, "timestep": "1130", "timestep_label": "11:30"}, "geometry": {"type": "Polygon", "coordinates": [[[110.3071715571601, 1.5037411272792003], [110.30725019073843, 1.5037411298618109], [110.30725019110488, 1.503729824733226], [110.30725243777856, 1.5037298248069868], [110.30725243792514, 1.5037253027555397], [110.30725468459882, 1.5037253028293007], [110.30725468511183, 1.5037094756491725], [110.30725693178547, 1.5037094757229432], [110.30725693193205, 1.5037049536714635], [110.30725468525839, 1.5037049535977154], [110.30725468533167, 1.5037026925719796], [110.30725693200533, 1.5037026926457278], [110.3072569320786, 1.5037004316199933], [110.30725468540496, 1.5037004315462454], [110.30725468584463, 1.5036868653917965], [110.30724794582368, 1.5036868651705517], [110.30724794589693, 1.5036846041448193], [110.30724345254964, 1.5036846039973233], [110.30724345262294, 1.5036823429715778], [110.3072299725811, 1.5036823425290469], [110.30722997265437, 1.5036800815033182], [110.30721649261255, 1.503680081060736], [110.30721649268587, 1.5036778200350194], [110.30720301264407, 1.5036778195924123], [110.30720301271738, 1.50367555856668], [110.30720076604376, 1.5036755584928936], [110.30720076619036, 1.5036710364414363], [110.30720301286398, 1.5036710365152097], [110.30720301301058, 1.5036665144637302], [110.30720525968421, 1.5036665145374906], [110.30720525983078, 1.5036619924860308], [110.30720301315716, 1.5036619924122694], [110.30720301330376, 1.503657470360794], [110.30720076663015, 1.5036574702870202], [110.30720076670343, 1.503655209261282], [110.30719402668261, 1.503655209039983], [110.30719402660931, 1.503657470065712], [110.30718728658846, 1.5036574698443936], [110.30718728651517, 1.5036597308701305], [110.30718054649435, 1.5036597306488058], [110.30718054642102, 1.5036619916745313], [110.3071715597266, 1.5036619913793976], [110.30717155965326, 1.5036642524051445], [110.30716481963245, 1.5036642521837724], [110.30716481955912, 1.5036665132094982], [110.30715807953831, 1.5036665129881257], [110.307158079465, 1.503668774013838], [110.30715133944416, 1.5036687737924463], [110.30715133937083, 1.5036710348181535], [110.30714684602363, 1.5036710346705582], [110.30714684587696, 1.5036755567219868], [110.30714909255057, 1.5036755567957865], [110.30714909247725, 1.5036778178215053], [110.30715133915085, 1.5036778178953045], [110.30715133907752, 1.5036800789210123], [110.30716257244558, 1.5036800792900156], [110.3071625725189, 1.5036778182643016], [110.30717380588699, 1.5036778186332538], [110.3071738059603, 1.5036755576075347], [110.3071850393284, 1.5036755579764645], [110.30718503925507, 1.5036778190021864], [110.3071760525606, 1.5036778187070559], [110.30717605248728, 1.5036800797327734], [110.30716481911921, 1.5036800793638057], [110.30716481904587, 1.5036823403895438], [110.3071535856778, 1.5036823400205246], [110.30715358560447, 1.5036846010462352], [110.30714459891001, 1.5036846007510127], [110.30714459883667, 1.5036868617767223], [110.30714010548944, 1.5036868616291141], [110.30714010541611, 1.503689122654803], [110.30714235208971, 1.5036891227286147], [110.3071423518697, 1.503695905805728], [110.3071648186059, 1.503695906543801], [110.30716481823924, 1.5037072116723325], [110.30716706491287, 1.5037072117461283], [110.30716706439954, 1.503723038926037], [110.30716931107317, 1.5037230389998464], [110.30716931063313, 1.5037366051540098], [110.30717155730679, 1.5037366052278123], [110.3071715571601, 1.5037411272792003]], [[110.3071850394017, 1.5036732969507403], [110.30719402609618, 1.5036732972458455], [110.30719402602287, 1.5036755582715817], [110.3071850393284, 1.5036755579764645], [110.3071850394017, 1.5036732969507403]]]}}, {"type": "Feature", "properties": {"height": 0.5, "depth": 0.5, "timestep": "1130", "timestep_label": "11:30"}, "geometry": {"type": "Polygon", "coordinates": [[[110.30702327912333, 1.503666508558122], [110.3070255257969, 1.5036665086319954], [110.30702552587029, 1.503664247606325], [110.30703001921742, 1.5036642477540587], [110.30703001929082, 1.5036619867283787], [110.30703226596437, 1.5036619868022387], [110.30703226603778, 1.503659725776567], [110.30703451271133, 1.503659725850427], [110.30703451278472, 1.503657464824751], [110.30703675945827, 1.5036574648986138], [110.30703675953167, 1.503655203872933], [110.30703900620523, 1.5036552039467928], [110.30703900613183, 1.5036574649724743], [110.30705023949965, 1.503657465341756], [110.30705023942626, 1.5036597263674454], [110.30705922612054, 1.5036597266628504], [110.30705922604716, 1.5036619876885389], [110.30709966617154, 1.503661989017616], [110.30709966624488, 1.5036597279919277], [110.3071131462864, 1.5036597284348587], [110.30711314635974, 1.5036574674091439], [110.30711763970692, 1.5036574675567782], [110.30711763978026, 1.503655206531062], [110.3071288731482, 1.503655206900113], [110.30712887322154, 1.5036529458743926], [110.30714010658949, 1.503652946243402], [110.30714010666281, 1.503650685217699], [110.30715134003077, 1.5036506855866705], [110.30715134010411, 1.5036484245609405], [110.30716257347207, 1.5036484249298856], [110.30716257354538, 1.5036461639041605], [110.30717380691338, 1.5036461642730587], [110.30717380698668, 1.5036439032473223], [110.30718504035468, 1.5036439036162015], [110.30718504042798, 1.5036416425904602], [110.30719627379601, 1.5036416429592914], [110.30719627386928, 1.503639381933552], [110.3071985205429, 1.5036393820073135], [110.30719852032301, 1.5036461650845552], [110.30720526034384, 1.5036461653058322], [110.30720526041713, 1.5036439042800795], [110.30720750709075, 1.503643904353841], [110.30720750716404, 1.5036416433281001], [110.30720975383763, 1.503641643401861], [110.30720975391093, 1.5036393823760932], [110.30721200058454, 1.503639382449857], [110.30721200065781, 1.5036371214241104], [110.30721424733143, 1.5036371214978455], [110.3072142474047, 1.5036348604721068], [110.3072120007311, 1.5036348603983456], [110.30721200087767, 1.5036303383468312], [110.30721424755127, 1.5036303384205791], [110.3072142477711, 1.5036235553433153], [110.3072120010975, 1.5036235552695676], [110.30721200131734, 1.503616772192271], [110.30721424799094, 1.5036167722660192], [110.30721424806421, 1.503614511240258], [110.30721200139061, 1.5036145111665222], [110.30721200146388, 1.503612250140745], [110.30720975479029, 1.5036122500670095], [110.30720975486358, 1.503609989041252], [110.30720750818998, 1.5036099889675032], [110.30720750804343, 1.5036145110190249], [110.30720526136984, 1.503614510945277], [110.30720526122327, 1.5036190329968027], [110.30720301454969, 1.5036190329230446], [110.30720301440311, 1.5036235549745454], [110.30720076772953, 1.503623554900797], [110.30720076765623, 1.5036258159265525], [110.30719627430904, 1.5036258157790436], [110.30719627423575, 1.5036280768048078], [110.30719178088856, 1.5036280766572887], [110.30719178081527, 1.503630337683026], [110.3071850407945, 1.5036303374617297], [110.30718504072118, 1.5036325984874845], [110.3071783007004, 1.5036325982661787], [110.30717830062709, 1.5036348592919224], [110.30717156060633, 1.5036348590705975], [110.30717156053302, 1.5036371200963372], [110.30716482051224, 1.503637119875006], [110.30716482043893, 1.503639380900737], [110.30715808041815, 1.5036393806793837], [110.30715808034483, 1.5036416417051228], [110.30715134032405, 1.503641641483753], [110.30715134025074, 1.5036439025094945], [110.30714460022996, 1.5036439022880996], [110.30714460015665, 1.5036461633138456], [110.30713786013588, 1.50364616309245], [110.30713786006255, 1.5036484241181693], [110.30713112004179, 1.5036484238967611], [110.30713111996846, 1.5036506849224793], [110.30712437994768, 1.5036506847010802], [110.30712437987437, 1.5036529457267842], [110.3071176398536, 1.5036529455053467], [110.30711763978026, 1.503655206531062], [110.3071131464331, 1.5036552063834336], [110.30711314679982, 1.5036439012548621], [110.30711090012623, 1.5036439011810498], [110.30711090063963, 1.5036280740010124], [110.30710865396607, 1.5036280739272003], [110.30710865455276, 1.5036099857213856], [110.30710640787919, 1.5036099856475953], [110.3071064086125, 1.5035873753902482], [110.30710865528606, 1.5035873754640352], [110.30710865535939, 1.5035851144382981], [110.3071109020329, 1.5035851145120982], [110.30711090210625, 1.503582853486344], [110.30711314877979, 1.5035828535601563], [110.3071131488531, 1.5035805925343912], [110.30711539552664, 1.503580592608178], [110.30711539567329, 1.5035760705566812], [110.30711764234682, 1.5035760706304808], [110.30711764242015, 1.5035738096047297], [110.30711988909367, 1.5035738096785034], [110.30711988924031, 1.5035692876270081], [110.30712213591384, 1.5035692877007947], [110.30712213598716, 1.5035670266750336], [110.3071243826607, 1.5035670267488197], [110.307124382734, 1.5035647657230602], [110.30712662940753, 1.5035647657968472], [110.30712662955416, 1.503560243745314], [110.3071288762277, 1.5035602438190878], [110.307128876301, 1.503557982793333], [110.30713112297452, 1.5035579828671073], [110.30713112304784, 1.503555721841329], [110.30712887637429, 1.5035557217675646], [110.307128876301, 1.503557982793333], [110.30711764293335, 1.5035579824244403], [110.30711764286004, 1.5035602434501951], [110.30710640949238, 1.5035602430812702], [110.30710640941905, 1.503562504107024], [110.30709517605142, 1.503562503738064], [110.3070951759781, 1.5035647647638088], [110.30709068263106, 1.5035647646162256], [110.30709068255774, 1.5035670256419569], [110.30708618921066, 1.5035670254943483], [110.30708618913734, 1.5035692865201], [110.30708394246382, 1.5035692864463095], [110.30708394239048, 1.5035715474720472], [110.30707944904343, 1.5035715473244387], [110.3070794489701, 1.5035738083501682], [110.30707720229657, 1.503573808276356], [110.30707720222321, 1.5035760693020974], [110.3070749555497, 1.5035760692282978], [110.30707495562302, 1.5035738082025465], [110.30707270894952, 1.5035738081287342], [110.30707270902286, 1.503571547102998], [110.30707046234932, 1.503571547029192], [110.30707046242266, 1.5035692860034544], [110.30706821574915, 1.5035692859296517], [110.30706821589584, 1.5035647638781713], [110.30706596922232, 1.503564763804359], [110.30706596929566, 1.5035625027786144], [110.30706372262216, 1.5035625027048112], [110.30706372269549, 1.5035602416790643], [110.30706147602199, 1.5035602416052514], [110.30706147609533, 1.5035579805795194], [110.30705922942182, 1.5035579805056942], [110.30705922956851, 1.5035534584542247], [110.30705698289499, 1.5035534583804129], [110.30705698296833, 1.5035511973546722], [110.30705473629483, 1.5035511972808469], [110.30705473636817, 1.5035489362551182], [110.30705248969467, 1.5035489361813061], [110.30705248976803, 1.5035466751555564], [110.30705024309451, 1.5035466750817472], [110.30705024324119, 1.5035421530302604], [110.30704799656772, 1.5035421529564377], [110.30704799664106, 1.5035398919306935], [110.30704574996756, 1.5035398918568812], [110.3070457500409, 1.5035376308311414], [110.30704350336741, 1.5035376307573258], [110.30704350344077, 1.5035353697315756], [110.30704125676726, 1.503535369657763], [110.30704125691396, 1.50353084760629], [110.30703901024046, 1.5035308475324582], [110.30703901031382, 1.5035285865067152], [110.30703676364033, 1.5035285864328904], [110.30703676371368, 1.5035263254071565], [110.3070345170402, 1.5035263253333313], [110.30703451711355, 1.5035240643075856], [110.30703227044006, 1.5035240642337733], [110.30703227058675, 1.5035195421822787], [110.30703002391327, 1.5035195421084657], [110.30703002398663, 1.5035172810827073], [110.30702777731315, 1.5035172810088944], [110.30702777738651, 1.5035150199831533], [110.30702553071302, 1.5035150199093308], [110.30702553078638, 1.5035127588835748], [110.30702328411292, 1.5035127588097623], [110.30702328418624, 1.503510497784005], [110.30702103751278, 1.503510497710183], [110.30702103758614, 1.503508236684446], [110.30701879091266, 1.503508236610621], [110.307018790986, 1.503505975584877], [110.30701654431255, 1.5035059755110451], [110.30701654416585, 1.5035104975625482], [110.30701429749236, 1.5035104974887226], [110.30701429727232, 1.5035172805659616], [110.30701205059884, 1.5035172804921235], [110.3070120503054, 1.5035263245950907], [110.30700980363193, 1.5035263245212527], [110.30700979996284, 1.5036393758067474], [110.30701204663639, 1.5036393758806204], [110.30701204648959, 1.5036438979319935], [110.30701429316315, 1.503643898005854], [110.30701429301634, 1.503648420057227], [110.30701653968988, 1.5036484201311], [110.30701653954308, 1.5036529421824476], [110.30701878621663, 1.5036529422563332], [110.30701878606983, 1.5036574643076848], [110.30702103274339, 1.5036574643815448], [110.30702103259658, 1.5036619864328997], [110.30702327927014, 1.5036619865067733], [110.30702327912333, 1.503666508558122]]]}}, {"type": "Feature", "properties": {"height": 0.5, "depth": 0.5, "timestep": "1130", "timestep_label": "11:30"}, "geometry": {"type": "Polygon", "coordinates": [[[110.30795340379098, 1.5036122744056786], [110.30795565046482, 1.5036122744789824], [110.30795565053765, 1.5036100134529633], [110.30795789721151, 1.5036100135262664], [110.30795789728434, 1.503607752500263], [110.3079601439582, 1.5036077525735634], [110.30796014424956, 1.5035987084694793], [110.30795789757572, 1.5035987083961755], [110.30795789764855, 1.5035964473701506], [110.30795565097472, 1.5035964472968375], [110.30795565090189, 1.5035987083228624], [110.3079511575542, 1.5035987081762352], [110.30795115748136, 1.5036009692022487], [110.30795340415519, 1.5036009692755814], [110.30795340408237, 1.5036032303015998], [110.3079556507562, 1.50360323037491], [110.30795565068335, 1.503605491400937], [110.30794891066182, 1.503605491180977], [110.30794891058899, 1.5036077522070124], [110.30795115726285, 1.5036077522803097], [110.30795115718998, 1.5036100133063395], [110.30795340386382, 1.5036100133796524], [110.30795340379098, 1.5036122744056786]]]}}, {"type": "Feature", "properties": {"height": 0.5, "depth": 0.5, "timestep": "1130", "timestep_label": "11:30"}, "geometry": {"type": "Polygon", "coordinates": [[[110.30776693001046, 1.5036077462641053], [110.30776917668425, 1.5036077463375077], [110.30776917675719, 1.5036054853115683], [110.30777142343098, 1.5036054853849676], [110.30777142357687, 1.5036009633330627], [110.30776468355555, 1.5036009631127993], [110.30776468340963, 1.5036054851647211], [110.3077669300834, 1.5036054852381426], [110.30776693001046, 1.5036077462641053]]]}}, {"type": "Feature", "properties": {"height": 0.5, "depth": 0.5, "timestep": "1130", "timestep_label": "11:30"}, "geometry": {"type": "Polygon", "coordinates": [[[110.30811291785406, 1.5036054965295869], [110.30811741120185, 1.5036054966760026], [110.30811741127462, 1.5036032356499347], [110.30811965794848, 1.5036032357231521], [110.30811965802125, 1.5036009746970738], [110.30812415136903, 1.5036009748434984], [110.30812415158728, 1.503594191765263], [110.30812190491339, 1.503594191692039], [110.30812190513163, 1.5035874086137992], [110.30811965845774, 1.5035874085405814], [110.30811965860322, 1.5035828864884078], [110.30811741192933, 1.5035828864151966], [110.30811741207482, 1.50357836436303], [110.30811516540095, 1.5035783642897933], [110.3081151654737, 1.5035761032637107], [110.30811067212592, 1.503576103117295], [110.30811067219867, 1.5035738420912081], [110.30810617885092, 1.5035738419447862], [110.30810617892367, 1.5035715809187031], [110.30810393224981, 1.5035715808454921], [110.30810393203156, 1.5035783639237412], [110.30810617870544, 1.5035783639969618], [110.30810617834166, 1.5035896691273805], [110.30810842501556, 1.5035896692005946], [110.30810842487006, 1.5035941912527475], [110.30811067154393, 1.503594191325974], [110.30811067132568, 1.5036009744042071], [110.30811291799957, 1.5036009744774306], [110.30811291785406, 1.5036054965295869]]]}}, {"type": "Feature", "properties": {"height": 0.5, "depth": 0.5, "timestep": "1130", "timestep_label": "11:30"}, "geometry": {"type": "Polygon", "coordinates": [[[110.30774221674487, 1.5036032234044823], [110.30774446341864, 1.5036032234779042], [110.30774446349162, 1.5036009624519493], [110.30774221681786, 1.5036009623785238], [110.30774221674487, 1.5036032234044823]]]}}, {"type": "Feature", "properties": {"height": 0.5, "depth": 0.5, "timestep": "1130", "timestep_label": "11:30"}, "geometry": {"type": "Polygon", "coordinates": [[[110.30721200183027, 1.5036009450119183], [110.30721874185102, 1.5036009452331192], [110.30721874192429, 1.5035986842073659], [110.30722098859786, 1.5035986842810949], [110.30722098867113, 1.5035964232553143], [110.30722323534472, 1.5035964233290404], [110.30722323578428, 1.5035828571743821], [110.3072209891107, 1.5035828571006595], [110.30722098925723, 1.5035783350490928], [110.30721649591008, 1.503578334901631], [110.30721649598334, 1.5035760738758468], [110.30721200263619, 1.5035760737283625], [110.30721200212332, 1.503591900908836], [110.30720975544973, 1.5035919008350909], [110.30720975537648, 1.5035941618608615], [110.3072075087029, 1.5035941617871227], [110.30720750855635, 1.5035986838386624], [110.30721200190352, 1.5035986839861462], [110.30721200183027, 1.5036009450119183]]]}}, {"type": "Feature", "properties": {"height": 0.5, "depth": 0.5, "timestep": "1130", "timestep_label": "11:30"}, "geometry": {"type": "Polygon", "coordinates": [[[110.30794217085887, 1.5035987078829847], [110.30794441753271, 1.5035987079562887], [110.3079444176784, 1.503594185904257], [110.30794666435224, 1.5035941859775575], [110.30794666442507, 1.5035919249515393], [110.30794891109892, 1.503591925024843], [110.30794891117175, 1.5035896639988207], [110.30795115784558, 1.503589664072153], [110.30795115799128, 1.5035851420200743], [110.3079534046651, 1.5035851420933748], [110.30795340473794, 1.503582881067364], [110.30795115806411, 1.5035828809940504], [110.30795115813694, 1.5035806199680148], [110.3079466647893, 1.5035806198214103], [110.30794666486214, 1.5035783587953704], [110.30794441818833, 1.5035783587220606], [110.30794441826117, 1.503576097696035], [110.30794217158736, 1.5035760976227222], [110.30794217173302, 1.50357157557067], [110.30793992505922, 1.5035715754973569], [110.30793992527774, 1.5035647924192497], [110.30793767860392, 1.5035647923459485], [110.30793767882244, 1.5035580092678393], [110.30793992549626, 1.5035580093411396], [110.30793992535058, 1.5035625313932222], [110.3079421720244, 1.5035625314665324], [110.30794217187871, 1.5035670535186028], [110.30794441855254, 1.503567053591894], [110.30794441840685, 1.5035715756439703], [110.30794666508066, 1.5035715757172714], [110.30794666493499, 1.5035760977693362], [110.30795340495645, 1.5035760979892634], [110.30795340502928, 1.5035738369632143], [110.30795115835546, 1.5035738368899134], [110.30795115850114, 1.5035693148378424], [110.30794891182732, 1.5035693147645546], [110.30794891204582, 1.5035625316864252], [110.30794666537201, 1.503562531613124], [110.30794666551769, 1.5035580095610477], [110.30794441884387, 1.5035580094877472], [110.30794441898955, 1.5035534874356746], [110.30794217231572, 1.5035534873623608], [110.30794217238858, 1.5035512263363258], [110.30793767904096, 1.5035512261897241], [110.3079376788953, 1.5035557482417934], [110.30793543222147, 1.5035557481684931], [110.30793543229433, 1.5035534871424465], [110.30793093894671, 1.5035534869958482], [110.30793093887388, 1.503555748021882], [110.30792419885246, 1.5035557478019408], [110.3079241989253, 1.5035534867759077], [110.30792195225152, 1.503553486702594], [110.30792195232436, 1.5035512256765589], [110.30791970565056, 1.503551225603245], [110.3079197057234, 1.5035489645772149], [110.3079152123758, 1.5035489644305682], [110.30791521244866, 1.5035467034045498], [110.30791296577488, 1.5035467033312329], [110.30791296584772, 1.5035444423051867], [110.30790847250015, 1.503544442158563], [110.30790847257299, 1.5035421811325216], [110.30790622589922, 1.5035421810592082], [110.30790622597206, 1.5035399200331652], [110.30790173262447, 1.5035399198865385], [110.30790173269733, 1.5035376588605032], [110.30789948602354, 1.5035376587871896], [110.3078994860964, 1.5035353977611505], [110.30789499274886, 1.5035353976144916], [110.30789499282172, 1.5035331365884603], [110.30789274614791, 1.5035331365151465], [110.30789274622077, 1.5035308754891044], [110.30788825287323, 1.5035308753424612], [110.30788825294609, 1.503528614316414], [110.30788600627231, 1.5035286142430884], [110.30788600634517, 1.5035263532170713], [110.3078770196501, 1.5035263529237564], [110.30787701972297, 1.5035240918977126], [110.30787027970165, 1.5035240916777242], [110.30787027962879, 1.5035263527037546], [110.30786803295503, 1.5035263526304221], [110.30786803288215, 1.5035286136564456], [110.30784781281828, 1.5035286129963579], [110.30784781274541, 1.5035308740223792], [110.30784107272412, 1.5035308738023268], [110.30784107265121, 1.503533134828353], [110.30783657930371, 1.5035331346816394], [110.30783657923082, 1.5035353957076516], [110.30784331925211, 1.5035353959277298], [110.30784331917923, 1.5035376569537318], [110.30785230587428, 1.503537657247136], [110.3078523058014, 1.5035399182731577], [110.3078590458227, 1.503539918493204], [110.30785904574982, 1.5035421795192239], [110.30786803244493, 1.5035421798125879], [110.30786803237204, 1.503544440838616], [110.30787477239338, 1.5035444410586425], [110.3078747723205, 1.503546702084651], [110.30788151234185, 1.5035467023046682], [110.30788151226898, 1.5035489633306873], [110.30788375894276, 1.5035489634040264], [110.30788375886989, 1.5035512244300502], [110.3078860055437, 1.5035512245033802], [110.30788600547082, 1.503553485529402], [110.3078882521446, 1.5035534856027286], [110.30788825207173, 1.5035557466287597], [110.30789049874552, 1.5035557467020984], [110.30789049867266, 1.5035580077281276], [110.30789723869404, 1.5035580079481163], [110.30789723862117, 1.5035602689741414], [110.30790397864257, 1.5035602691941163], [110.3079039785697, 1.5035625302201427], [110.3079107185911, 1.503562530440128], [110.30791071851824, 1.5035647914661492], [110.30791521186585, 1.5035647916127952], [110.307915211793, 1.5035670526388152], [110.30792195181442, 1.503567052858778], [110.30792195174156, 1.5035693138848087], [110.307928691763, 1.503569314104762], [110.30792869169014, 1.5035715751307923], [110.30793093836395, 1.5035715752040961], [110.30793093821825, 1.5035760972561611], [110.30793318489206, 1.5035760973294712], [110.30793318481922, 1.5035783583554971], [110.30793543149304, 1.50357835842882], [110.30793543134733, 1.5035828804808722], [110.30793767802118, 1.503582880554176], [110.30793767780263, 1.5035896636322537], [110.30793992447644, 1.5035896637055768], [110.30793992433074, 1.503594185757611], [110.30794217100458, 1.503594185830937], [110.30794217085887, 1.5035987078829847]]]}}, {"type": "Feature", "properties": {"height": 0.5, "depth": 0.5, "timestep": "1130", "timestep_label": "11:30"}, "geometry": {"type": "Polygon", "coordinates": [[[110.30744790299983, 1.5035873865924037], [110.30745014967349, 1.503587386666008], [110.30745014974663, 1.5035851256401351], [110.30745239642027, 1.5035851257137494], [110.3074523964934, 1.5035828646878837], [110.30744790314608, 1.5035828645406875], [110.30744790299983, 1.5035873865924037]]]}}, {"type": "Feature", "properties": {"height": 0.5, "depth": 0.5, "timestep": "1130", "timestep_label": "11:30"}, "geometry": {"type": "Polygon", "coordinates": [[[110.3077669308129, 1.5035828749785114], [110.30777367083422, 1.5035828751987497], [110.30777367090717, 1.5035806141727714], [110.30777591758091, 1.503580614246184], [110.30777591772679, 1.503576092194246], [110.30777367105303, 1.503576092120833], [110.30777367134479, 1.503567048016936], [110.30777142467103, 1.503567047943524], [110.30777142488984, 1.503560264865589], [110.30777367156358, 1.5035602649390019], [110.30777367163653, 1.5035580039130123], [110.30777591831028, 1.5035580039864151], [110.30777591867492, 1.5035466988564767], [110.30777367200119, 1.50354669878309], [110.3077736720741, 1.5035444377571034], [110.30776917872662, 1.5035444376103169], [110.30776917836197, 1.5035557427402213], [110.30777142503571, 1.5035557428136208], [110.30777142488984, 1.503560264865589], [110.30776917821608, 1.5035602647921893], [110.30776917792433, 1.5035693088960944], [110.30776693125057, 1.5035693088226951], [110.3077669308129, 1.5035828749785114]]]}}, {"type": "Feature", "properties": {"height": 0.5, "depth": 0.5, "timestep": "1130", "timestep_label": "11:30"}, "geometry": {"type": "Polygon", "coordinates": [[[110.30721649612985, 1.5035715518242738], [110.307220989477, 1.5035715519717232], [110.30722098955026, 1.5035692909459382], [110.30722323622383, 1.503569291019664], [110.30722323637033, 1.5035647689680918], [110.30722098969677, 1.5035647688943563], [110.30722098962352, 1.5035670299201476], [110.30721649627638, 1.5035670297726988], [110.30721649612985, 1.5035715518242738]]]}}, {"type": "Feature", "properties": {"height": 0.5, "depth": 0.5, "timestep": "1130", "timestep_label": "11:30"}, "geometry": {"type": "Polygon", "coordinates": [[[110.3081016856487, 1.5035693197461848], [110.30811516569192, 1.5035693201854514], [110.30811516576466, 1.5035670591593562], [110.30812415246015, 1.5035670594521593], [110.30812415253288, 1.5035647984260663], [110.30812190585901, 1.503564798352868], [110.30812190593176, 1.503562537326777], [110.308117412584, 1.5035625371803607], [110.30811741265674, 1.5035602761542675], [110.30811516598288, 1.5035602760810667], [110.30811516605561, 1.5035580150549683], [110.30811067270788, 1.5035580149085659], [110.30811067278061, 1.5035557538824638], [110.30810842610676, 1.5035557538092494], [110.30810842625223, 1.503551231757066], [110.30810617957837, 1.5035512316838513], [110.3081061796511, 1.5035489706577636], [110.30810393297726, 1.5035489705845528], [110.30810393312274, 1.5035444485323501], [110.30810168644888, 1.5035444484591487], [110.3081016856487, 1.5035693197461848]]]}}, {"type": "Feature", "properties": {"height": 0.5, "depth": 0.5, "timestep": "1130", "timestep_label": "11:30"}, "geometry": {"type": "Polygon", "coordinates": [[[110.30736253005996, 1.5035670345621779], [110.30737376342805, 1.5035670349303862], [110.30737376364755, 1.5035602518528484], [110.30737601032115, 1.5035602519264855], [110.30737601054065, 1.5035534688489403], [110.30737825721427, 1.5035534689225643], [110.30737825743374, 1.5035466858450226], [110.30738050410734, 1.5035466859186268], [110.30738050425366, 1.503542163866933], [110.30737825758005, 1.5035421637933095], [110.30737825765321, 1.5035399027674514], [110.30737601097961, 1.5035399026938245], [110.30737601105275, 1.503537641667973], [110.30737376437915, 1.503537641594363], [110.30737376445231, 1.5035353805684943], [110.3073715177787, 1.5035353804948706], [110.30737151785185, 1.5035331194690176], [110.30736702450467, 1.5035331193217631], [110.30736702457781, 1.5035308582959144], [110.30736477790421, 1.5035308582222782], [110.30736477783107, 1.5035331192481292], [110.30736253115747, 1.5035331191744927], [110.3073625310843, 1.503535380200347], [110.30736028441069, 1.503535380126723], [110.30736028433753, 1.503537641152578], [110.30735803766393, 1.5035376410789287], [110.30735803759076, 1.503539902104789], [110.30735579091717, 1.5035399020311524], [110.307355790844, 1.503542163056998], [110.3073400641288, 1.5035421625415004], [110.3073400638361, 1.5035512066448598], [110.30733781716249, 1.5035512065712069], [110.30733781686975, 1.5035602506745553], [110.30734006354336, 1.5035602507482049], [110.30734006339699, 1.5035647727998551], [110.30734455674421, 1.5035647729471635], [110.3073445568174, 1.5035625119213456], [110.30735354351184, 1.5035625122159428], [110.30735354343867, 1.5035647732417734], [110.30736253013312, 1.5035647735363455], [110.30736253005996, 1.5035670345621779]]]}}, {"type": "Feature", "properties": {"height": 0.5, "depth": 0.5, "timestep": "1130", "timestep_label": "11:30"}, "geometry": {"type": "Polygon", "coordinates": [[[110.30728389692308, 1.5035534658290235], [110.30729063694383, 1.5035534660500707], [110.30729063709025, 1.503548943998427], [110.30728614374308, 1.5035489438510772], [110.30728614366987, 1.5035512048768946], [110.3072838969963, 1.5035512048032103], [110.30728389692308, 1.5035534658290235]]]}}, {"type": "Feature", "properties": {"height": 0.5, "depth": 0.5, "timestep": "1130", "timestep_label": "11:30"}, "geometry": {"type": "Polygon", "coordinates": [[[110.30730411720496, 1.5035466834146483], [110.30731085722573, 1.5035466836356375], [110.3073108575185, 1.5035376395323108], [110.30731310419209, 1.5035376396059725], [110.30731310470442, 1.503521812425121], [110.30730187133655, 1.50352181205681], [110.30730187140975, 1.5035195510309758], [110.30729962473617, 1.5035195509573298], [110.30729962444337, 1.5035285950606716], [110.30729737776981, 1.5035285949870096], [110.30729737755021, 1.5035353780644953], [110.30729513087664, 1.503535377990833], [110.30729513080344, 1.50353763901665], [110.30729737747701, 1.5035376390903252], [110.30729737740383, 1.50353990011615], [110.3072996240774, 1.5035399001898255], [110.3072996240042, 1.5035421612156556], [110.30730187067778, 1.5035421612893298], [110.30730187060458, 1.5035444223151397], [110.30730411727816, 1.5035444223888212], [110.30730411720496, 1.5035466834146483]]]}}, {"type": "Feature", "properties": {"height": 0.5, "depth": 0.5, "timestep": "1130", "timestep_label": "11:30"}, "geometry": {"type": "Polygon", "coordinates": [[[110.30722773088938, 1.5035285927027109], [110.30723222423649, 1.503528592850112], [110.30723222438296, 1.5035240707984932], [110.3072344710565, 1.5035240708721962], [110.30723447112973, 1.5035218098463707], [110.30723222445619, 1.5035218097726801], [110.30723222438296, 1.5035240707984932], [110.30722997770941, 1.5035240707247857], [110.30722997763617, 1.5035263317506042], [110.30722773096262, 1.5035263316768945], [110.30722773088938, 1.5035285927027109]]]}}, {"type": "Feature", "properties": {"height": 0.5, "depth": 0.5, "timestep": "1130", "timestep_label": "11:30"}, "geometry": {"type": "Polygon", "coordinates": [[[110.3077219993807, 1.503519564782909], [110.30773098607557, 1.5035195650765596], [110.3077309861485, 1.5035173040505785], [110.30773547949593, 1.5035173041973946], [110.30773547956888, 1.5035150431713993], [110.30772873954773, 1.503515042951174], [110.30772873962069, 1.5035127819251926], [110.30772649294698, 1.503512781851757], [110.30772649301991, 1.5035105208257784], [110.3077242463462, 1.5035105207523747], [110.30772424641916, 1.5035082597263778], [110.30771975307174, 1.503508259579565], [110.30771975314468, 1.5035059985535668], [110.30771076644987, 1.503505998259903], [110.30771076652283, 1.5035037372339222], [110.30770851984913, 1.5035037371604836], [110.30770851977617, 1.5035059981864902], [110.30771076644987, 1.503505998259903], [110.30771076637694, 1.5035082592858755], [110.30771301305063, 1.503508259359301], [110.30771301297769, 1.5035105203852857], [110.30771525965139, 1.5035105204586885], [110.30771525957843, 1.5035127814846805], [110.30771750625213, 1.5035127815581157], [110.30771750617919, 1.5035150425840973], [110.30771975285289, 1.5035150426575068], [110.30771975277993, 1.503517303683489], [110.30772199945366, 1.503517303756918], [110.3077219993807, 1.503519564782909]]]}}, {"type": "Feature", "properties": {"height": 0.5, "depth": 0.5, "timestep": "1130", "timestep_label": "11:30"}, "geometry": {"type": "Polygon", "coordinates": [[[110.3078904999113, 1.5035195702856043], [110.30789274658505, 1.503519570358918], [110.3078927466579, 1.5035173093328735], [110.30789049998414, 1.5035173092595504], [110.3078904999113, 1.5035195702856043]]]}}, {"type": "Feature", "properties": {"height": 0.5, "depth": 0.5, "timestep": "1130", "timestep_label": "11:30"}, "geometry": {"type": "Polygon", "coordinates": [[[110.3078837600357, 1.5035150480135602], [110.30788600670947, 1.5035150480868638], [110.30788600678231, 1.503512787060835], [110.30788376010854, 1.5035127869875216], [110.30788376018141, 1.5035105259614687], [110.30788151350764, 1.5035105258881551], [110.30788151343478, 1.5035127869141853], [110.30788376010854, 1.5035127869875216], [110.3078837600357, 1.5035150480135602]]]}}, {"type": "Feature", "properties": {"height": 0.5, "depth": 0.5, "timestep": "1130", "timestep_label": "11:30"}, "geometry": {"type": "Polygon", "coordinates": [[[110.30789499362307, 1.5035082653020144], [110.30790173364437, 1.5035082655219427], [110.3079017337172, 1.5035060044958937], [110.30790398039096, 1.5035060045692075], [110.30790398046382, 1.5035037435431537], [110.30790622713758, 1.503503743616467], [110.30790622742894, 1.5034946995122536], [110.3079084741027, 1.5034946995855416], [110.30790847424836, 1.5034901775334206], [110.30791072092212, 1.5034901776067306], [110.30791072099495, 1.5034879165806665], [110.30790398097368, 1.5034879163607864], [110.30790398090085, 1.5034901773868286], [110.30789948755333, 1.5034901772402136], [110.3078994874805, 1.5034924382662662], [110.30789724080674, 1.5034924381929629], [110.3078972407339, 1.5034946992190277], [110.30789499406013, 1.5034946991457139], [110.30789499362307, 1.5035082653020144]]]}}, {"type": "Feature", "properties": {"height": 0.5, "depth": 0.5, "timestep": "1130", "timestep_label": "11:30"}, "geometry": {"type": "Polygon", "coordinates": [[[110.30764785973253, 1.5035014741517043], [110.30765235307989, 1.5035014742986061], [110.30765235315285, 1.5034992132726481], [110.30765459982653, 1.5034992133460932], [110.30765459989952, 1.5034969523201298], [110.3076478598785, 1.5034969520997767], [110.30764785973253, 1.5035014741517043]]]}}, {"type": "Feature", "properties": {"height": 0.5, "depth": 0.5, "timestep": "1130", "timestep_label": "11:30"}, "geometry": {"type": "Polygon", "coordinates": [[[110.30777142729632, 1.50348565100768], [110.30777367397003, 1.5034856510810413], [110.30777367404292, 1.5034833900550217], [110.30777816739035, 1.5034833902017708], [110.30777816731744, 1.5034856512277968], [110.30778490733857, 1.5034856514479198], [110.30778490755728, 1.5034788683698375], [110.30777816753617, 1.503478868149733], [110.30777816760906, 1.5034766071237229], [110.30777367426165, 1.5034766069769705], [110.30777367433456, 1.5034743459509448], [110.30777142766087, 1.50347434587757], [110.30777142773377, 1.5034720848515533], [110.30776693438636, 1.5034720847048137], [110.30776693424053, 1.5034766067568344], [110.30776468756684, 1.50347660668346], [110.307764687421, 1.5034811287354999], [110.30776693409472, 1.5034811288088739], [110.3077669340218, 1.5034833898348918], [110.30777142736922, 1.5034833899816566], [110.30777142729632, 1.50348565100768]]]}}, {"type": "Feature", "properties": {"height": 0.5, "depth": 0.5, "timestep": "1130", "timestep_label": "11:30"}, "geometry": {"type": "Polygon", "coordinates": [[[110.30770627405083, 1.5034766047751704], [110.30771076739819, 1.503476604922009], [110.30771076761702, 1.5034698218439977], [110.30770627426968, 1.5034698216971756], [110.30770627405083, 1.5034766047751704]]]}}, {"type": "Feature", "properties": {"height": 0.5, "depth": 0.5, "timestep": "1130", "timestep_label": "11:30"}, "geometry": {"type": "Polygon", "coordinates": [[[110.30768830131795, 1.5034562549538681], [110.3076927946653, 1.5034562551006931], [110.30769279473823, 1.5034539940746965], [110.30768830139091, 1.5034539939278708], [110.30768830131795, 1.5034562549538681]]]}}, {"type": "Feature", "properties": {"height": 0.5, "depth": 0.5, "timestep": "1130", "timestep_label": "11:30"}, "geometry": {"type": "Polygon", "coordinates": [[[110.3077220016418, 1.5034494729769337], [110.3077309883365, 1.5034494732704862], [110.30773098840943, 1.5034472122444746], [110.3077332350831, 1.503447212317862], [110.30773323515602, 1.503444951291833], [110.30772874180866, 1.5034449511450712], [110.30772874188159, 1.503442690119044], [110.30772424853424, 1.5034426899722624], [110.30772424860719, 1.5034404289462535], [110.30772200193351, 1.5034404288728567], [110.3077220018606, 1.5034426898988758], [110.30771975518692, 1.5034426898254882], [110.30771975504108, 1.5034472118775217], [110.30772200171474, 1.5034472119509092], [110.3077220016418, 1.5034494729769337]]]}}, {"type": "Feature", "properties": {"height": 0.5, "depth": 0.5, "timestep": "1130", "timestep_label": "11:30"}, "geometry": {"type": "Polygon", "coordinates": [[[110.30766583625928, 1.5034042506215004], [110.30766808293289, 1.5034042506949261], [110.30766808300584, 1.5034019896689104], [110.3076725763531, 1.5034019898157176], [110.30767257642603, 1.5033997287896999], [110.30767482309966, 1.5033997288631038], [110.3076748231726, 1.5033974678370845], [110.30767032982534, 1.5033974676902557], [110.30767032989829, 1.5033952066642478], [110.30766808322466, 1.5033952065908445], [110.30766808315173, 1.503397467616856], [110.30766583647811, 1.5033974675434547], [110.30766583640516, 1.503399728569474], [110.30766358973153, 1.5033997284960576], [110.30766358965859, 1.5034019895220878], [110.30766583633222, 1.503401989595497], [110.30766583625928, 1.5034042506215004]]]}}, {"type": "Feature", "properties": {"height": 0.5, "depth": 0.5, "timestep": "1130", "timestep_label": "11:30"}, "geometry": {"type": "Polygon", "coordinates": [[[110.30769953658255, 1.5033974686444427], [110.30770178325618, 1.5033974687178435], [110.3077017833291, 1.5033952076917974], [110.30769953665546, 1.5033952076184194], [110.30769953658255, 1.5033974686444427]]]}}, {"type": "Feature", "properties": {"height": 0.5, "depth": 0.5, "timestep": "1130", "timestep_label": "11:30"}, "geometry": {"type": "Polygon", "coordinates": [[[110.30767482353728, 1.5033861627069505], [110.3076770702109, 1.5033861627803375], [110.30767707028383, 1.503383901754323], [110.3076748236102, 1.5033839016809225], [110.30767482353728, 1.5033861627069505]]]}}, {"type": "Feature", "properties": {"height": 0.5, "depth": 0.5, "timestep": "1130", "timestep_label": "11:30"}, "geometry": {"type": "Polygon", "coordinates": [[[110.30769055039848, 1.5033816411686478], [110.30769729041936, 1.5033816413888004], [110.3076972905652, 1.5033771193367251], [110.30769504389157, 1.5033771192633376], [110.30769504396449, 1.5033748582372977], [110.30769279729087, 1.50337485816392], [110.30769279750962, 1.5033680750857845], [110.30769504418322, 1.5033680751591596], [110.30769504425616, 1.5033658141331232], [110.30769279758253, 1.5033658140597488], [110.30769279765545, 1.5033635530336917], [110.30769504432907, 1.5033635531070764], [110.30769504440198, 1.503361292081037], [110.30769279772836, 1.5033612920076498], [110.30769279765545, 1.5033635530336917], [110.307683810961, 1.5033635527401576], [110.30768381088807, 1.5033658137662083], [110.30767931754086, 1.5033658136194177], [110.30767931739503, 1.5033703356715045], [110.30768156406863, 1.5033703357449042], [110.3076815639957, 1.5033725967709315], [110.30768381066932, 1.503372596844322], [110.30768381074223, 1.5033703358182857], [110.30769055076308, 1.5033703360384385], [110.30769055039848, 1.5033816411686478]]]}}, {"type": "Feature", "properties": {"height": 0.5, "depth": 0.5, "timestep": "1130", "timestep_label": "11:30"}, "geometry": {"type": "Polygon", "coordinates": [[[110.30727491586437, 1.5033793665434068], [110.30727716253784, 1.5033793666170436], [110.30727716261102, 1.5033771055911418], [110.30727491593753, 1.5033771055175238], [110.30727491586437, 1.5033793665434068]]]}}, {"type": "Feature", "properties": {"height": 0.5, "depth": 0.5, "timestep": "1130", "timestep_label": "11:30"}, "geometry": {"type": "Polygon", "coordinates": [[[110.30728165625058, 1.5033680616347866], [110.30728390292407, 1.5033680617084018], [110.30728390314351, 1.5033612786306882], [110.30728165647004, 1.503361278557074], [110.30728165625058, 1.5033680616347866]]]}}, {"type": "Feature", "properties": {"height": 0.5, "depth": 0.5, "timestep": "1130", "timestep_label": "11:30"}, "geometry": {"type": "Polygon", "coordinates": [[[110.30770852422495, 1.5033680755994367], [110.30771077089857, 1.503368075672815], [110.30771077097147, 1.5033658146467717], [110.3077130176451, 1.503365814720134], [110.3077130177909, 1.5033612926680322], [110.3077107711173, 1.503361292594657], [110.30771077104438, 1.5033635536207086], [110.30770852437077, 1.5033635535473342], [110.30770852422495, 1.5033680755994367]]]}}, {"type": "Feature", "properties": {"height": 0.5, "depth": 0.5, "timestep": "1130", "timestep_label": "11:30"}, "geometry": {"type": "Polygon", "coordinates": [[[110.30770627777007, 1.5033612924479045], [110.30770852444367, 1.5033612925212922], [110.30770852451657, 1.5033590314952356], [110.30770627784297, 1.5033590314218608], [110.30770627777007, 1.5033612924479045]]]}}, {"type": "Feature", "properties": {"height": 0.5, "depth": 0.5, "timestep": "1130", "timestep_label": "11:30"}, "geometry": {"type": "Polygon", "coordinates": [[[110.30728390321667, 1.5033590176047813], [110.30728614989015, 1.5033590176783924], [110.30728614996329, 1.5033567566524773], [110.30728390328981, 1.503356756578866], [110.30728390321667, 1.5033590176047813]]]}}, {"type": "Feature", "properties": {"height": 0.5, "depth": 0.5, "timestep": "1130", "timestep_label": "11:30"}, "geometry": {"type": "Polygon", "coordinates": [[[110.30766808446452, 1.5033567691482939], [110.30767033113814, 1.5033567692216756], [110.30767033142983, 1.5033477251174976], [110.30766808475623, 1.5033477250441167], [110.30766808461038, 1.5033522470962053], [110.30766583793678, 1.5033522470228016], [110.30766583786387, 1.5033545080488437], [110.30766808453745, 1.5033545081222472], [110.30766808446452, 1.5033567691482939]]]}}, {"type": "Feature", "properties": {"height": 0.5, "depth": 0.5, "timestep": "1130", "timestep_label": "11:30"}, "geometry": {"type": "Polygon", "coordinates": [[[110.30812415246015, 1.5035670594521593], [110.30812639913404, 1.5035670595253707], [110.30812639920677, 1.5035647984992837], [110.30812415253288, 1.5035647984260663], [110.30812415246015, 1.5035670594521593]]]}}, {"type": "Feature", "properties": {"height": 0.5, "depth": 0.5, "timestep": "1130", "timestep_label": "11:30"}, "geometry": {"type": "Polygon", "coordinates": [[[110.30826569364231, 1.5035444537997829], [110.30827018699016, 1.5035444539459977], [110.3082701870628, 1.5035421929198325], [110.30826794038887, 1.503542192846733], [110.30826794053418, 1.503537670794421], [110.30826569386026, 1.5035376707212955], [110.30826569429613, 1.503524104564333], [110.30826344762222, 1.5035241044912204], [110.30826344776749, 1.503519582438884], [110.30826569444139, 1.5035195825119962], [110.30826569451405, 1.5035173214858215], [110.30826794118792, 1.5035173215589335], [110.30826794126057, 1.5035150605327603], [110.30826569458667, 1.503515060459661], [110.30826569465931, 1.5035127994334894], [110.30826344798541, 1.503512799360387], [110.30826344805804, 1.503510538334223], [110.30826120138417, 1.5035105382611205], [110.30826120145679, 1.5035082772349397], [110.30825895478291, 1.5035082771618407], [110.30825895485556, 1.5035060161356673], [110.30825446150777, 1.5035060159894622], [110.30825446143513, 1.5035082770156358], [110.30825221476125, 1.5035082769425334], [110.30825221439802, 1.5035195820733556], [110.30825446107193, 1.503519582146468], [110.30825446092663, 1.5035241041987883], [110.30825670760052, 1.5035241042719039], [110.30825670745523, 1.5035286263242211], [110.30825446078134, 1.5035286262511094], [110.3082544607087, 1.5035308872772706], [110.3082522140348, 1.5035308872041557], [110.30825221396213, 1.5035331482303151], [110.30824996728823, 1.5035331481572094], [110.30824996721559, 1.5035354091833515], [110.3082544605634, 1.5035354093295887], [110.30825446049074, 1.5035376703557515], [110.30826344718635, 1.5035376706481967], [110.30826344704107, 1.5035421927004966], [110.30826569371499, 1.503542192773618], [110.30826569364231, 1.5035444537997829]]]}}, {"type": "Feature", "properties": {"height": 0.5, "depth": 0.5, "timestep": "1130", "timestep_label": "11:30"}, "geometry": {"type": "Polygon", "coordinates": [[[110.30859370876591, 1.5035218541975228], [110.30860044878794, 1.5035218544162516], [110.3086004488604, 1.503519593389976], [110.30860269553442, 1.5035195934628705], [110.3086026956793, 1.5035150714103191], [110.30860044900527, 1.5035150713374088], [110.30860044907773, 1.503512810311113], [110.30859820240372, 1.5035128102382185], [110.30859820254861, 1.5035082881856388], [110.30859595587461, 1.5035082881127282], [110.30859595594706, 1.5035060270864409], [110.30859370927305, 1.5035060270135394], [110.3085937093455, 1.5035037659872514], [110.3085914626715, 1.5035037659143504], [110.30859146259904, 1.503506026940626], [110.30858921592505, 1.5035060268677154], [110.30858921578016, 1.5035105489202791], [110.30858696910616, 1.5035105488473623], [110.30858696903371, 1.50351280987364], [110.30858472235971, 1.5035128098007362], [110.3085847222148, 1.50351733185329], [110.3085892155628, 1.5035173319991177], [110.30858921549036, 1.5035195930253944], [110.30859370883837, 1.5035195931712348], [110.30859370876591, 1.5035218541975228]]]}}, {"type": "Feature", "properties": {"height": 0.5, "depth": 0.5, "timestep": "1130", "timestep_label": "11:30"}, "geometry": {"type": "Polygon", "coordinates": [[[110.30858022908417, 1.5035105486286175], [110.30858247575816, 1.5035105487015443], [110.3085824758306, 1.503508287675255], [110.30858022915663, 1.5035082876023382], [110.30858022908417, 1.5035105486286175]]]}}, {"type": "Feature", "properties": {"height": 0.5, "depth": 0.5, "timestep": "1130", "timestep_label": "11:30"}, "geometry": {"type": "Polygon", "coordinates": [[[110.30857798255508, 1.5035060265031401], [110.30858022922907, 1.5035060265760667], [110.30858022944642, 1.5034992434972088], [110.30857798277243, 1.503499243424308], [110.30857798306224, 1.5034901993191478], [110.30858022973621, 1.5034901993920649], [110.30858023002598, 1.5034811552869103], [110.30857798335202, 1.5034811552140004], [110.30857798364181, 1.5034721111088345], [110.30857573696782, 1.503472111035911], [110.30857573725758, 1.5034630669307154], [110.30857349058361, 1.5034630668578337], [110.30857349080095, 1.5034562837789132], [110.30857124412698, 1.503456283706009], [110.30857124419943, 1.503454022679713], [110.30856899752547, 1.5034540226068118], [110.3085689975979, 1.5034517615804923], [110.30856675092394, 1.5034517615075977], [110.30856675099638, 1.503449500481295], [110.30856450432242, 1.5034495004083848], [110.30856450439487, 1.503447239382078], [110.30856225772092, 1.5034472393091607], [110.30856225779335, 1.5034449782828652], [110.3085600111194, 1.5034449782099737], [110.30856001119184, 1.5034427171836604], [110.3085577645179, 1.5034427171107594], [110.30855776437302, 1.5034472391633613], [110.30855551769905, 1.5034472390904479], [110.30855551755415, 1.5034517611430438], [110.3085532708802, 1.5034517610701363], [110.30855327059038, 1.5034608051753136], [110.30855551726435, 1.5034608052482372], [110.3085555171919, 1.5034630662745354], [110.30855776386585, 1.5034630663474455], [110.30855776372096, 1.5034675884000308], [110.30856001039491, 1.5034675884729451], [110.30856001017756, 1.5034743715518268], [110.30856225685154, 1.5034743716247407], [110.30856225670664, 1.503478893677308], [110.30856450338061, 1.503478893750225], [110.30856450316324, 1.5034856768290843], [110.30856674983723, 1.5034856769020015], [110.30856674961987, 1.5034924599808512], [110.30856899629384, 1.503492460053781], [110.30856899622138, 1.503494721080062], [110.30857124289537, 1.5034947211529854], [110.30857124282292, 1.5034969821792634], [110.30857348949691, 1.5034969822521804], [110.30857348942446, 1.5034992432784644], [110.30857573609843, 1.5034992433513912], [110.30857573602599, 1.503501504377673], [110.30857798269999, 1.503501504450574], [110.30857798255508, 1.5035060265031401]]]}}, {"type": "Feature", "properties": {"height": 0.5, "depth": 0.5, "timestep": "1130", "timestep_label": "11:30"}, "geometry": {"type": "Polygon", "coordinates": [[[110.30824322842895, 1.5034969715192432], [110.3082477217767, 1.5034969716654543], [110.30824772184934, 1.50349471063929], [110.3082499685232, 1.503494710712389], [110.30824996859585, 1.5034924496862199], [110.30825221526973, 1.5034924497593196], [110.30825221556027, 1.503483405654606], [110.30824772221251, 1.5034834055084232], [110.30824772199462, 1.5034901885869336], [110.30824547532075, 1.5034901885138412], [110.30824547517545, 1.503494710566178], [110.30824322850158, 1.5034947104930718], [110.30824322842895, 1.5034969715192432]]]}}, {"type": "Feature", "properties": {"height": 0.5, "depth": 0.5, "timestep": "1130", "timestep_label": "11:30"}, "geometry": {"type": "Polygon", "coordinates": [[[110.30823649000537, 1.5034472287239486], [110.30824098335306, 1.503447228870147], [110.30824098342569, 1.5034449678439505], [110.30824323009954, 1.5034449679170494], [110.30824323017215, 1.5034427068908351], [110.30823649015063, 1.5034427066715588], [110.30823649000537, 1.5034472287239486]]]}}, {"type": "Feature", "properties": {"height": 0.5, "depth": 0.5, "timestep": "1130", "timestep_label": "11:30"}, "geometry": {"type": "Polygon", "coordinates": [[[110.30881163860693, 1.503444986367487], [110.30881388528097, 1.5034449864402415], [110.30881388535326, 1.5034427254138525], [110.30881163867922, 1.503442725341089], [110.30881163860693, 1.503444986367487]]]}}, {"type": "Feature", "properties": {"height": 0.5, "depth": 0.5, "timestep": "1130", "timestep_label": "11:30"}, "geometry": {"type": "Polygon", "coordinates": [[[110.30822975056489, 1.5034291402951048], [110.30823199723872, 1.5034291403682107], [110.30823199731134, 1.5034268793420145], [110.30822975063751, 1.5034268792689185], [110.30822975056489, 1.5034291402951048]]]}}, {"type": "Feature", "properties": {"height": 0.5, "depth": 0.5, "timestep": "1130", "timestep_label": "11:30"}, "geometry": {"type": "Polygon", "coordinates": [[[110.30883411018881, 1.5032934983240858], [110.30883860353671, 1.5032934984694701], [110.30883860360896, 1.5032912374430032], [110.30884309695686, 1.5032912375883882], [110.30884309702911, 1.5032889765619293], [110.30884983705099, 1.5032889767799784], [110.30884983712322, 1.5032867157535061], [110.30885433047114, 1.503286715898884], [110.30885433054335, 1.503284454872413], [110.30886107056524, 1.503284455090459], [110.30886107063746, 1.5032821940639711], [110.30886556398538, 1.503282194209323], [110.3088655640576, 1.5032799331828302], [110.30887455075344, 1.5032799334735407], [110.30887455082566, 1.503277672447043], [110.30888353752152, 1.5032776727376964], [110.30888353759372, 1.5032754117112268], [110.30889252428959, 1.5032754120018539], [110.30889252436178, 1.503273150975363], [110.30888803101385, 1.5032731508300428], [110.30888803108604, 1.5032708898035447], [110.30888578441208, 1.5032708897308797], [110.30888578448427, 1.5032686287043924], [110.30888353781032, 1.5032686286317372], [110.30888353788251, 1.5032663676052354], [110.30888129120856, 1.5032663675325675], [110.30888129128076, 1.5032641065060706], [110.3088790446068, 1.5032641064334094], [110.308879044679, 1.5032618454069109], [110.30887455133109, 1.5032618452615907], [110.30887455140328, 1.5032595842351004], [110.30886107135959, 1.5032595837990919], [110.30886107128737, 1.5032618448255821], [110.30885882461341, 1.5032618447529171], [110.30885882432457, 1.5032708888588788], [110.30885657765063, 1.5032708887861916], [110.30885657757841, 1.5032731498126741], [110.3088520842305, 1.5032731496673284], [110.30885208408606, 1.5032776717202863], [110.30884983741211, 1.5032776716475984], [110.30884983733988, 1.503279932674074], [110.30884534399198, 1.5032799325287152], [110.30884534391973, 1.503282193555183], [110.30884309724578, 1.5032821934824958], [110.30884309717355, 1.503284454508971], [110.30884085049959, 1.5032844544362831], [110.30884085042737, 1.503286715462767], [110.30883860375341, 1.5032867153900669], [110.30883860368118, 1.503288976416549], [110.30883635700724, 1.503288976343836], [110.30883635693499, 1.503291237370304], [110.30883411026105, 1.5032912372976104], [110.30883411018881, 1.5032934983240858]]]}}, {"type": "Feature", "properties": {"height": 0.5, "depth": 0.5, "timestep": "1130", "timestep_label": "11:30"}, "geometry": {"type": "Polygon", "coordinates": [[[110.30890151278999, 1.5032188866296596], [110.30890375946393, 1.503218886702286], [110.3089037595361, 1.5032166256757609], [110.30890151286215, 1.5032166256031314], [110.30890151307867, 1.503209842523539], [110.30889926640474, 1.5032098424509126], [110.30889926683774, 1.50319627629172], [110.30889702016381, 1.5031962762190803], [110.30889702030815, 1.5031917541660123], [110.30889477363421, 1.5031917540933855], [110.30889477370637, 1.5031894930668432], [110.30889252703247, 1.5031894929942233], [110.30889252710465, 1.5031872319676758], [110.30889028043072, 1.5031872318950619], [110.30889028050288, 1.5031849708685099], [110.30888803382895, 1.5031849707958933], [110.30888803397329, 1.503180448742807], [110.30888578729937, 1.5031804486701772], [110.30888578737154, 1.5031781876436494], [110.30888354069764, 1.50317818757101], [110.30888354076983, 1.5031759265444717], [110.3088812940959, 1.5031759264718414], [110.30888129416806, 1.5031736654452985], [110.30887904749416, 1.503173665372669], [110.30887904756634, 1.5031714043461173], [110.30887680089242, 1.50317140427349], [110.3088768009646, 1.5031691432469603], [110.3088745542907, 1.5031691431743175], [110.30887455443502, 1.5031646211212397], [110.30887230776113, 1.5031646210486], [110.30887230783331, 1.5031623600220618], [110.3088700611594, 1.5031623599494315], [110.30887006130375, 1.5031578378963422], [110.30886781462985, 1.503157837823725], [110.3088678147742, 1.5031533157706227], [110.3088655681003, 1.503153315697993], [110.30886556817248, 1.5031510546714373], [110.30886332149858, 1.5031510545988074], [110.3088633212099, 1.5031600987049805], [110.30886556788377, 1.5031600987776301], [110.30886556752291, 1.5031714039103214], [110.30886781419682, 1.503171403982961], [110.30886781405246, 1.5031759260360298], [110.30887006072638, 1.5031759261086628], [110.30887005971584, 1.5032075804800529], [110.30887230638977, 1.5032075805527056], [110.30887230624539, 1.5032121026057519], [110.30887005957148, 1.5032121025331031], [110.30887005942711, 1.503216624586138], [110.30890151286215, 1.5032166256031314], [110.30890151278999, 1.5032188866296596]]]}}, {"type": "Feature", "properties": {"height": 0.5, "depth": 0.5, "timestep": "1130", "timestep_label": "11:30"}, "geometry": {"type": "Polygon", "coordinates": [[[110.30884310085614, 1.5031691421573448], [110.30885882757339, 1.50316914266586], [110.30885882764557, 1.5031668816393244], [110.30885658097168, 1.503166881566685], [110.30885658104386, 1.5031646205401488], [110.30885433436997, 1.5031646204675089], [110.30885433451432, 1.5031600984144389], [110.30885208784044, 1.5031600983417863], [110.30885208798479, 1.5031555762887243], [110.30885433465868, 1.503155576361367], [110.30885433473087, 1.5031533153348111], [110.30885658140475, 1.5031533154074532], [110.30885658147692, 1.503151054380908], [110.3088588281508, 1.5031510544535476], [110.30885882822298, 1.503148793426991], [110.30886332157075, 1.5031487935722605], [110.30886332164292, 1.5031465325457183], [110.30885658162127, 1.5031465323278193], [110.30885658169345, 1.503144271301276], [110.30884984167179, 1.5031442710833534], [110.30884984174396, 1.5031420100568151], [110.30884310172235, 1.5031420098388966], [110.30884310179452, 1.5031397488123657], [110.30883636177289, 1.503139748594431], [110.3088363618451, 1.5031374875678858], [110.30883411517122, 1.5031374874952461], [110.30883411509902, 1.5031397485217914], [110.30883636177289, 1.503139748594431], [110.30883636148417, 1.5031487927005887], [110.30883860815806, 1.5031487927732414], [110.30883860765275, 1.5031646199589748], [110.30884085432663, 1.5031646200316269], [110.30884085425444, 1.5031668810581509], [110.30884310092833, 1.5031668811308128], [110.30884310085614, 1.5031691421573448]]]}}, {"type": "Feature", "properties": {"height": 0.5, "depth": 0.5, "timestep": "1130", "timestep_label": "11:30"}, "geometry": {"type": "Polygon", "coordinates": [[[110.30882737608798, 1.5031080939321775], [110.30882962276182, 1.5031080940048296], [110.30882962297835, 1.5031013109251667], [110.30882737630449, 1.50310131085254], [110.30882737608798, 1.5031080939321775]]]}}, {"type": "Feature", "properties": {"height": 0.5, "depth": 0.5, "timestep": "1130", "timestep_label": "11:30"}, "geometry": {"type": "Polygon", "coordinates": [[[110.30936657984603, 1.5030448025790812], [110.30937107319401, 1.5030448027236896], [110.30937107326586, 1.5030425416969269], [110.30937331993988, 1.5030425417692213], [110.30937332001172, 1.5030402807424448], [110.3093755666857, 1.503040280814749], [110.30937556675755, 1.5030380197879734], [110.30937781343154, 1.5030380198602744], [110.30937781393438, 1.50302219267282], [110.30936433389046, 1.5030221922390532], [110.30936433381862, 1.503024453265836], [110.30936658049261, 1.5030244533381276], [110.30936658034894, 1.5030289753916808], [110.30936433367495, 1.5030289753193864], [110.30936433353125, 1.5030334973729373], [110.30936658020525, 1.5030334974452286], [110.30936657984603, 1.5030448025790812]]]}}, {"type": "Feature", "properties": {"height": 0.5, "depth": 0.5, "timestep": "1130", "timestep_label": "11:30"}, "geometry": {"type": "Polygon", "coordinates": [[[110.31028107645388, 1.4998432164856863], [110.31028781647132, 1.4998432166977764], [110.31028781654155, 1.4998409556691865], [110.31031028326636, 1.499840956376045], [110.31031028333658, 1.499838695347441], [110.31033050338895, 1.4998386959834968], [110.31033050345917, 1.499836434954888], [110.31035297018407, 1.4998364356615066], [110.31035297053509, 1.4998251305183927], [110.3103507238626, 1.4998251304477341], [110.3103507237924, 1.4998273914763502], [110.31033724375747, 1.4998273910524225], [110.31033724368727, 1.4998296520810441], [110.31032601032484, 1.4998296517277265], [110.31032601025461, 1.499831912756346], [110.31031477689223, 1.4998319124029809], [110.310314776822, 1.4998341734315928], [110.31030129678713, 1.4998341730075149], [110.31030129671687, 1.4998364340361283], [110.3102900633545, 1.4998364336826957], [110.31029006342474, 1.4998341726540851], [110.31028332340733, 1.499834172442011], [110.31028332347758, 1.4998319114134218], [110.3102810768051, 1.499831911342728], [110.31028107687534, 1.4998296503141342], [110.31027658353041, 1.499829650172744], [110.31027658360065, 1.4998273891441416], [110.31026984358327, 1.4998273889320548], [110.31026984351303, 1.4998296499606443], [110.31027209018548, 1.4998296500313508], [110.31027209004499, 1.4998341720885306], [110.31028107673485, 1.4998341723713269], [110.31028107645388, 1.4998432164856863]]]}}, {"type": "Feature", "properties": {"height": 0.5, "depth": 0.5, "timestep": "1130", "timestep_label": "11:30"}, "geometry": {"type": "Polygon", "coordinates": [[[110.31024288470815, 1.4997889505974693], [110.31024962472544, 1.4997889508095597], [110.31024962479569, 1.499786689780966], [110.31025411814055, 1.4997866899223466], [110.3102541182108, 1.499784428893739], [110.31025636488323, 1.4997844289644369], [110.31025636495347, 1.4997821679358176], [110.31024513159133, 1.499782167582359], [110.31024513152109, 1.4997844286109678], [110.31024063817623, 1.499784428469555], [110.31024063810597, 1.4997866894981693], [110.31024288477839, 1.4997866895688658], [110.31024288470815, 1.4997889505974693]]]}}, {"type": "Feature", "properties": {"height": 0.5, "depth": 0.5, "timestep": "1130", "timestep_label": "11:30"}, "geometry": {"type": "Polygon", "coordinates": [[[110.31025861162591, 1.4997821680064982], [110.31026085829834, 1.4997821680771948], [110.31026085836858, 1.4997799070485975], [110.31025861169614, 1.4997799069779012], [110.31025861162591, 1.4997821680064982]]]}}, {"type": "Feature", "properties": {"height": 0.5, "depth": 0.5, "timestep": "1130", "timestep_label": "11:30"}, "geometry": {"type": "Polygon", "coordinates": [[[110.31022041931875, 1.4997459903468702], [110.31022266599115, 1.4997459904175767], [110.31022266613164, 1.4997414683603378], [110.31022041945926, 1.499741468289622], [110.31022041931875, 1.4997459903468702]]]}}, {"type": "Feature", "properties": {"height": 0.5, "depth": 0.5, "timestep": "1130", "timestep_label": "11:30"}, "geometry": {"type": "Polygon", "coordinates": [[[110.31024962655161, 1.499730164065447], [110.31025187322402, 1.499730164136118], [110.31025187329425, 1.499727903107493], [110.31025411996664, 1.4997279031781638], [110.31025412003687, 1.4997256421495242], [110.31025861338166, 1.4997256422908676], [110.3102586134519, 1.4997233812622324], [110.31026086012427, 1.499723381332894], [110.3102608601945, 1.4997211203042577], [110.3102631068669, 1.4997211203749161], [110.31026310693713, 1.4997188593462754], [110.31026535360951, 1.4997188594169366], [110.31026535367972, 1.4997165983883078], [110.31026984702453, 1.4997165985296252], [110.31026984709474, 1.4997143375009747], [110.31027209376713, 1.4997143375716366], [110.31027209383734, 1.499712076542989], [110.31027434050975, 1.4997120766136438], [110.31027434057994, 1.4997098155850033], [110.31027883392474, 1.4997098157263107], [110.31027883399493, 1.4997075546976633], [110.31028108066734, 1.4997075547683087], [110.31028108073754, 1.4997052937396491], [110.31028332740993, 1.499705293810308], [110.31028332748015, 1.4997030327816443], [110.31028782082493, 1.499703032922936], [110.31028782089513, 1.4997007718942803], [110.31029006756752, 1.4997007719649165], [110.31029006763772, 1.4996985109362657], [110.31029231431012, 1.4996985110068894], [110.3102923143803, 1.4996962499782276], [110.3102968077251, 1.4996962501195064], [110.31029680779528, 1.4996939890908527], [110.31029905446768, 1.4996939891614856], [110.31029905453786, 1.4996917281328237], [110.31030130121027, 1.4996917282034476], [110.31030130128046, 1.4996894671747845], [110.31030579462524, 1.4996894673160535], [110.31030579469541, 1.4996872062873763], [110.31030804136782, 1.4996872063580091], [110.31030804143799, 1.4996849453293275], [110.31031028811039, 1.4996849453999606], [110.31031028818057, 1.499682684371277], [110.31031478152535, 1.4996826845125404], [110.31031478159552, 1.499680423483852], [110.31031702826792, 1.4996804235544852], [110.31031702833808, 1.4996781625258055], [110.31031927501047, 1.499678162596416], [110.31031927508064, 1.4996759015677315], [110.31032152175304, 1.4996759016383552], [110.31032152189339, 1.4996713795809877], [110.3103170285486, 1.4996713794397567], [110.31031702861877, 1.4996691184110704], [110.31030804192923, 1.499669118128573], [110.31030804185906, 1.4996713791572562], [110.31030354851428, 1.4996713790160117], [110.3103035484441, 1.4996736400446897], [110.31029680842695, 1.4996736398327903], [110.31029680835677, 1.49967590086148], [110.31028782166725, 1.499675900578944], [110.31028782159706, 1.499678161607616], [110.3102810815799, 1.4996781613956878], [110.3102810815097, 1.4996804224243554], [110.31027209482018, 1.4996804221417843], [110.31027209474998, 1.4996826831704597], [110.31026535473283, 1.4996826829584966], [110.31026535466265, 1.4996849439871445], [110.31025636797314, 1.4996849437045288], [110.31025636790294, 1.4996872047331893], [110.3102496278858, 1.499687204521213], [110.31024962781558, 1.4996894655498678], [110.31024288779845, 1.4996894653378627], [110.31024288772822, 1.4996917263665168], [110.31024962774538, 1.499691726578506], [110.31024962760493, 1.4996962486358179], [110.31025412094971, 1.4996962487771446], [110.31025412087948, 1.4996985098058004], [110.31025861422425, 1.499698509947115], [110.31025861415404, 1.4997007709757662], [110.31026310749881, 1.4997007711171053], [110.31026310742861, 1.4997030321457514], [110.31026086075622, 1.4997030320751021], [110.3102608606158, 1.4997075541323779], [110.3102586139434, 1.4997075540617197], [110.31025861380297, 1.4997120761190177], [110.31025636713058, 1.4997120760483496], [110.31025636699015, 1.4997165981056353], [110.31025412031775, 1.4997165980349727], [110.31025412010709, 1.4997233811208794], [110.31025187343468, 1.4997233810502084], [110.31025187329425, 1.499727903107493], [110.31024962662184, 1.4997279030368051], [110.31024962655161, 1.499730164065447]]]}}, {"type": "Feature", "properties": {"height": 0.5, "depth": 0.5, "timestep": "1130", "timestep_label": "11:30"}, "geometry": {"type": "Polygon", "coordinates": [[[110.3100631663757, 1.4992915186319118], [110.31006541304778, 1.499291518702549], [110.31006541339872, 1.4992802135586543], [110.31006316672664, 1.4992802134880203], [110.31006316679681, 1.499277952459235], [110.31006092012474, 1.499277952388601], [110.31006092019493, 1.4992756913598084], [110.31005867352286, 1.4992756912891811], [110.3100586736632, 1.4992711692316134], [110.31005642699114, 1.4992711691609695], [110.31005642706133, 1.4992689081321757], [110.31005418038924, 1.4992689080615638], [110.31005418045943, 1.4992666470327656], [110.31005193378738, 1.4992666469621188], [110.31005193385757, 1.4992643859333288], [110.3100496871855, 1.4992643858627166], [110.31004968732587, 1.4992598638051378], [110.3100474406538, 1.4992598637344905], [110.31004744072399, 1.4992576027057118], [110.31004519405194, 1.4992576026350746], [110.31004519412211, 1.4992553416062817], [110.3100249740736, 1.4992553409705127], [110.3100249740034, 1.4992576019992931], [110.31002722067547, 1.4992576020699309], [110.31002722060528, 1.499259863098719], [110.3100294672773, 1.499259863169366], [110.31002946713693, 1.4992643852269318], [110.310031713809, 1.4992643852975662], [110.3100317137388, 1.4992666463263564], [110.31003396041085, 1.4992666463969937], [110.31003396034065, 1.4992689074257801], [110.31003620701271, 1.499268907496427], [110.31003620694251, 1.499271168525208], [110.31003845361458, 1.4992711685958455], [110.31003845354438, 1.4992734296246375], [110.31004070021646, 1.499273429695272], [110.31004070014626, 1.4992756907240505], [110.31004294681833, 1.4992756907946971], [110.31004294667795, 1.4992802128522489], [110.31004519335002, 1.499280212922896], [110.31004519327982, 1.4992824739516597], [110.3100474399519, 1.4992824740223232], [110.31004743988171, 1.4992847350510918], [110.31004968655378, 1.499284735121752], [110.31004968648358, 1.499286996150522], [110.31006091984399, 1.4992869965037119], [110.3100609197738, 1.4992892575325034], [110.3100631664459, 1.4992892576031378], [110.3100631663757, 1.4992915186319118]]]}}, {"type": "Feature", "properties": {"height": 0.5, "depth": 0.5, "timestep": "1130", "timestep_label": "11:30"}, "geometry": {"type": "Polygon", "coordinates": [[[110.31035297025429, 1.499834174632874], [110.31037319030676, 1.499834175268709], [110.31037319037696, 1.499831914240062], [110.31039341042948, 1.4998319148757857], [110.31039341049966, 1.499829653847144], [110.31039790384467, 1.4998296539883966], [110.31039790391486, 1.4998273929597503], [110.31040015058736, 1.4998273930303834], [110.3104001507277, 1.499822870973105], [110.31039790405521, 1.4998228709024852], [110.31039790412537, 1.4998206098738402], [110.31039565745287, 1.4998206098032205], [110.31039565752305, 1.4998183487745842], [110.31038442416056, 1.4998183484214487], [110.31038442409037, 1.4998206094500854], [110.3103731907279, 1.499820609096918], [110.31037319065773, 1.4998228701255436], [110.31036195729526, 1.4998228697723477], [110.31036195722506, 1.4998251308009747], [110.31035297053509, 1.4998251305183927], [110.31035297025429, 1.499834174632874]]]}}, {"type": "Feature", "properties": {"height": 0.5, "depth": 0.5, "timestep": "1130", "timestep_label": "11:30"}, "geometry": {"type": "Polygon", "coordinates": [[[110.31074389533715, 1.4997030472373423], [110.31075063535481, 1.4997030474484865], [110.31075063549467, 1.49969852539085], [110.31074838882212, 1.499698525320466], [110.31074838889207, 1.4996962642916425], [110.31074389554696, 1.4996962641508944], [110.31074389533715, 1.4997030472373423]]]}}, {"type": "Feature", "properties": {"height": 0.5, "depth": 0.5, "timestep": "1130", "timestep_label": "11:30"}, "geometry": {"type": "Polygon", "coordinates": [[[110.31076861202065, 1.4995967796556424], [110.31077085869316, 1.4995967797259784], [110.3107708589028, 1.4995899966393318], [110.31077310557531, 1.4995899967096677], [110.31077310578493, 1.4995832136230434], [110.31077535245744, 1.4995832136933571], [110.31077535259718, 1.499578691635599], [110.31077759926967, 1.499578691705909], [110.3107775994793, 1.4995719086192667], [110.31078209282425, 1.4995719087599], [110.3107820927544, 1.4995741697887923], [110.31078433942687, 1.499574169859102], [110.31078433935703, 1.4995764308879898], [110.31078658602951, 1.4995764309583128], [110.31078658609937, 1.4995741699294163], [110.31078883277186, 1.4995741699997265], [110.31078883284174, 1.499571908970847], [110.31079332618673, 1.4995719091114645], [110.31079332653601, 1.4995606039669789], [110.31079107986353, 1.4995606038966809], [110.31079107979367, 1.4995628649255746], [110.31078883312118, 1.4995628648552641], [110.31078883305132, 1.499565125884162], [110.31078209303386, 1.4995651256732276], [110.31078209310373, 1.499562864644346], [110.31078433977622, 1.4995628647146435], [110.31078433991594, 1.4995583426568462], [110.31078209324345, 1.499558342586548], [110.31078209331332, 1.4995560815576559], [110.31077984664084, 1.499556081487333], [110.31077984678058, 1.4995515594295519], [110.3107776001081, 1.4995515593592161], [110.31077760017796, 1.4995492983303351], [110.31077535350548, 1.499549298260024], [110.31077535364523, 1.4995447762022285], [110.31077310697275, 1.4995447761319183], [110.31077310711247, 1.4995402540741105], [110.31077086044, 1.4995402540037996], [110.31077086050986, 1.4995379929748924], [110.3107686138374, 1.4995379929046044], [110.31076861411684, 1.4995289487889771], [110.31076636744439, 1.4995289487186665], [110.31076636765398, 1.499522165631955], [110.31076412098152, 1.4995221655616577], [110.31076412105139, 1.499519904532754], [110.31076187437894, 1.4995199044624306], [110.3107618744488, 1.499517643433529], [110.3107573811039, 1.4995176432929047], [110.31075738117377, 1.499515382263998], [110.31075288782887, 1.4995153821233644], [110.31075288789873, 1.499513121094459], [110.31074839455384, 1.4995131209538413], [110.31074839427437, 1.499522165069446], [110.31074614760192, 1.4995221649991355], [110.31074614753204, 1.499524426028025], [110.3107483942045, 1.4995244260983447], [110.31074839406475, 1.4995289481561478], [110.3107506407372, 1.4995289482264584], [110.31075064059745, 1.4995334702842553], [110.3107528872699, 1.4995334703545857], [110.31075288713016, 1.4995379924123706], [110.31075513380262, 1.4995379924826806], [110.31075513366288, 1.4995425145404853], [110.31075738033535, 1.499542514610808], [110.3107573801956, 1.4995470366685946], [110.31075962686806, 1.4995470367389176], [110.31075962672831, 1.4995515587966912], [110.31076187340078, 1.4995515588670274], [110.31076187326101, 1.4995560809248014], [110.31076411993351, 1.4995560809951245], [110.31076411972388, 1.4995628640817797], [110.31076636639636, 1.4995628641521028], [110.31076636590723, 1.4995786913543072], [110.31076861257972, 1.4995786914246267], [110.31076861202065, 1.4995967796556424]]]}}, {"type": "Feature", "properties": {"height": 0.5, "depth": 0.5, "timestep": "1130", "timestep_label": "11:30"}, "geometry": {"type": "Polygon", "coordinates": [[[110.31079782064934, 1.4995357327896277], [110.31080006732184, 1.4995357328599128], [110.31080006746151, 1.4995312108020995], [110.31080231413398, 1.4995312108723837], [110.31080231420383, 1.4995289498434965], [110.31080456087629, 1.4995289499137683], [110.31080456101598, 1.49952442785593], [110.31080905436092, 1.499524427996503], [110.31080905443076, 1.4995221669675791], [110.3108068077583, 1.4995221668972947], [110.31080680782811, 1.4995199058683777], [110.31080456115566, 1.4995199057981061], [110.3108045612255, 1.4995176447691654], [110.3107978212081, 1.4995176445583205], [110.31079782064934, 1.4995357327896277]]]}}, {"type": "Feature", "properties": {"height": 0.5, "depth": 0.5, "timestep": "1130", "timestep_label": "11:30"}, "geometry": {"type": "Polygon", "coordinates": [[[110.31081804112065, 1.4995221672486991], [110.31082028779312, 1.4995221673189842], [110.31082028786295, 1.4995199062900715], [110.3108225345354, 1.49951990636034], [110.31082253460525, 1.4995176453314], [110.3108247812777, 1.4995176454016852], [110.310824781557, 1.4995086012859604], [110.31082702822948, 1.49950860135622], [110.31082702843894, 1.499501818269424], [110.31082253509402, 1.4995018181288857], [110.3108225350242, 1.4995040791578207], [110.31082028835172, 1.4995040790875585], [110.31082028821208, 1.4995086011454128], [110.31081804153962, 1.4995086010751506], [110.31081804112065, 1.4995221672486991]]]}}, {"type": "Feature", "properties": {"height": 0.5, "depth": 0.5, "timestep": "1130", "timestep_label": "11:30"}, "geometry": {"type": "Polygon", "coordinates": [[[110.31002272740155, 1.4992553408998655], [110.31004294745006, 1.499255341535647], [110.31004294752023, 1.4992530805068618], [110.31004070084818, 1.4992530804362314], [110.31004070098855, 1.4992485583786506], [110.31003845431651, 1.499248558308], [110.3100384543867, 1.49924629727922], [110.31003620771463, 1.4992462972085823], [110.31003620778482, 1.4992440361797954], [110.31003396111278, 1.4992440361091508], [110.31003396118297, 1.4992417750803488], [110.3100317145109, 1.499241775009724], [110.31003171465127, 1.4992372529521352], [110.31002946797925, 1.499237252881485], [110.31002946804945, 1.4992349918526948], [110.3100272213774, 1.4992349917820604], [110.31002722151777, 1.4992304697244716], [110.31002272817369, 1.4992304695832102], [110.3100227282439, 1.4992282085544024], [110.31002048157185, 1.4992282084837654], [110.31002048164204, 1.4992259474549752], [110.31001823496999, 1.4992259473843372], [110.31001823504019, 1.4992236863555395], [110.31001598836818, 1.4992236862848831], [110.31001598843835, 1.499221425256093], [110.31001374176631, 1.4992214251854588], [110.31001374169614, 1.4992236862142705], [110.31001149502411, 1.4992236861436075], [110.31001149446251, 1.4992417743739144], [110.31001374113455, 1.499241774444561], [110.31001374099417, 1.4992462965021283], [110.3100159876662, 1.4992462965727884], [110.310015987596, 1.4992485576015684], [110.31001823426804, 1.4992485576722059], [110.31001823419784, 1.4992508187009974], [110.3100204808699, 1.4992508187716342], [110.3100204807997, 1.4992530798004302], [110.31002272747175, 1.4992530798710806], [110.31002272740155, 1.4992553408998655]]]}}, {"type": "Feature", "properties": {"height": 0.5, "depth": 0.5, "timestep": "1130", "timestep_label": "11:30"}, "geometry": {"type": "Polygon", "coordinates": [[[110.30999801541313, 1.4992101195469711], [110.31000250875717, 1.4992101196882683], [110.31000250889757, 1.4992055976306635], [110.31000026222554, 1.499205597560026], [110.31000026229573, 1.4992033365312312], [110.30999801562372, 1.4992033364605868], [110.3099980156939, 1.4992010754317775], [110.3099935223499, 1.4992010752904958], [110.3099935224201, 1.499198814261685], [110.30999127574809, 1.499198814191035], [110.30999127581828, 1.4991965531622446], [110.30998902914628, 1.4991965530915978], [110.30998902921648, 1.4991942920627903], [110.30998678254447, 1.4991942919921561], [110.30998678261467, 1.4991920309633564], [110.30998228927066, 1.4991920308220497], [110.30998228934088, 1.4991897697932457], [110.30998004266887, 1.4991897697226086], [110.30998004273907, 1.4991875086937965], [110.30997779606706, 1.4991875086231587], [110.30997779613726, 1.499185247594352], [110.30997554946526, 1.4991852475237144], [110.30997554953548, 1.499182986494903], [110.30997105619147, 1.4991829863536017], [110.30997105626167, 1.4991807253248015], [110.30996880958968, 1.4991807252541642], [110.30996880965989, 1.4991784642253436], [110.30996656298791, 1.499178464154696], [110.3099665630581, 1.4991762031258888], [110.30996431638613, 1.4991762030552258], [110.30996431645633, 1.499173942026434], [110.30996206978435, 1.4991739419557866], [110.30996206985456, 1.4991716809269837], [110.30995982318257, 1.4991716808563205], [110.30995982339319, 1.4991648977699161], [110.3099575767212, 1.4991648976992686], [110.30995757686162, 1.499160375641662], [110.30995533018965, 1.4991603755710017], [110.30995533025985, 1.4991581145422093], [110.3099508369159, 1.499158114400886], [110.30995083698609, 1.4991558533720915], [110.30994859031415, 1.4991558533014215], [110.30994859038434, 1.4991535922726227], [110.3099440970404, 1.4991535921313122], [110.30994409711062, 1.4991513311024962], [110.30993960376668, 1.499151330961173], [110.30993960369648, 1.4991535919899797], [110.30994185036843, 1.4991535920606396], [110.30994185029822, 1.499155853089451], [110.3099440969702, 1.4991558531601115], [110.30994409689998, 1.4991581141889057], [110.30994634357197, 1.4991581142595787], [110.30994634350175, 1.499160375288368], [110.30994859017372, 1.499160375359031], [110.30994859010349, 1.4991626363878288], [110.30995083677547, 1.499162636458489], [110.30995083670528, 1.499164897487298], [110.30995308337725, 1.499164897557958], [110.30995308323682, 1.499169419615555], [110.3099553299088, 1.4991694196862124], [110.30995532955777, 1.4991807248301983], [110.30995757622975, 1.4991807249008517], [110.30995757615953, 1.499182985929652], [110.30996206950351, 1.4991829860709847], [110.3099620694333, 1.4991852470997735], [110.30996880944927, 1.4991852473117406], [110.30996880937907, 1.4991875083405384], [110.30997330272307, 1.4991875084818487], [110.30997330265286, 1.499189769510641], [110.30997779599686, 1.4991897696519514], [110.30997779592666, 1.4991920306807525], [110.30998004259865, 1.4991920307514028], [110.30998004252845, 1.4991942917801988], [110.30998228920045, 1.4991942918508556], [110.30998228913026, 1.49919655287965], [110.30998453580227, 1.4991965529502878], [110.30998453573206, 1.4991988139790906], [110.30998902907608, 1.4991988141203973], [110.30998902900588, 1.4992010751491989], [110.30999127567789, 1.4992010752198426], [110.30999127560769, 1.4992033362486523], [110.3099935222797, 1.4992033363192865], [110.3099935222095, 1.4992055973480785], [110.3099957688815, 1.4992055974187286], [110.3099957688113, 1.4992078584475386], [110.30999801548333, 1.499207858518176], [110.30999801541313, 1.4992101195469711]]]}}, {"type": "Feature", "properties": {"height": 0.5, "depth": 0.5, "timestep": "1130", "timestep_label": "11:30"}, "geometry": {"type": "Polygon", "coordinates": [[[110.31041141020934, 1.4989795075674277], [110.31041365688137, 1.498979507637752], [110.31041365695125, 1.4989772466087108], [110.31041590362328, 1.4989772466790257], [110.31041590376303, 1.498972724620941], [110.31041815043507, 1.4989727246912659], [110.3104181506447, 1.4989659416041201], [110.31041590397268, 1.4989659415337828], [110.31041590411242, 1.4989614194756762], [110.31040691742437, 1.4989614191943745], [110.31040691749425, 1.4989591581653317], [110.31040467082222, 1.4989591580949937], [110.31040467089211, 1.4989568970659501], [110.3104024242201, 1.4989568969956348], [110.31040242428999, 1.4989546359665633], [110.31040017761798, 1.498954635896249], [110.31040017768785, 1.4989523748671953], [110.31039793101584, 1.4989523747968674], [110.31039793115562, 1.4989478527387625], [110.31039568448362, 1.4989478526684281], [110.31039568455348, 1.4989455916393861], [110.31039343788149, 1.4989455915690517], [110.31039343795138, 1.4989433305400055], [110.31039119127938, 1.498943330469668], [110.31039119134925, 1.4989410694406229], [110.31038894467726, 1.4989410693702852], [110.31038894481702, 1.4989365473121778], [110.31038669814504, 1.4989365472418408], [110.31038669821493, 1.498934286212785], [110.31038445154293, 1.4989342861424475], [110.3103844516128, 1.4989320251133964], [110.31038220494081, 1.4989320250430689], [110.31038220515047, 1.498925241955901], [110.31037771180651, 1.4989252418152257], [110.31037771187638, 1.498922980786185], [110.31037321853242, 1.498922980645513], [110.31037321846254, 1.4989252416745729], [110.31037097179055, 1.4989252416042356], [110.31037097165077, 1.4989297636623422], [110.31036872497879, 1.4989297635920042], [110.31036872483901, 1.4989342856500976], [110.31036647816701, 1.4989342855797603], [110.31036647802723, 1.4989388076378574], [110.31036423135525, 1.4989388075675105], [110.31036423121544, 1.4989433296255952], [110.31036198454346, 1.4989433295552546], [110.31036198440366, 1.49894785161334], [110.31035973773166, 1.4989478515429897], [110.31035973759185, 1.498952373601057], [110.31035749091986, 1.4989523735307229], [110.31035749071016, 1.4989591566178209], [110.31035973738214, 1.4989591566881715], [110.31035973731224, 1.498961417717202], [110.31036198398424, 1.498961417787571], [110.31036198391433, 1.4989636788165899], [110.31036423058634, 1.498963678886953], [110.31036423051643, 1.498965939915996], [110.31036647718844, 1.4989659399863362], [110.31036647711852, 1.4989682010153689], [110.31036872379053, 1.4989682010857284], [110.31036872372063, 1.498970462114765], [110.31037097039264, 1.4989704621851156], [110.31037097032272, 1.4989727232141445], [110.31037321699473, 1.4989727232844918], [110.31037321692483, 1.4989749843135383], [110.31037546359686, 1.4989749843838729], [110.31037546352694, 1.4989772454129047], [110.31038220354296, 1.498977245623974], [110.31038220361287, 1.4989749845949267], [110.3104091636771, 1.4989749854389878], [110.3104091636072, 1.498977246468036], [110.31041141027923, 1.4989772465383735], [110.31041141020934, 1.4989795075674277]]]}}, {"type": "Feature", "properties": {"height": 0.5, "depth": 0.5, "timestep": "1130", "timestep_label": "11:30"}, "geometry": {"type": "Polygon", "coordinates": [[[110.31146285723229, 1.4988348344565514], [110.31146735057688, 1.4988348345958933], [110.3114673514768, 1.4988054412127279], [110.3114381447372, 1.4988054403070072], [110.31143814480644, 1.4988031792775294], [110.31141792475603, 1.498803178650381], [110.31141792468678, 1.4988054396798391], [110.31141567801453, 1.498805439610151], [110.31141567794528, 1.4988077006396174], [110.31141792461756, 1.4988077007093061], [110.3114179244098, 1.4988144837976962], [110.31141567773751, 1.4988144837280044], [110.311415677322, 1.498828049904743], [110.31142017066657, 1.4988280500441358], [110.31142017073581, 1.4988257890146925], [110.31142466408036, 1.4988257891540693], [110.31142466414961, 1.4988235281246214], [110.31142915749419, 1.498823528264001], [110.31142915742494, 1.4988257892934493], [110.31143814411406, 1.4988257895722195], [110.3114381440448, 1.4988280506016785], [110.31144713073394, 1.498828050880413], [110.3114471306647, 1.498830311909878], [110.31145387068158, 1.4988303121189084], [110.31145387061234, 1.4988325731483811], [110.31146285730152, 1.498832573427093], [110.31146285723229, 1.4988348344565514]]]}}, {"type": "Feature", "properties": {"height": 0.5, "depth": 0.5, "timestep": "1130", "timestep_label": "11:30"}, "geometry": {"type": "Polygon", "coordinates": [[[110.3116088890659, 1.4988958867791928], [110.31161113573827, 1.4988958868488078], [110.31161113580744, 1.4988936258193029], [110.31160888913506, 1.4988936257497016], [110.3116088890659, 1.4988958867791928]]]}}, {"type": "Feature", "properties": {"height": 0.5, "depth": 0.5, "timestep": "1130", "timestep_label": "11:30"}, "geometry": {"type": "Polygon", "coordinates": [[[110.31159540937749, 1.4988845812140723], [110.31159990272222, 1.498884581353302], [110.3115999027914, 1.4988823203238153], [110.31159540944667, 1.498882320184586], [110.31159540937749, 1.4988845812140723]]]}}, {"type": "Feature", "properties": {"height": 0.5, "depth": 0.5, "timestep": "1130", "timestep_label": "11:30"}, "geometry": {"type": "Polygon", "coordinates": [[[110.31166056370606, 1.4988574508781536], [110.31166281037844, 1.4988574509477168], [110.31166281051668, 1.4988529288886723], [110.3116605638443, 1.4988529288191093], [110.3116605641899, 1.49884162367147], [110.31165157750044, 1.4988416233932094], [110.31165157756958, 1.4988393623636889], [110.31164933089723, 1.4988393622941119], [110.31164933082809, 1.4988416233236455], [110.31165157750044, 1.4988416233932094], [110.3116515773622, 1.4988461454522553], [110.31165382403456, 1.4988461455218414], [110.31165382396544, 1.4988484065513545], [110.31165607063781, 1.4988484066209318], [110.31165607056869, 1.498850667650452], [110.31165831724105, 1.4988506677200126], [110.31165831710281, 1.498855189779057], [110.31166056377518, 1.4988551898486429], [110.31166056370606, 1.4988574508781536]]]}}, {"type": "Feature", "properties": {"height": 0.5, "depth": 0.5, "timestep": "1130", "timestep_label": "11:30"}, "geometry": {"type": "Polygon", "coordinates": [[[110.31152801017564, 1.4988529247124538], [110.31153025684794, 1.4988529247820848], [110.31153025691714, 1.498850663752606], [110.31153475026179, 1.4988506638918841], [110.311534750331, 1.4988484028623916], [110.31153924367565, 1.4988484030016789], [110.31153924374483, 1.498846141972194], [110.31154373708952, 1.4988461421114498], [110.3115437371587, 1.4988438810819602], [110.31154823050335, 1.4988438812212157], [110.31154823057254, 1.4988416201917187], [110.3115527239172, 1.4988416203309836], [110.31155272398638, 1.498839359301491], [110.31155721733104, 1.4988393594407339], [110.3115572174002, 1.4988370984112283], [110.31156171074488, 1.4988370985504706], [110.31156171081406, 1.4988348375209815], [110.31156620415871, 1.4988348376602083], [110.31156620422789, 1.4988325766307118], [110.31157069757255, 1.4988325767699326], [110.31157069764171, 1.4988303157404215], [110.31157519098637, 1.498830315879638], [110.31157519105552, 1.4988280548501418], [110.3115796844002, 1.4988280549893398], [110.31157968446934, 1.4988257939598453], [110.31158417781403, 1.4988257940990373], [110.31158417795233, 1.4988212720400123], [110.31157519126302, 1.4988212717616036], [110.31157519153966, 1.4988122276435671], [110.31154373812724, 1.4988122266689994], [110.31154373819642, 1.4988099656395015], [110.31153924485182, 1.498809965500252], [110.31153924450591, 1.4988212706477648], [110.31150329774896, 1.4988212695335934], [110.31150329816417, 1.4988077033566414], [110.31147409142442, 1.4988077024511988], [110.31147409149362, 1.4988054414217167], [110.3114673514768, 1.4988054412127279], [110.31146735057688, 1.4988348345958933], [110.31147184392148, 1.4988348347352443], [110.31147184385225, 1.498837095764714], [110.31147858386916, 1.498837095973709], [110.31147858379994, 1.4988393570031837], [110.31148757048916, 1.4988393572818408], [110.31148757041994, 1.4988416183113142], [110.31149655710917, 1.4988416185899467], [110.31149655703996, 1.4988438796194374], [110.31150329705692, 1.4988438798284072], [110.3115032969877, 1.4988461408578764], [110.31151228367698, 1.49884614113648], [110.31151228360775, 1.4988484021659547], [110.31152127029704, 1.4988484024445516], [110.31152127022784, 1.498850663474032], [110.31152801024483, 1.4988506636829662], [110.31152801017564, 1.4988529247124538]]]}}, {"type": "Feature", "properties": {"height": 1.2, "depth": 1.2, "timestep": "1130", "timestep_label": "11:30"}, "geometry": {"type": "Polygon", "coordinates": [[[110.30718503536843, 1.503797653364082], [110.30718728204212, 1.5037976534379072], [110.30718728211549, 1.5037953924122351], [110.30718952878918, 1.5037953924860439], [110.30718952937595, 1.5037773042806601], [110.3071333625342, 1.503777302434914], [110.30713336224068, 1.5037863465375447], [110.30716256899841, 1.5037863474974709], [110.30716256892505, 1.5037886085231362], [110.30717155561976, 1.5037886088184635], [110.3071715555464, 1.5037908698441274], [110.30718054224113, 1.5037908701394287], [110.30718054216777, 1.5037931311650978], [110.30718278884147, 1.503793131238913], [110.3071827887681, 1.5037953922645886], [110.30718503544179, 1.5037953923384106], [110.30718503536843, 1.503797653364082]]]}}]}